region,date,population_20_24,population_25_29,population_30_34,population_35_39,youth_population_20_39,youth_in_migration_20_24,youth_in_migration_25_29,youth_in_migration_30_34,youth_in_migration_35_39,youth_in_migration_20_39,youth_out_migration_20_24,youth_out_migration_25_29,youth_out_migration_30_34,youth_out_migration_35_39,youth_out_migration_20_39,youth_net_migration_20_24,youth_net_migration_25_29,youth_net_migration_30_34,youth_net_migration_35_39,youth_net_migration_20_39,aged_population_ratio_pct,population_65_plus,population_total,employment_insured_persons,employment_acquisitions,employment_losses,employment_net_flow,employment_insured_yoy_pct,year,month,year_month,fund_allocation_million_krw,fund_execution_million_krw,fund_execution_rate,fund_project_count,fund_job_youth_project_count,fund_settlement_service_project_count,fund_job_youth_share,fund_settlement_service_share,is_treated,region_role,post_fund_2022,did_treated_x_post,youth_net_migration_rate_per_1000,youth_in_migration_rate_per_1000,youth_out_migration_rate_per_1000,fund_allocation_per_capita_krw,fund_execution_per_capita_krw
괴산군,2017-01-01,1757.0,1443.0,1376.0,1637.0,6213.0,27.0,28.0,26.0,40.0,121.0,61.0,62.0,56.0,48.0,227.0,-34.0,-34.0,-30.0,-8.0,-106.0,30.0,11610.0,38668.0,6876.0,307.0,365.0,-58.0,,2017,1,2017-01,0.0,0.0,,0.0,0.0,0.0,0.0,0.0,1,treatment,0,0,-17.061001126669886,19.475293738934493,36.536294865604376,0.0,0.0
괴산군,2017-02-01,1723.0,1387.0,1371.0,1638.0,6119.0,33.0,18.0,30.0,33.0,114.0,70.0,63.0,40.0,36.0,209.0,-37.0,-45.0,-10.0,-3.0,-95.0,30.3,11653.0,38520.0,7126.0,501.0,245.0,256.0,,2017,2,2017-02,0.0,0.0,,0.0,0.0,0.0,0.0,0.0,1,treatment,0,0,-15.525412649125673,18.63049517895081,34.15590782807649,0.0,0.0
괴산군,2017-03-01,1719.0,1374.0,1347.0,1640.0,6080.0,37.0,31.0,27.0,25.0,120.0,55.0,50.0,39.0,28.0,172.0,-18.0,-19.0,-12.0,-3.0,-52.0,30.4,11682.0,38481.0,7177.0,421.0,358.0,63.0,,2017,3,2017-03,0.0,0.0,,0.0,0.0,0.0,0.0,0.0,1,treatment,0,0,-8.552631578947368,19.736842105263158,28.289473684210527,0.0,0.0
괴산군,2017-04-01,1705.0,1385.0,1326.0,1645.0,6061.0,22.0,24.0,26.0,23.0,95.0,34.0,30.0,38.0,22.0,124.0,-12.0,-6.0,-12.0,1.0,-29.0,30.5,11720.0,38425.0,7289.0,457.0,337.0,120.0,,2017,4,2017-04,0.0,0.0,,0.0,0.0,0.0,0.0,0.0,1,treatment,0,0,-4.784688995215311,15.67398119122257,20.45867018643788,0.0,0.0
괴산군,2017-05-01,1686.0,1387.0,1303.0,1627.0,6003.0,22.0,26.0,14.0,21.0,83.0,36.0,36.0,39.0,29.0,140.0,-14.0,-10.0,-25.0,-8.0,-57.0,30.7,11752.0,38324.0,7265.0,309.0,317.0,-8.0,,2017,5,2017-05,0.0,0.0,,0.0,0.0,0.0,0.0,0.0,1,treatment,0,0,-9.495252373813093,13.826420123271697,23.32167249708479,0.0,0.0
괴산군,2017-06-01,1663.0,1389.0,1296.0,1631.0,5979.0,12.0,21.0,28.0,18.0,79.0,33.0,32.0,25.0,22.0,112.0,-21.0,-11.0,3.0,-4.0,-33.0,30.7,11770.0,38282.0,7249.0,310.0,352.0,-42.0,,2017,6,2017-06,0.0,0.0,,0.0,0.0,0.0,0.0,0.0,1,treatment,0,0,-5.5193176116407425,13.212911858170262,18.732229469811006,0.0,0.0
괴산군,2017-07-01,1647.0,1384.0,1297.0,1620.0,5948.0,15.0,20.0,24.0,20.0,79.0,23.0,36.0,23.0,23.0,105.0,-8.0,-16.0,1.0,-3.0,-26.0,30.8,11796.0,38250.0,7301.0,321.0,294.0,27.0,,2017,7,2017-07,0.0,0.0,,0.0,0.0,0.0,0.0,0.0,1,treatment,0,0,-4.371217215870881,13.2817753866846,17.652992602555482,0.0,0.0
괴산군,2017-08-01,1629.0,1381.0,1289.0,1614.0,5913.0,11.0,18.0,25.0,24.0,78.0,26.0,36.0,26.0,25.0,113.0,-15.0,-18.0,-1.0,-1.0,-35.0,30.9,11796.0,38164.0,7303.0,303.0,310.0,-7.0,,2017,8,2017-08,0.0,0.0,,0.0,0.0,0.0,0.0,0.0,1,treatment,0,0,-5.919161170302723,13.191273465246068,19.110434635548792,0.0,0.0
괴산군,2017-09-01,1629.0,1374.0,1293.0,1595.0,5891.0,16.0,16.0,24.0,11.0,67.0,28.0,27.0,19.0,25.0,99.0,-12.0,-11.0,5.0,-14.0,-32.0,31.0,11805.0,38136.0,7308.0,323.0,344.0,-21.0,,2017,9,2017-09,0.0,0.0,,0.0,0.0,0.0,0.0,0.0,1,treatment,0,0,-5.43201493804108,11.37328127652351,16.80529621456459,0.0,0.0
괴산군,2017-10-01,1624.0,1374.0,1294.0,1583.0,5875.0,24.0,19.0,21.0,25.0,89.0,28.0,19.0,21.0,34.0,102.0,-4.0,0.0,0.0,-9.0,-13.0,31.0,11820.0,38083.0,7428.0,327.0,210.0,117.0,,2017,10,2017-10,0.0,0.0,,0.0,0.0,0.0,0.0,0.0,1,treatment,0,0,-2.2127659574468086,15.148936170212766,17.361702127659573,0.0,0.0
괴산군,2017-11-01,1905.0,1387.0,1285.0,1584.0,6161.0,298.0,40.0,32.0,43.0,413.0,19.0,38.0,28.0,39.0,124.0,279.0,2.0,4.0,4.0,289.0,30.7,11841.0,38594.0,7554.0,449.0,303.0,146.0,,2017,11,2017-11,0.0,0.0,,0.0,0.0,0.0,0.0,0.0,1,treatment,0,0,46.90796948547314,67.03457230968999,20.12660282421685,0.0,0.0
괴산군,2017-12-01,2046.0,1413.0,1294.0,1596.0,6349.0,166.0,73.0,43.0,57.0,339.0,46.0,51.0,29.0,45.0,171.0,120.0,22.0,14.0,12.0,168.0,30.5,11898.0,39054.0,7326.0,269.0,524.0,-255.0,,2017,12,2017-12,0.0,0.0,,0.0,0.0,0.0,0.0,0.0,1,treatment,0,0,26.460859977949283,53.39423531264766,26.93337533469838,0.0,0.0
괴산군,2018-01-01,1992.0,1369.0,1262.0,1579.0,6202.0,19.0,23.0,18.0,27.0,87.0,84.0,71.0,35.0,43.0,233.0,-65.0,-48.0,-17.0,-16.0,-146.0,30.7,11894.0,38765.0,7242.0,461.0,544.0,-83.0,5.322862129144856,2018,1,2018-01,0.0,0.0,,0.0,0.0,0.0,0.0,0.0,1,treatment,0,0,-23.540793292486295,14.027732989358272,37.56852628184457,0.0,0.0
괴산군,2018-02-01,1961.0,1366.0,1244.0,1568.0,6139.0,23.0,25.0,12.0,22.0,82.0,64.0,41.0,26.0,35.0,166.0,-41.0,-16.0,-14.0,-13.0,-84.0,30.8,11906.0,38631.0,7447.0,467.0,281.0,186.0,4.504630928992426,2018,2,2018-02,0.0,0.0,,0.0,0.0,0.0,0.0,0.0,1,treatment,0,0,-13.683010262257696,13.357224303632513,27.04023456589021,0.0,0.0
괴산군,2018-03-01,1949.0,1350.0,1238.0,1550.0,6087.0,19.0,17.0,26.0,24.0,86.0,54.0,41.0,32.0,33.0,160.0,-35.0,-24.0,-6.0,-9.0,-74.0,30.9,11924.0,38542.0,7562.0,462.0,368.0,94.0,5.364358367005706,2018,3,2018-03,0.0,0.0,,0.0,0.0,0.0,0.0,0.0,1,treatment,0,0,-12.15705602102842,14.128470510924922,26.285526531953344,0.0,0.0
괴산군,2018-04-01,1943.0,1369.0,1245.0,1558.0,6115.0,21.0,40.0,31.0,35.0,127.0,32.0,35.0,19.0,23.0,109.0,-11.0,5.0,12.0,12.0,18.0,30.9,11915.0,38500.0,7675.0,484.0,282.0,202.0,5.295650980930167,2018,4,2018-04,0.0,0.0,,0.0,0.0,0.0,0.0,0.0,1,treatment,0,0,2.9435813573180702,20.768601798855276,17.825020441537205,0.0,0.0
괴산군,2018-05-01,1952.0,1362.0,1231.0,1558.0,6103.0,20.0,25.0,12.0,29.0,86.0,36.0,37.0,29.0,22.0,124.0,-16.0,-12.0,-17.0,7.0,-38.0,31.1,11946.0,38443.0,7663.0,293.0,339.0,-46.0,5.478320715760487,2018,5,2018-05,0.0,0.0,,0.0,0.0,0.0,0.0,0.0,1,treatment,0,0,-6.226446010158938,14.091430444043914,20.31787645420285,0.0,0.0
괴산군,2018-06-01,1934.0,1358.0,1216.0,1543.0,6051.0,12.0,15.0,15.0,17.0,59.0,46.0,25.0,25.0,26.0,122.0,-34.0,-10.0,-10.0,-9.0,-63.0,31.2,11949.0,38329.0,7599.0,314.0,411.0,-97.0,4.828252172713476,2018,6,2018-06,0.0,0.0,,0.0,0.0,0.0,0.0,0.0,1,treatment,0,0,-10.411502231036192,9.750454470335482,20.161956701371675,0.0,0.0
괴산군,2018-07-01,1923.0,1356.0,1198.0,1524.0,6001.0,25.0,27.0,14.0,19.0,85.0,50.0,37.0,25.0,30.0,142.0,-25.0,-10.0,-11.0,-11.0,-57.0,31.3,11971.0,38245.0,7593.0,353.0,396.0,-43.0,3.999452129845227,2018,7,2018-07,0.0,0.0,,0.0,0.0,0.0,0.0,0.0,1,treatment,0,0,-9.498416930511581,14.164305949008499,23.66272287952008,0.0,0.0
괴산군,2018-08-01,1905.0,1348.0,1199.0,1522.0,5974.0,25.0,25.0,19.0,16.0,85.0,60.0,32.0,22.0,13.0,127.0,-35.0,-7.0,-3.0,3.0,-42.0,31.4,11982.0,38159.0,7618.0,330.0,302.0,28.0,4.313295905792147,2018,8,2018-08,0.0,0.0,,0.0,0.0,0.0,0.0,0.0,1,treatment,0,0,-7.030465349849347,14.228322731837965,21.25878808168731,0.0,0.0
괴산군,2018-09-01,1897.0,1324.0,1190.0,1506.0,5917.0,13.0,13.0,14.0,15.0,55.0,30.0,35.0,22.0,31.0,118.0,-17.0,-22.0,-8.0,-16.0,-63.0,31.5,12001.0,38050.0,7697.0,386.0,291.0,95.0,5.322933771209626,2018,9,2018-09,0.0,0.0,,0.0,0.0,0.0,0.0,0.0,1,treatment,0,0,-10.647287476761873,9.295250971776237,19.94253844853811,0.0,0.0
괴산군,2018-10-01,1888.0,1336.0,1185.0,1503.0,5912.0,20.0,36.0,26.0,24.0,106.0,26.0,38.0,29.0,24.0,117.0,-6.0,-2.0,-3.0,0.0,-11.0,31.6,12006.0,38022.0,7790.0,372.0,289.0,83.0,4.8734518039849295,2018,10,2018-10,0.0,0.0,,0.0,0.0,0.0,0.0,0.0,1,treatment,0,0,-1.8606224627875507,17.929634641407308,19.790257104194858,0.0,0.0
괴산군,2018-11-01,1949.0,1364.0,1202.0,1510.0,6025.0,85.0,63.0,45.0,46.0,239.0,38.0,39.0,27.0,40.0,144.0,47.0,24.0,18.0,6.0,95.0,31.4,12043.0,38316.0,7972.0,518.0,312.0,206.0,5.533492189568445,2018,11,2018-11,0.0,0.0,,0.0,0.0,0.0,0.0,0.0,1,treatment,0,0,15.767634854771785,39.66804979253112,23.900414937759336,0.0,0.0
괴산군,2018-12-01,2092.0,1437.0,1261.0,1566.0,6356.0,180.0,115.0,89.0,97.0,481.0,61.0,43.0,32.0,34.0,170.0,119.0,72.0,57.0,63.0,311.0,30.9,12103.0,39133.0,7880.0,396.0,506.0,-110.0,7.562107562107556,2018,12,2018-12,0.0,0.0,,0.0,0.0,0.0,0.0,0.0,1,treatment,0,0,48.93014474512272,75.67652611705475,26.74638137193203,0.0,0.0
괴산군,2019-01-01,2018.0,1383.0,1223.0,1529.0,6153.0,38.0,25.0,21.0,23.0,107.0,125.0,87.0,61.0,49.0,322.0,-87.0,-62.0,-40.0,-26.0,-215.0,31.3,12085.0,38586.0,7712.0,578.0,774.0,-196.0,6.489919911626618,2019,1,2019-01,0.0,0.0,,0.0,0.0,0.0,0.0,0.0,1,treatment,0,0,-34.942304566877944,17.38989111002763,52.33219567690558,0.0,0.0
괴산군,2019-02-01,1968.0,1354.0,1207.0,1524.0,6053.0,36.0,22.0,15.0,24.0,97.0,81.0,57.0,26.0,38.0,202.0,-45.0,-35.0,-11.0,-14.0,-105.0,31.6,12111.0,38369.0,7870.0,434.0,288.0,146.0,5.680139653551763,2019,2,2019-02,0.0,0.0,,0.0,0.0,0.0,0.0,0.0,1,treatment,0,0,-17.34677019659673,16.025111514951263,33.37188171154799,0.0,0.0
괴산군,2019-03-01,1936.0,1356.0,1190.0,1519.0,6001.0,32.0,25.0,22.0,25.0,104.0,59.0,43.0,30.0,31.0,163.0,-27.0,-18.0,-8.0,-6.0,-59.0,31.8,12166.0,38240.0,7952.0,523.0,417.0,106.0,5.157365776249678,2019,3,2019-03,0.0,0.0,,0.0,0.0,0.0,0.0,0.0,1,treatment,0,0,-9.831694717547075,17.330444925845693,27.162139643392766,0.0,0.0
괴산군,2019-04-01,1916.0,1343.0,1176.0,1503.0,5938.0,24.0,23.0,15.0,19.0,81.0,48.0,48.0,28.0,25.0,149.0,-24.0,-25.0,-13.0,-6.0,-68.0,32.0,12192.0,38133.0,8091.0,558.0,405.0,153.0,5.420195439739417,2019,4,2019-04,0.0,0.0,,0.0,0.0,0.0,0.0,0.0,1,treatment,0,0,-11.451667228022904,13.640956551027282,25.092623779050186,0.0,0.0
괴산군,2019-05-01,1886.0,1325.0,1179.0,1489.0,5879.0,15.0,12.0,20.0,24.0,71.0,49.0,30.0,23.0,30.0,132.0,-34.0,-18.0,-3.0,-6.0,-61.0,32.1,12203.0,37993.0,8013.0,351.0,445.0,-94.0,4.567401800861282,2019,5,2019-05,0.0,0.0,,0.0,0.0,0.0,0.0,0.0,1,treatment,0,0,-10.375914271134548,12.076883823779553,22.4527980949141,0.0,0.0
괴산군,2019-06-01,1874.0,1323.0,1175.0,1486.0,5858.0,15.0,23.0,15.0,23.0,76.0,23.0,33.0,17.0,22.0,95.0,-8.0,-10.0,-2.0,1.0,-19.0,32.3,12249.0,37966.0,8124.0,445.0,354.0,91.0,6.908803789972362,2019,6,2019-06,0.0,0.0,,0.0,0.0,0.0,0.0,0.0,1,treatment,0,0,-3.2434277910549674,12.97371116421987,16.217138955274837,0.0,0.0
괴산군,2019-07-01,1855.0,1325.0,1168.0,1477.0,5825.0,15.0,25.0,21.0,17.0,78.0,35.0,34.0,17.0,18.0,104.0,-20.0,-9.0,4.0,-1.0,-26.0,32.3,12264.0,37916.0,8127.0,484.0,474.0,10.0,7.032793362307399,2019,7,2019-07,0.0,0.0,,0.0,0.0,0.0,0.0,0.0,1,treatment,0,0,-4.463519313304721,13.390557939914164,17.854077253218883,0.0,0.0
괴산군,2019-08-01,1849.0,1310.0,1149.0,1492.0,5800.0,14.0,23.0,18.0,23.0,78.0,27.0,42.0,22.0,17.0,108.0,-13.0,-19.0,-4.0,6.0,-30.0,32.5,12314.0,37860.0,8121.0,293.0,284.0,9.0,6.602782882646374,2019,8,2019-08,0.0,0.0,,0.0,0.0,0.0,0.0,0.0,1,treatment,0,0,-5.172413793103448,13.448275862068966,18.620689655172413,0.0,0.0
괴산군,2019-09-01,1862.0,1305.0,1148.0,1486.0,5801.0,43.0,27.0,17.0,21.0,108.0,35.0,35.0,15.0,16.0,101.0,8.0,-8.0,2.0,5.0,7.0,32.6,12339.0,37875.0,8234.0,427.0,324.0,103.0,6.976744186046502,2019,9,2019-09,0.0,0.0,,0.0,0.0,0.0,0.0,0.0,1,treatment,0,0,1.2066885019824167,18.617479744871574,17.410791242889157,0.0,0.0
괴산군,2019-10-01,1878.0,1316.0,1156.0,1484.0,5834.0,41.0,48.0,39.0,39.0,167.0,35.0,40.0,26.0,30.0,131.0,6.0,8.0,13.0,9.0,36.0,32.6,12381.0,37968.0,8281.0,406.0,339.0,67.0,6.302952503209247,2019,10,2019-10,0.0,0.0,,0.0,0.0,0.0,0.0,0.0,1,treatment,0,0,6.170723345903325,28.625299965718202,22.45457661981488,0.0,0.0
괴산군,2019-11-01,1907.0,1391.0,1176.0,1491.0,5965.0,94.0,86.0,56.0,51.0,287.0,47.0,33.0,32.0,32.0,144.0,47.0,53.0,24.0,19.0,143.0,32.4,12422.0,38312.0,8317.0,372.0,323.0,49.0,4.327646763672854,2019,11,2019-11,0.0,0.0,,0.0,0.0,0.0,0.0,0.0,1,treatment,0,0,23.973176865046103,48.113998323554064,24.140821458507965,0.0,0.0
괴산군,2019-12-01,2010.0,1479.0,1225.0,1532.0,6246.0,164.0,139.0,87.0,106.0,496.0,67.0,55.0,37.0,53.0,212.0,97.0,84.0,50.0,53.0,284.0,32.0,12527.0,39163.0,8204.0,266.0,403.0,-137.0,4.111675126903558,2019,12,2019-12,0.0,0.0,,0.0,0.0,0.0,0.0,0.0,1,treatment,0,0,45.46910022414345,79.41082292667308,33.94172270252962,0.0,0.0
괴산군,2020-01-01,1922.0,1408.0,1180.0,1480.0,5990.0,33.0,37.0,21.0,19.0,110.0,124.0,114.0,55.0,64.0,357.0,-91.0,-77.0,-34.0,-45.0,-247.0,32.6,12536.0,38451.0,8098.0,655.0,757.0,-102.0,5.005186721991706,2020,1,2020-01,0.0,0.0,,0.0,0.0,0.0,0.0,0.0,1,treatment,0,0,-41.235392320534224,18.363939899833056,59.59933222036728,0.0,0.0
괴산군,2020-02-01,1850.0,1360.0,1162.0,1456.0,5828.0,20.0,26.0,20.0,22.0,88.0,88.0,84.0,41.0,35.0,248.0,-68.0,-58.0,-21.0,-13.0,-160.0,33.0,12603.0,38185.0,8396.0,554.0,272.0,282.0,6.683608640406602,2020,2,2020-02,0.0,0.0,,0.0,0.0,0.0,0.0,0.0,1,treatment,0,0,-27.45367192862045,15.09951956074125,42.5531914893617,0.0,0.0
괴산군,2020-03-01,1773.0,1338.0,1145.0,1412.0,5668.0,24.0,19.0,19.0,19.0,81.0,104.0,55.0,36.0,46.0,241.0,-80.0,-36.0,-17.0,-27.0,-160.0,33.5,12678.0,37896.0,8500.0,557.0,446.0,111.0,6.8913480885311795,2020,3,2020-03,0.0,0.0,,0.0,0.0,0.0,0.0,0.0,1,treatment,0,0,-28.228652081863093,14.29075511644319,42.51940719830628,0.0,0.0
괴산군,2020-04-01,1705.0,1323.0,1117.0,1402.0,5547.0,13.0,28.0,12.0,15.0,68.0,86.0,47.0,45.0,27.0,205.0,-73.0,-19.0,-33.0,-12.0,-137.0,33.7,12693.0,37694.0,8567.0,389.0,304.0,85.0,5.883079965393656,2020,4,2020-04,0.0,0.0,,0.0,0.0,0.0,0.0,0.0,1,treatment,0,0,-24.698034973859745,12.258878673156662,36.95691364701641,0.0,0.0
괴산군,2020-05-01,1676.0,1287.0,1116.0,1374.0,5453.0,19.0,27.0,24.0,24.0,94.0,68.0,64.0,28.0,34.0,194.0,-49.0,-37.0,-4.0,-10.0,-100.0,33.9,12736.0,37566.0,8585.0,415.0,395.0,20.0,7.138400099837772,2020,5,2020-05,0.0,0.0,,0.0,0.0,0.0,0.0,0.0,1,treatment,0,0,-18.338529249954153,17.238217494956903,35.576746744911055,0.0,0.0
괴산군,2020-06-01,1641.0,1283.0,1116.0,1376.0,5416.0,17.0,30.0,25.0,23.0,95.0,39.0,48.0,25.0,27.0,139.0,-22.0,-18.0,0.0,-4.0,-44.0,34.0,12745.0,37493.0,8662.0,420.0,367.0,53.0,6.622353520433277,2020,6,2020-06,0.0,0.0,,0.0,0.0,0.0,0.0,0.0,1,treatment,0,0,-8.124076809453472,17.540620384047266,25.66469719350074,0.0,0.0
괴산군,2020-07-01,1622.0,1274.0,1098.0,1349.0,5343.0,22.0,23.0,14.0,16.0,75.0,38.0,38.0,33.0,27.0,136.0,-16.0,-15.0,-19.0,-11.0,-61.0,34.2,12776.0,37357.0,8692.0,385.0,367.0,18.0,6.952134859111614,2020,7,2020-07,0.0,0.0,,0.0,0.0,0.0,0.0,0.0,1,treatment,0,0,-11.416807037244993,14.03705783267827,25.453864869923265,0.0,0.0
괴산군,2020-08-01,1630.0,1275.0,1083.0,1328.0,5316.0,35.0,25.0,10.0,17.0,87.0,42.0,28.0,21.0,28.0,119.0,-7.0,-3.0,-11.0,-11.0,-32.0,34.3,12806.0,37354.0,8851.0,451.0,335.0,116.0,8.989040758527267,2020,8,2020-08,0.0,0.0,,0.0,0.0,0.0,0.0,0.0,1,treatment,0,0,-6.019563581640331,16.36568848758465,22.385252069224983,0.0,0.0
괴산군,2020-09-01,1615.0,1285.0,1088.0,1327.0,5315.0,24.0,42.0,24.0,20.0,110.0,39.0,35.0,26.0,17.0,117.0,-15.0,7.0,-2.0,3.0,-7.0,34.3,12826.0,37368.0,8755.0,473.0,392.0,81.0,6.327422880738398,2020,9,2020-09,0.0,0.0,,0.0,0.0,0.0,0.0,0.0,1,treatment,0,0,-1.317027281279398,20.696142991533396,22.013170272812793,0.0,0.0
괴산군,2020-10-01,1604.0,1279.0,1095.0,1328.0,5306.0,30.0,26.0,25.0,31.0,112.0,38.0,38.0,25.0,22.0,123.0,-8.0,-12.0,0.0,9.0,-11.0,34.4,12882.0,37447.0,8873.0,441.0,314.0,127.0,7.148895060982974,2020,10,2020-10,0.0,0.0,,0.0,0.0,0.0,0.0,0.0,1,treatment,0,0,-2.0731247644176403,21.108179419525065,23.181304183942707,0.0,0.0
괴산군,2020-11-01,1621.0,1326.0,1113.0,1328.0,5388.0,66.0,56.0,40.0,42.0,204.0,30.0,32.0,24.0,26.0,112.0,36.0,24.0,16.0,16.0,92.0,34.3,12939.0,37671.0,8929.0,394.0,377.0,17.0,7.358422508115914,2020,11,2020-11,0.0,0.0,,0.0,0.0,0.0,0.0,0.0,1,treatment,0,0,17.074981440237565,37.8619153674833,20.78693392724573,0.0,0.0
괴산군,2020-12-01,1797.0,1511.0,1189.0,1441.0,5938.0,245.0,238.0,123.0,153.0,759.0,71.0,59.0,40.0,49.0,219.0,174.0,179.0,83.0,104.0,540.0,33.4,13157.0,39393.0,8722.0,372.0,558.0,-186.0,6.3139931740614275,2020,12,2020-12,0.0,0.0,,0.0,0.0,0.0,0.0,0.0,1,treatment,0,0,90.93971034018188,127.82081508925565,36.881104749073764,0.0,0.0
괴산군,2021-01-01,1651.0,1411.0,1137.0,1356.0,5555.0,23.0,25.0,25.0,32.0,105.0,164.0,128.0,87.0,109.0,488.0,-141.0,-103.0,-62.0,-77.0,-383.0,34.2,13113.0,38338.0,8581.0,637.0,790.0,-153.0,5.964435663126699,2021,1,2021-01,0.0,0.0,,0.0,0.0,0.0,0.0,0.0,1,treatment,0,0,-68.94689468946895,18.901890189018903,87.84878487848785,0.0,0.0
괴산군,2021-02-01,1580.0,1383.0,1104.0,1331.0,5398.0,17.0,27.0,21.0,24.0,89.0,90.0,56.0,50.0,42.0,238.0,-73.0,-29.0,-29.0,-18.0,-149.0,34.6,13145.0,38009.0,8868.0,527.0,290.0,237.0,5.62172463077657,2021,2,2021-02,0.0,0.0,,0.0,0.0,0.0,0.0,0.0,1,treatment,0,0,-27.602815857725084,16.48758799555391,44.09040385327899,0.0,0.0
괴산군,2021-03-01,1513.0,1378.0,1086.0,1310.0,5287.0,19.0,33.0,24.0,26.0,102.0,73.0,53.0,36.0,30.0,192.0,-54.0,-20.0,-12.0,-4.0,-90.0,34.8,13134.0,37688.0,8976.0,606.0,473.0,133.0,5.600000000000005,2021,3,2021-03,0.0,0.0,,0.0,0.0,0.0,0.0,0.0,1,treatment,0,0,-17.022886324947986,19.292604501607716,36.3154908265557,0.0,0.0
괴산군,2021-04-01,1482.0,1359.0,1071.0,1298.0,5210.0,12.0,15.0,22.0,22.0,71.0,46.0,37.0,36.0,30.0,149.0,-34.0,-22.0,-14.0,-8.0,-78.0,35.0,13156.0,37567.0,9105.0,524.0,368.0,156.0,6.279911287498541,2021,4,2021-04,0.0,0.0,,0.0,0.0,0.0,0.0,0.0,1,treatment,0,0,-14.971209213051823,13.62763915547025,28.598848368522074,0.0,0.0
괴산군,2021-05-01,1459.0,1336.0,1068.0,1285.0,5148.0,11.0,17.0,15.0,16.0,59.0,45.0,45.0,18.0,21.0,129.0,-34.0,-28.0,-3.0,-5.0,-70.0,35.2,13189.0,37442.0,9067.0,361.0,384.0,-23.0,5.6144437973209005,2021,5,2021-05,0.0,0.0,,0.0,0.0,0.0,0.0,0.0,1,treatment,0,0,-13.597513597513597,11.46076146076146,25.058275058275058,0.0,0.0
괴산군,2021-06-01,1454.0,1300.0,1062.0,1269.0,5085.0,19.0,23.0,18.0,20.0,80.0,36.0,51.0,32.0,29.0,148.0,-17.0,-28.0,-14.0,-9.0,-68.0,35.4,13203.0,37337.0,9068.0,397.0,397.0,0.0,4.687139228815518,2021,6,2021-06,0.0,0.0,,0.0,0.0,0.0,0.0,0.0,1,treatment,0,0,-13.372664700098328,15.732546705998033,29.105211406096362,0.0,0.0
괴산군,2021-07-01,1441.0,1276.0,1040.0,1250.0,5007.0,18.0,14.0,19.0,11.0,62.0,36.0,40.0,37.0,33.0,146.0,-18.0,-26.0,-18.0,-22.0,-84.0,35.5,13233.0,37229.0,9174.0,469.0,412.0,57.0,5.545329038196045,2021,7,2021-07,0.0,0.0,,0.0,0.0,0.0,0.0,0.0,1,treatment,0,0,-16.77651288196525,12.38266427002197,29.15917715198722,0.0,0.0
괴산군,2021-08-01,1408.0,1247.0,1035.0,1236.0,4926.0,11.0,22.0,17.0,18.0,68.0,46.0,42.0,31.0,25.0,144.0,-35.0,-20.0,-14.0,-7.0,-76.0,35.8,13284.0,37101.0,9188.0,351.0,314.0,37.0,3.807479380860923,2021,8,2021-08,0.0,0.0,,0.0,0.0,0.0,0.0,0.0,1,treatment,0,0,-15.428339423467316,13.804303694681282,29.232643118148598,0.0,0.0
괴산군,2021-09-01,1358.0,1180.0,1022.0,1210.0,4770.0,18.0,20.0,18.0,24.0,80.0,77.0,88.0,30.0,36.0,231.0,-59.0,-68.0,-12.0,-12.0,-151.0,36.1,13306.0,36880.0,9250.0,445.0,386.0,59.0,5.653912050257004,2021,9,2021-09,0.0,0.0,,0.0,0.0,0.0,0.0,0.0,1,treatment,0,0,-31.656184486373167,16.771488469601678,48.42767295597484,0.0,0.0
괴산군,2021-10-01,1342.0,1164.0,1012.0,1205.0,4723.0,16.0,33.0,16.0,24.0,89.0,38.0,46.0,24.0,23.0,131.0,-22.0,-13.0,-8.0,1.0,-42.0,36.2,13330.0,36843.0,9239.0,366.0,350.0,16.0,4.12487321086441,2021,10,2021-10,0.0,0.0,,0.0,0.0,0.0,0.0,0.0,1,treatment,0,0,-8.89265297480415,18.84395511327546,27.73660808807961,0.0,0.0
괴산군,2021-11-01,1349.0,1183.0,1007.0,1189.0,4728.0,41.0,51.0,26.0,29.0,147.0,37.0,33.0,35.0,28.0,133.0,4.0,18.0,-9.0,1.0,14.0,36.3,13390.0,36887.0,9389.0,494.0,331.0,163.0,5.151752715869629,2021,11,2021-11,0.0,0.0,,0.0,0.0,0.0,0.0,0.0,1,treatment,0,0,2.961082910321489,31.091370558375633,28.130287648054146,0.0,0.0
괴산군,2021-12-01,1464.0,1293.0,1040.0,1251.0,5048.0,150.0,156.0,79.0,102.0,487.0,33.0,55.0,44.0,28.0,160.0,117.0,101.0,35.0,74.0,327.0,35.6,13562.0,38122.0,9102.0,343.0,622.0,-279.0,4.356798899335024,2021,12,2021-12,0.0,0.0,,0.0,0.0,0.0,0.0,0.0,1,treatment,0,0,64.77812995245642,96.47385103011094,31.695721077654518,0.0,0.0
괴산군,2022-01-01,1390.0,1253.0,1020.0,1191.0,4854.0,16.0,29.0,15.0,12.0,72.0,93.0,63.0,37.0,57.0,250.0,-77.0,-34.0,-22.0,-45.0,-178.0,36.2,13569.0,37525.0,9074.0,780.0,826.0,-46.0,5.745251136231211,2022,1,2022-01,7200.0,4611.0,0.64,2.0,1.0,1.0,0.5,0.5,1,treatment,1,1,-36.670786979810465,14.833127317676144,51.50391429748661,191872.08527648234,122878.08127914724
괴산군,2022-02-01,1370.0,1220.0,1006.0,1187.0,4783.0,37.0,28.0,31.0,42.0,138.0,65.0,60.0,33.0,37.0,195.0,-28.0,-32.0,-2.0,5.0,-57.0,36.3,13587.0,37405.0,9268.0,520.0,331.0,189.0,4.510599909787993,2022,2,2022-02,7200.0,4611.0,0.64,2.0,1.0,1.0,0.5,0.5,1,treatment,1,1,-11.91720677399122,28.8521848212419,40.76939159523312,192487.6353428686,123272.28980082876
괴산군,2022-03-01,1352.0,1209.0,989.0,1172.0,4722.0,43.0,23.0,13.0,22.0,101.0,58.0,43.0,29.0,25.0,155.0,-15.0,-20.0,-16.0,-3.0,-54.0,36.5,13615.0,37323.0,9437.0,660.0,477.0,183.0,5.135918003565054,2022,3,2022-03,7200.0,4611.0,0.64,2.0,1.0,1.0,0.5,0.5,1,treatment,1,1,-11.435832274459974,21.389241846675137,32.82507412113511,192910.53773812394,123543.12354312354
괴산군,2022-04-01,1333.0,1197.0,986.0,1169.0,4685.0,21.0,18.0,18.0,20.0,77.0,35.0,30.0,31.0,15.0,111.0,-14.0,-12.0,-13.0,5.0,-34.0,36.5,13623.0,37301.0,9599.0,551.0,370.0,181.0,5.425590334980779,2022,4,2022-04,7200.0,4611.0,0.64,2.0,1.0,1.0,0.5,0.5,1,treatment,1,1,-7.257203842049093,16.435432230522945,23.69263607257204,193024.3157019919,123615.98884748398
괴산군,2022-05-01,1331.0,1175.0,990.0,1174.0,4670.0,19.0,23.0,19.0,21.0,82.0,31.0,39.0,20.0,13.0,103.0,-12.0,-16.0,-1.0,8.0,-21.0,36.6,13664.0,37323.0,9522.0,411.0,524.0,-113.0,5.018197860372786,2022,5,2022-05,7200.0,4611.0,0.64,2.0,1.0,1.0,0.5,0.5,1,treatment,1,1,-4.496788008565311,17.558886509635975,22.055674518201286,192910.53773812394,123543.12354312354
괴산군,2022-06-01,1329.0,1149.0,988.0,1159.0,4625.0,17.0,11.0,22.0,13.0,63.0,26.0,33.0,29.0,19.0,107.0,-9.0,-22.0,-7.0,-6.0,-44.0,36.7,13688.0,37262.0,9552.0,434.0,388.0,46.0,5.337450374944863,2022,6,2022-06,7200.0,4611.0,0.64,2.0,1.0,1.0,0.5,0.5,1,treatment,1,1,-9.513513513513514,13.621621621621621,23.135135135135137,193226.3431914551,123745.37061886104
괴산군,2022-07-01,1297.0,1121.0,994.0,1145.0,4557.0,11.0,17.0,17.0,14.0,59.0,48.0,36.0,18.0,19.0,121.0,-37.0,-19.0,-1.0,-5.0,-62.0,36.9,13706.0,37163.0,9596.0,492.0,441.0,51.0,4.599956398517557,2022,7,2022-07,7200.0,4611.0,0.64,2.0,1.0,1.0,0.5,0.5,1,treatment,1,1,-13.605442176870747,12.947114329602808,26.552556506473557,193741.0865645938,124075.0208540753
괴산군,2022-08-01,1289.0,1101.0,995.0,1134.0,4519.0,29.0,15.0,18.0,17.0,79.0,38.0,31.0,20.0,20.0,109.0,-9.0,-16.0,-2.0,-3.0,-30.0,37.1,13777.0,37110.0,10192.0,549.0,395.0,154.0,10.927296473661308,2022,8,2022-08,7200.0,4611.0,0.64,2.0,1.0,1.0,0.5,0.5,1,treatment,1,1,-6.638636866563399,17.48174374861695,24.12038061518035,194017.78496362167,124252.2231204527
괴산군,2022-09-01,1272.0,1101.0,987.0,1124.0,4484.0,17.0,22.0,8.0,18.0,65.0,25.0,27.0,16.0,21.0,89.0,-8.0,-5.0,-8.0,-3.0,-24.0,37.3,13787.0,37005.0,10136.0,352.0,435.0,-83.0,9.578378378378382,2022,9,2022-09,7200.0,4611.0,0.64,2.0,1.0,1.0,0.5,0.5,1,treatment,1,1,-5.352363960749331,14.495985727029439,19.848349687778768,194568.30158086744,124604.78313741386
괴산군,2022-10-01,1275.0,1094.0,988.0,1137.0,4494.0,20.0,17.0,18.0,25.0,80.0,19.0,27.0,16.0,14.0,76.0,1.0,-10.0,2.0,11.0,4.0,37.4,13864.0,37031.0,10234.0,494.0,376.0,118.0,10.769563805606674,2022,10,2022-10,7200.0,4611.0,0.64,2.0,1.0,1.0,0.5,0.5,1,treatment,1,1,0.8900756564307967,17.801513128615934,16.911437472185135,194431.69236585565,124517.29631930005
괴산군,2022-11-01,1261.0,1083.0,998.0,1130.0,4472.0,14.0,18.0,27.0,21.0,80.0,24.0,30.0,23.0,14.0,91.0,-10.0,-12.0,4.0,7.0,-11.0,37.5,13895.0,37018.0,10385.0,556.0,406.0,150.0,10.608158483331565,2022,11,2022-11,7200.0,4611.0,0.64,2.0,1.0,1.0,0.5,0.5,1,treatment,1,1,-2.4597495527728084,17.88908765652952,20.348837209302324,194499.97298611485,124561.02436652439
괴산군,2022-12-01,1247.0,1107.0,1008.0,1133.0,4495.0,20.0,38.0,30.0,28.0,116.0,31.0,21.0,17.0,17.0,86.0,-11.0,17.0,13.0,11.0,30.0,37.6,13947.0,37055.0,10115.0,400.0,638.0,-238.0,11.129422105031871,2022,12,2022-12,7200.0,4611.0,0.64,2.0,1.0,1.0,0.5,0.5,1,treatment,1,1,6.674082313681868,25.806451612903224,19.132369299221356,194305.7617055728,124436.64822561058
괴산군,2023-01-01,1236.0,1096.0,1008.0,1118.0,4458.0,25.0,24.0,22.0,20.0,91.0,35.0,29.0,29.0,21.0,114.0,-10.0,-5.0,-7.0,-1.0,-23.0,37.8,13981.0,36961.0,9944.0,778.0,940.0,-162.0,9.58783337006832,2023,1,2023-01,9600.0,1828.0,0.19,3.0,1.0,2.0,0.3333333333333333,0.6666666666666666,1,treatment,1,1,-5.15926424405563,20.41274113952445,25.57200538358008,259733.23232596522,49457.53632206921
괴산군,2023-02-01,1210.0,1086.0,1019.0,1104.0,4419.0,16.0,29.0,18.0,15.0,78.0,46.0,30.0,13.0,20.0,109.0,-30.0,-1.0,5.0,-5.0,-31.0,38.0,14037.0,36911.0,10142.0,579.0,384.0,195.0,9.430297798877852,2023,2,2023-02,9600.0,1828.0,0.19,3.0,1.0,2.0,0.3333333333333333,0.6666666666666666,1,treatment,1,1,-7.015161801312514,17.651052274270196,24.66621407558271,260085.06949147952,49524.53198233589
괴산군,2023-03-01,1190.0,1065.0,1017.0,1096.0,4368.0,28.0,17.0,17.0,11.0,73.0,43.0,44.0,19.0,24.0,130.0,-15.0,-27.0,-2.0,-13.0,-57.0,38.3,14126.0,36835.0,10435.0,794.0,515.0,279.0,10.575394722899233,2023,3,2023-03,9600.0,1828.0,0.19,3.0,1.0,2.0,0.3333333333333333,0.6666666666666666,1,treatment,1,1,-13.04945054945055,16.71245421245421,29.761904761904763,260621.69132618434,49626.71372336093
괴산군,2023-04-01,1174.0,1082.0,1001.0,1083.0,4340.0,9.0,27.0,11.0,13.0,60.0,29.0,21.0,21.0,17.0,88.0,-20.0,6.0,-10.0,-4.0,-28.0,38.5,14162.0,36779.0,10578.0,496.0,346.0,150.0,10.198979060318791,2023,4,2023-04,9600.0,1828.0,0.19,3.0,1.0,2.0,0.3333333333333333,0.6666666666666666,1,treatment,1,1,-6.451612903225806,13.824884792626728,20.276497695852534,261018.51600097882,49702.27575518638
괴산군,2023-05-01,1164.0,1083.0,1001.0,1086.0,4334.0,14.0,25.0,19.0,14.0,72.0,24.0,27.0,23.0,12.0,86.0,-10.0,-2.0,-4.0,2.0,-14.0,38.6,14184.0,36748.0,10500.0,394.0,481.0,-87.0,10.270951480781342,2023,5,2023-05,9600.0,1828.0,0.19,3.0,1.0,2.0,0.3333333333333333,0.6666666666666666,1,treatment,1,1,-3.2302722658052607,16.61282879556991,19.843101061375172,261238.706868401,49744.20376619136
괴산군,2023-06-01,1154.0,1089.0,994.0,1086.0,4323.0,14.0,30.0,12.0,22.0,78.0,19.0,35.0,19.0,15.0,88.0,-5.0,-5.0,-7.0,7.0,-10.0,38.7,14215.0,36756.0,10544.0,534.0,466.0,68.0,10.385259631490795,2023,6,2023-06,9600.0,1828.0,0.19,3.0,1.0,2.0,0.3333333333333333,0.6666666666666666,1,treatment,1,1,-2.313208420078649,18.043025676613464,20.356234096692113,261181.84786157362,49733.37686364131
괴산군,2023-07-01,1126.0,1075.0,996.0,1086.0,4283.0,12.0,15.0,22.0,17.0,66.0,28.0,31.0,24.0,19.0,102.0,-16.0,-16.0,-2.0,-2.0,-36.0,38.9,14267.0,36711.0,10613.0,457.0,409.0,48.0,10.598165902459368,2023,7,2023-07,9600.0,1828.0,0.19,3.0,1.0,2.0,0.3333333333333333,0.6666666666666666,1,treatment,1,1,-8.405323371468597,15.409759514359093,23.815082885827692,261502.00212470378,49794.33957124568
괴산군,2023-08-01,1128.0,1056.0,978.0,1067.0,4229.0,26.0,22.0,7.0,10.0,65.0,29.0,40.0,23.0,15.0,107.0,-3.0,-18.0,-16.0,-5.0,-42.0,39.1,14305.0,36625.0,10558.0,353.0,375.0,-22.0,3.5910518053375196,2023,8,2023-08,9600.0,1828.0,0.19,3.0,1.0,2.0,0.3333333333333333,0.6666666666666666,1,treatment,1,1,-9.931425868999764,15.370063844880587,25.30148971388035,262116.0409556314,49911.26279863481
괴산군,2023-09-01,1114.0,1048.0,969.0,1065.0,4196.0,17.0,15.0,7.0,14.0,53.0,22.0,31.0,13.0,17.0,83.0,-5.0,-16.0,-6.0,-3.0,-30.0,39.2,14345.0,36570.0,10468.0,345.0,425.0,-80.0,3.2754538279400114,2023,9,2023-09,9600.0,1828.0,0.19,3.0,1.0,2.0,0.3333333333333333,0.6666666666666666,1,treatment,1,1,-7.149666348903718,12.631077216396568,19.780743565300288,262510.25430680887,49986.32759092152
괴산군,2023-10-01,1117.0,1036.0,957.0,1075.0,4185.0,20.0,14.0,17.0,22.0,73.0,24.0,26.0,25.0,11.0,86.0,-4.0,-12.0,-8.0,11.0,-13.0,39.4,14409.0,36527.0,10425.0,338.0,376.0,-38.0,1.86632792651944,2023,10,2023-10,9600.0,1828.0,0.19,3.0,1.0,2.0,0.3333333333333333,0.6666666666666666,1,treatment,1,1,-3.106332138590203,17.44324970131422,20.54958183990442,262819.2843649903,50045.172064500235
괴산군,2023-11-01,1108.0,1046.0,972.0,1070.0,4196.0,19.0,42.0,29.0,24.0,114.0,24.0,26.0,21.0,18.0,89.0,-5.0,16.0,8.0,6.0,25.0,39.5,14446.0,36545.0,10390.0,497.0,504.0,-7.0,0.0481463649494529,2023,11,2023-11,9600.0,1828.0,0.19,3.0,1.0,2.0,0.3333333333333333,0.6666666666666666,1,treatment,1,1,5.958055290753098,27.16873212583413,21.21067683508103,262689.83445067727,50020.52264331646
괴산군,2023-12-01,1102.0,1054.0,974.0,1080.0,4210.0,24.0,27.0,30.0,20.0,101.0,24.0,27.0,21.0,12.0,84.0,0.0,0.0,9.0,8.0,17.0,39.6,14476.0,36590.0,10100.0,279.0,589.0,-310.0,-0.14829461196242955,2023,12,2023-12,9600.0,1828.0,0.19,3.0,1.0,2.0,0.3333333333333333,0.6666666666666666,1,treatment,1,1,4.038004750593824,23.990498812351543,19.95249406175772,262366.7668761957,49959.00519267559
괴산군,2024-01-01,1087.0,1052.0,960.0,1066.0,4165.0,18.0,34.0,25.0,18.0,95.0,33.0,38.0,36.0,29.0,136.0,-15.0,-4.0,-11.0,-11.0,-41.0,39.9,14521.0,36438.0,10153.0,757.0,948.0,-191.0,2.101769911504414,2024,1,2024-01,8000.0,1028.0,0.129,4.0,3.0,0.0,0.75,0.0,1,treatment,1,1,-9.843937575030012,22.809123649459785,32.6530612244898,219551.01816784675,28212.30583456831
괴산군,2024-02-01,1076.0,1060.0,965.0,1058.0,4159.0,28.0,46.0,24.0,21.0,119.0,51.0,28.0,15.0,27.0,121.0,-23.0,18.0,9.0,-6.0,-2.0,40.0,14553.0,36381.0,10394.0,515.0,329.0,186.0,2.4847170183395884,2024,2,2024-02,8000.0,1028.0,0.129,4.0,3.0,0.0,0.75,0.0,1,treatment,1,1,-0.48088482808367394,28.612647270978602,29.093532099062276,219895.00013743437,28256.507517660317
괴산군,2024-03-01,1044.0,1040.0,966.0,1045.0,4095.0,18.0,20.0,14.0,10.0,62.0,47.0,41.0,17.0,19.0,124.0,-29.0,-21.0,-3.0,-9.0,-62.0,40.3,14622.0,36319.0,10642.0,756.0,493.0,263.0,1.9837086727359843,2024,3,2024-03,8000.0,1028.0,0.129,4.0,3.0,0.0,0.75,0.0,1,treatment,1,1,-15.14041514041514,15.14041514041514,30.28083028083028,220270.3818937746,28304.744073350037
괴산군,2024-04-01,1032.0,1021.0,968.0,1042.0,4063.0,20.0,18.0,19.0,18.0,75.0,27.0,39.0,25.0,17.0,108.0,-7.0,-21.0,-6.0,1.0,-33.0,40.4,14654.0,36264.0,10646.0,474.0,370.0,104.0,0.6428436377386992,2024,4,2024-04,8000.0,1028.0,0.129,4.0,3.0,0.0,0.75,0.0,1,treatment,1,1,-8.122077282795964,18.45926655180901,26.581343834604972,220604.45621001543,28347.672622986986
괴산군,2024-05-01,1000.0,1033.0,950.0,1043.0,4026.0,17.0,23.0,11.0,12.0,63.0,38.0,27.0,20.0,20.0,105.0,-21.0,-4.0,-9.0,-8.0,-42.0,40.6,14697.0,36196.0,10632.0,357.0,381.0,-24.0,1.2571428571428678,2024,5,2024-05,8000.0,1028.0,0.129,4.0,3.0,0.0,0.75,0.0,1,treatment,1,1,-10.432190760059612,15.648286140089418,26.08047690014903,221018.89711570338,28400.928279367887
괴산군,2024-06-01,988.0,1019.0,944.0,1041.0,3992.0,8.0,18.0,17.0,10.0,53.0,17.0,29.0,19.0,14.0,79.0,-9.0,-11.0,-2.0,-4.0,-26.0,40.8,14740.0,36165.0,10548.0,418.0,481.0,-63.0,0.03793626707131459,2024,6,2024-06,8000.0,1028.0,0.129,4.0,3.0,0.0,0.75,0.0,1,treatment,1,1,-6.513026052104208,13.276553106212425,19.789579158316634,221208.35061523571,28425.27305405779
괴산군,2024-07-01,974.0,1007.0,939.0,1027.0,3947.0,7.0,21.0,17.0,17.0,62.0,23.0,32.0,30.0,16.0,101.0,-16.0,-11.0,-13.0,1.0,-39.0,41.0,14789.0,36095.0,10450.0,463.0,552.0,-89.0,-1.535852256666348,2024,7,2024-07,8000.0,1028.0,0.129,4.0,3.0,0.0,0.75,0.0,1,treatment,1,1,-9.880922219407145,15.708132759057513,25.589054978464656,221637.34589278293,28480.398947222606
괴산군,2024-08-01,958.0,997.0,941.0,1002.0,3898.0,8.0,22.0,13.0,14.0,57.0,24.0,29.0,22.0,23.0,98.0,-16.0,-7.0,-9.0,-9.0,-41.0,41.2,14825.0,36023.0,10450.0,340.0,340.0,0.0,-1.0229210077666195,2024,8,2024-08,8000.0,1028.0,0.129,4.0,3.0,0.0,0.75,0.0,1,treatment,1,1,-10.51821446895844,14.622883530015393,25.141097998973834,222080.3375621131,28537.323376731532
괴산군,2024-09-01,989.0,994.0,939.0,992.0,3914.0,57.0,21.0,12.0,10.0,100.0,27.0,22.0,19.0,16.0,84.0,30.0,-1.0,-7.0,-6.0,16.0,41.3,14864.0,36021.0,10462.0,383.0,366.0,17.0,-0.057317539166990006,2024,9,2024-09,8000.0,1028.0,0.129,4.0,3.0,0.0,0.75,0.0,1,treatment,1,1,4.087889626980072,25.549310168625446,21.461420541645374,222092.6681657922,28538.907859304294
괴산군,2024-10-01,980.0,1005.0,946.0,970.0,3901.0,18.0,24.0,28.0,9.0,79.0,19.0,22.0,22.0,25.0,88.0,-1.0,2.0,6.0,-16.0,-9.0,41.4,14903.0,36006.0,10432.0,377.0,393.0,-16.0,0.06714628297361802,2024,10,2024-10,8000.0,1028.0,0.129,4.0,3.0,0.0,0.75,0.0,1,treatment,1,1,-2.3071007433991286,20.251217636503462,22.558318379902587,222185.19135699605,28550.797089373995
괴산군,2024-11-01,1048.0,994.0,954.0,962.0,3958.0,74.0,18.0,24.0,13.0,129.0,9.0,24.0,21.0,16.0,70.0,65.0,-6.0,3.0,-3.0,59.0,41.4,14951.0,36072.0,10480.0,462.0,421.0,41.0,0.8662175168431263,2024,11,2024-11,8000.0,1028.0,0.129,4.0,3.0,0.0,0.75,0.0,1,treatment,1,1,14.906518443658413,32.5922182920667,17.685699848408287,221778.66489243734,28498.5584386782
괴산군,2024-12-01,1087.0,1010.0,959.0,974.0,4030.0,63.0,55.0,46.0,26.0,190.0,30.0,34.0,40.0,14.0,118.0,33.0,21.0,6.0,12.0,72.0,41.4,15024.0,36252.0,10228.0,295.0,517.0,-222.0,1.2673267326732685,2024,12,2024-12,8000.0,1028.0,0.129,4.0,3.0,0.0,0.75,0.0,1,treatment,1,1,17.866004962779158,47.146401985111666,29.280397022332505,220677.47986317996,28357.056162418627
단양군,2017-01-01,1461.0,1128.0,1134.0,1454.0,5177.0,15.0,19.0,13.0,17.0,64.0,17.0,28.0,24.0,18.0,87.0,-2.0,-9.0,-11.0,-1.0,-23.0,26.0,7924.0,30440.0,6460.0,337.0,456.0,-119.0,,2017,1,2017-01,0.0,0.0,,0.0,0.0,0.0,0.0,0.0,1,treatment,0,0,-4.442727448329149,12.362372030133281,16.80509947846243,0.0,0.0
단양군,2017-02-01,1447.0,1113.0,1145.0,1455.0,5160.0,16.0,20.0,28.0,19.0,83.0,35.0,29.0,23.0,19.0,106.0,-19.0,-9.0,5.0,0.0,-23.0,26.2,7964.0,30417.0,6670.0,502.0,265.0,237.0,,2017,2,2017-02,0.0,0.0,,0.0,0.0,0.0,0.0,0.0,1,treatment,0,0,-4.457364341085271,16.085271317829456,20.54263565891473,0.0,0.0
단양군,2017-03-01,1441.0,1106.0,1148.0,1457.0,5152.0,26.0,28.0,25.0,24.0,103.0,40.0,39.0,15.0,29.0,123.0,-14.0,-11.0,10.0,-5.0,-20.0,26.3,8011.0,30422.0,6768.0,447.0,349.0,98.0,,2017,3,2017-03,0.0,0.0,,0.0,0.0,0.0,0.0,0.0,1,treatment,0,0,-3.8819875776397517,19.992236024844722,23.874223602484474,0.0,0.0
단양군,2017-04-01,1437.0,1107.0,1140.0,1472.0,5156.0,23.0,20.0,19.0,14.0,76.0,23.0,26.0,19.0,8.0,76.0,0.0,-6.0,0.0,6.0,0.0,26.4,8029.0,30425.0,6802.0,250.0,208.0,42.0,,2017,4,2017-04,0.0,0.0,,0.0,0.0,0.0,0.0,0.0,1,treatment,0,0,0.0,14.74010861132661,14.74010861132661,0.0,0.0
단양군,2017-05-01,1437.0,1116.0,1145.0,1475.0,5173.0,12.0,14.0,22.0,15.0,63.0,18.0,17.0,11.0,18.0,64.0,-6.0,-3.0,11.0,-3.0,-1.0,26.5,8074.0,30443.0,6789.0,225.0,240.0,-15.0,,2017,5,2017-05,0.0,0.0,,0.0,0.0,0.0,0.0,0.0,1,treatment,0,0,-0.19331142470520007,12.178619756427604,12.371931181132805,0.0,0.0
단양군,2017-06-01,1438.0,1124.0,1131.0,1473.0,5166.0,12.0,18.0,9.0,13.0,52.0,17.0,15.0,21.0,12.0,65.0,-5.0,3.0,-12.0,1.0,-13.0,26.6,8097.0,30409.0,6720.0,201.0,268.0,-67.0,,2017,6,2017-06,0.0,0.0,,0.0,0.0,0.0,0.0,0.0,1,treatment,0,0,-2.516453735965931,10.065814943863725,12.582268679829655,0.0,0.0
단양군,2017-07-01,1424.0,1139.0,1118.0,1479.0,5160.0,9.0,14.0,17.0,21.0,61.0,15.0,15.0,17.0,19.0,66.0,-6.0,-1.0,0.0,2.0,-5.0,26.7,8113.0,30395.0,6847.0,390.0,265.0,125.0,,2017,7,2017-07,0.0,0.0,,0.0,0.0,0.0,0.0,0.0,1,treatment,0,0,-0.9689922480620154,11.821705426356589,12.790697674418604,0.0,0.0
단양군,2017-08-01,1429.0,1140.0,1104.0,1474.0,5147.0,16.0,17.0,7.0,14.0,54.0,20.0,23.0,16.0,12.0,71.0,-4.0,-6.0,-9.0,2.0,-17.0,26.8,8130.0,30392.0,6745.0,225.0,301.0,-76.0,,2017,8,2017-08,0.0,0.0,,0.0,0.0,0.0,0.0,0.0,1,treatment,0,0,-3.302894890227317,10.491548474839712,13.79444336506703,0.0,0.0
단양군,2017-09-01,1434.0,1145.0,1102.0,1465.0,5146.0,25.0,23.0,16.0,12.0,76.0,21.0,20.0,15.0,23.0,79.0,4.0,3.0,1.0,-11.0,-3.0,26.8,8146.0,30380.0,6508.0,267.0,509.0,-242.0,,2017,9,2017-09,0.0,0.0,,0.0,0.0,0.0,0.0,0.0,1,treatment,0,0,-0.582977069568597,14.768752429071123,15.35172949863972,0.0,0.0
단양군,2017-10-01,1429.0,1153.0,1099.0,1444.0,5125.0,6.0,17.0,11.0,15.0,49.0,9.0,10.0,22.0,23.0,64.0,-3.0,7.0,-11.0,-8.0,-15.0,26.8,8146.0,30343.0,6441.0,203.0,153.0,50.0,,2017,10,2017-10,0.0,0.0,,0.0,0.0,0.0,0.0,0.0,1,treatment,0,0,-2.926829268292683,9.560975609756097,12.487804878048781,0.0,0.0
단양군,2017-11-01,1430.0,1142.0,1082.0,1441.0,5095.0,15.0,17.0,17.0,22.0,71.0,23.0,28.0,24.0,24.0,99.0,-8.0,-11.0,-7.0,-2.0,-28.0,26.9,8151.0,30299.0,6516.0,397.0,301.0,96.0,,2017,11,2017-11,0.0,0.0,,0.0,0.0,0.0,0.0,0.0,1,treatment,0,0,-5.4955839057899905,13.93523061825319,19.43081452404318,0.0,0.0
단양군,2017-12-01,1423.0,1137.0,1064.0,1419.0,5043.0,17.0,22.0,21.0,13.0,73.0,26.0,35.0,33.0,19.0,113.0,-9.0,-13.0,-12.0,-6.0,-40.0,27.0,8167.0,30215.0,6343.0,199.0,392.0,-193.0,,2017,12,2017-12,0.0,0.0,,0.0,0.0,0.0,0.0,0.0,1,treatment,0,0,-7.93178663493952,14.475510608764624,22.407297243704143,0.0,0.0
단양군,2018-01-01,1418.0,1126.0,1061.0,1414.0,5019.0,15.0,23.0,17.0,15.0,70.0,38.0,31.0,20.0,18.0,107.0,-23.0,-8.0,-3.0,-3.0,-37.0,27.1,8174.0,30130.0,6166.0,447.0,662.0,-215.0,-4.551083591331273,2018,1,2018-01,0.0,0.0,,0.0,0.0,0.0,0.0,0.0,1,treatment,0,0,-7.37198645148436,13.94700139470014,21.3189878461845,0.0,0.0
단양군,2018-02-01,1407.0,1133.0,1069.0,1411.0,5020.0,24.0,29.0,26.0,21.0,100.0,29.0,27.0,18.0,23.0,97.0,-5.0,2.0,8.0,-2.0,3.0,27.2,8194.0,30133.0,6404.0,443.0,219.0,224.0,-3.988005997001498,2018,2,2018-02,0.0,0.0,,0.0,0.0,0.0,0.0,0.0,1,treatment,0,0,0.5976095617529881,19.9203187250996,19.322709163346612,0.0,0.0
단양군,2018-03-01,1409.0,1155.0,1052.0,1401.0,5017.0,24.0,38.0,21.0,18.0,101.0,29.0,35.0,22.0,25.0,111.0,-5.0,3.0,-1.0,-7.0,-10.0,27.3,8246.0,30211.0,6596.0,460.0,270.0,190.0,-2.541371158392436,2018,3,2018-03,0.0,0.0,,0.0,0.0,0.0,0.0,0.0,1,treatment,0,0,-1.9932230416583616,20.13155272074945,22.124775762407815,0.0,0.0
단양군,2018-04-01,1410.0,1165.0,1046.0,1396.0,5017.0,15.0,37.0,16.0,18.0,86.0,21.0,35.0,15.0,15.0,86.0,-6.0,2.0,1.0,3.0,0.0,27.3,8264.0,30273.0,6673.0,285.0,219.0,66.0,-1.8965010291090878,2018,4,2018-04,0.0,0.0,,0.0,0.0,0.0,0.0,0.0,1,treatment,0,0,0.0,17.14171815826191,17.14171815826191,0.0,0.0
단양군,2018-05-01,1419.0,1150.0,1041.0,1404.0,5014.0,17.0,23.0,13.0,22.0,75.0,22.0,35.0,13.0,15.0,85.0,-5.0,-12.0,0.0,7.0,-10.0,27.3,8273.0,30283.0,6667.0,339.0,317.0,22.0,-1.7970245986154043,2018,5,2018-05,0.0,0.0,,0.0,0.0,0.0,0.0,0.0,1,treatment,0,0,-1.9944156362185879,14.95811727163941,16.952532907857996,0.0,0.0
단양군,2018-06-01,1420.0,1134.0,1034.0,1404.0,4992.0,14.0,6.0,12.0,16.0,48.0,16.0,24.0,15.0,17.0,72.0,-2.0,-18.0,-3.0,-1.0,-24.0,27.4,8301.0,30282.0,6652.0,221.0,219.0,2.0,-1.0119047619047583,2018,6,2018-06,0.0,0.0,,0.0,0.0,0.0,0.0,0.0,1,treatment,0,0,-4.8076923076923075,9.615384615384615,14.423076923076923,0.0,0.0
단양군,2018-07-01,1421.0,1146.0,1024.0,1404.0,4995.0,13.0,32.0,18.0,13.0,76.0,18.0,16.0,19.0,16.0,69.0,-5.0,16.0,-1.0,-3.0,7.0,27.5,8320.0,30296.0,6767.0,378.0,283.0,95.0,-1.1683949174821073,2018,7,2018-07,0.0,0.0,,0.0,0.0,0.0,0.0,0.0,1,treatment,0,0,1.4014014014014013,15.215215215215215,13.813813813813814,0.0,0.0
단양군,2018-08-01,1429.0,1149.0,1036.0,1403.0,5017.0,16.0,35.0,24.0,22.0,97.0,13.0,34.0,13.0,16.0,76.0,3.0,1.0,11.0,6.0,21.0,27.5,8349.0,30351.0,6795.0,315.0,292.0,23.0,0.7412898443291294,2018,8,2018-08,0.0,0.0,,0.0,0.0,0.0,0.0,0.0,1,treatment,0,0,4.185768387482559,19.334263504086106,15.148495116603549,0.0,0.0
단양군,2018-09-01,1435.0,1149.0,1032.0,1400.0,5016.0,16.0,14.0,14.0,16.0,60.0,13.0,22.0,11.0,17.0,63.0,3.0,-8.0,3.0,-1.0,-3.0,27.6,8370.0,30366.0,6738.0,238.0,293.0,-55.0,3.534111862323286,2018,9,2018-09,0.0,0.0,,0.0,0.0,0.0,0.0,0.0,1,treatment,0,0,-0.5980861244019139,11.961722488038278,12.559808612440191,0.0,0.0
단양군,2018-10-01,1442.0,1146.0,1024.0,1414.0,5026.0,21.0,16.0,20.0,30.0,87.0,19.0,21.0,20.0,29.0,89.0,2.0,-5.0,0.0,1.0,-2.0,27.5,8356.0,30333.0,6766.0,252.0,229.0,23.0,5.045800341561879,2018,10,2018-10,0.0,0.0,,0.0,0.0,0.0,0.0,0.0,1,treatment,0,0,-0.3979307600477517,17.3099880620772,17.70791882212495,0.0,0.0
단양군,2018-11-01,1431.0,1137.0,1028.0,1393.0,4989.0,15.0,17.0,19.0,15.0,66.0,27.0,24.0,20.0,19.0,90.0,-12.0,-7.0,-1.0,-4.0,-24.0,27.6,8369.0,30318.0,6904.0,402.0,242.0,160.0,5.954573357888271,2018,11,2018-11,0.0,0.0,,0.0,0.0,0.0,0.0,0.0,1,treatment,0,0,-4.810583283223091,13.2291040288635,18.039687312086592,0.0,0.0
단양군,2018-12-01,1429.0,1140.0,1024.0,1374.0,4967.0,19.0,19.0,16.0,17.0,71.0,22.0,26.0,15.0,29.0,92.0,-3.0,-7.0,1.0,-12.0,-21.0,27.7,8374.0,30255.0,6606.0,263.0,527.0,-264.0,4.146303011193431,2018,12,2018-12,0.0,0.0,,0.0,0.0,0.0,0.0,0.0,1,treatment,0,0,-4.227904167505536,14.294342661566338,18.522246829071875,0.0,0.0
단양군,2019-01-01,1412.0,1149.0,1015.0,1366.0,4942.0,27.0,37.0,11.0,21.0,96.0,40.0,28.0,21.0,24.0,113.0,-13.0,9.0,-10.0,-3.0,-17.0,27.8,8401.0,30203.0,6478.0,604.0,745.0,-141.0,5.060006487187807,2019,1,2019-01,0.0,0.0,,0.0,0.0,0.0,0.0,0.0,1,treatment,0,0,-3.4399028733306354,19.42533387292594,22.865236746256578,0.0,0.0
단양군,2019-02-01,1398.0,1129.0,1005.0,1354.0,4886.0,18.0,22.0,15.0,18.0,73.0,31.0,35.0,23.0,20.0,109.0,-13.0,-13.0,-8.0,-2.0,-36.0,28.0,8434.0,30159.0,6643.0,422.0,256.0,166.0,3.732042473454089,2019,2,2019-02,0.0,0.0,,0.0,0.0,0.0,0.0,0.0,1,treatment,0,0,-7.367990176013099,14.940646745804338,22.30863692181744,0.0,0.0
단양군,2019-03-01,1393.0,1137.0,1008.0,1336.0,4874.0,26.0,29.0,20.0,10.0,85.0,33.0,30.0,21.0,19.0,103.0,-7.0,-1.0,-1.0,-9.0,-18.0,28.1,8464.0,30121.0,6759.0,499.0,307.0,192.0,2.4711946634323745,2019,3,2019-03,0.0,0.0,,0.0,0.0,0.0,0.0,0.0,1,treatment,0,0,-3.693065244152647,17.439474764054165,21.13254000820681,0.0,0.0
단양군,2019-04-01,1365.0,1152.0,993.0,1328.0,4838.0,21.0,13.0,12.0,10.0,56.0,32.0,22.0,27.0,11.0,92.0,-11.0,-9.0,-15.0,-1.0,-36.0,28.2,8492.0,30092.0,6867.0,329.0,204.0,125.0,2.9072381237823963,2019,4,2019-04,0.0,0.0,,0.0,0.0,0.0,0.0,0.0,1,treatment,0,0,-7.441091360066143,11.575031004547334,19.016122364613476,0.0,0.0
단양군,2019-05-01,1342.0,1141.0,1001.0,1327.0,4811.0,8.0,12.0,12.0,16.0,48.0,15.0,33.0,14.0,15.0,77.0,-7.0,-21.0,-2.0,1.0,-29.0,28.3,8505.0,30063.0,6972.0,388.0,292.0,96.0,4.574771261436927,2019,5,2019-05,0.0,0.0,,0.0,0.0,0.0,0.0,0.0,1,treatment,0,0,-6.027852837247973,9.977135730617336,16.004988567865308,0.0,0.0
단양군,2019-06-01,1339.0,1138.0,999.0,1321.0,4797.0,10.0,23.0,11.0,7.0,51.0,18.0,21.0,20.0,8.0,67.0,-8.0,2.0,-9.0,-1.0,-16.0,28.4,8529.0,30044.0,6867.0,248.0,342.0,-94.0,3.232110643415509,2019,6,2019-06,0.0,0.0,,0.0,0.0,0.0,0.0,0.0,1,treatment,0,0,-3.335417969564311,10.631644777986242,13.967062747550552,0.0,0.0
단양군,2019-07-01,1349.0,1131.0,983.0,1319.0,4782.0,20.0,20.0,10.0,13.0,63.0,20.0,32.0,24.0,10.0,86.0,0.0,-12.0,-14.0,3.0,-23.0,28.5,8551.0,30003.0,6939.0,360.0,265.0,95.0,2.541746711984638,2019,7,2019-07,0.0,0.0,,0.0,0.0,0.0,0.0,0.0,1,treatment,0,0,-4.809703053115851,13.174404015056462,17.984107068172314,0.0,0.0
단양군,2019-08-01,1332.0,1126.0,967.0,1295.0,4720.0,10.0,14.0,5.0,6.0,35.0,30.0,28.0,15.0,20.0,93.0,-20.0,-14.0,-10.0,-14.0,-58.0,28.6,8567.0,29928.0,6913.0,376.0,404.0,-28.0,1.7365710080941898,2019,8,2019-08,0.0,0.0,,0.0,0.0,0.0,0.0,0.0,1,treatment,0,0,-12.288135593220339,7.415254237288136,19.703389830508474,0.0,0.0
단양군,2019-09-01,1330.0,1119.0,961.0,1292.0,4702.0,12.0,15.0,11.0,7.0,45.0,21.0,25.0,15.0,14.0,75.0,-9.0,-10.0,-4.0,-7.0,-30.0,28.7,8575.0,29876.0,6877.0,265.0,304.0,-39.0,2.0629266844760963,2019,9,2019-09,0.0,0.0,,0.0,0.0,0.0,0.0,0.0,1,treatment,0,0,-6.380263717566993,9.570395576350489,15.950659293917482,0.0,0.0
단양군,2019-10-01,1324.0,1137.0,954.0,1278.0,4693.0,18.0,23.0,11.0,13.0,65.0,16.0,19.0,18.0,21.0,74.0,2.0,4.0,-7.0,-8.0,-9.0,28.8,8608.0,29839.0,6927.0,240.0,206.0,34.0,2.3795447827372085,2019,10,2019-10,0.0,0.0,,0.0,0.0,0.0,0.0,0.0,1,treatment,0,0,-1.9177498401875133,13.850415512465373,15.768165352652888,0.0,0.0
단양군,2019-11-01,1310.0,1146.0,953.0,1273.0,4682.0,16.0,14.0,20.0,18.0,68.0,24.0,24.0,17.0,8.0,73.0,-8.0,-10.0,3.0,10.0,-5.0,28.9,8631.0,29816.0,7003.0,342.0,243.0,99.0,1.4339513325608344,2019,11,2019-11,0.0,0.0,,0.0,0.0,0.0,0.0,0.0,1,treatment,0,0,-1.0679196924391285,14.523707817172149,15.591627509611277,0.0,0.0
단양군,2019-12-01,1301.0,1138.0,945.0,1264.0,4648.0,18.0,18.0,18.0,11.0,65.0,34.0,26.0,27.0,15.0,102.0,-16.0,-8.0,-9.0,-4.0,-37.0,29.1,8645.0,29756.0,6811.0,166.0,364.0,-198.0,3.103239479261277,2019,12,2019-12,0.0,0.0,,0.0,0.0,0.0,0.0,0.0,1,treatment,0,0,-7.960413080895009,13.984509466437178,21.944922547332187,0.0,0.0
단양군,2020-01-01,1307.0,1131.0,921.0,1253.0,4612.0,20.0,21.0,14.0,14.0,69.0,17.0,34.0,27.0,27.0,105.0,3.0,-13.0,-13.0,-13.0,-36.0,29.3,8682.0,29664.0,6426.0,444.0,823.0,-379.0,-0.8027168879283675,2020,1,2020-01,0.0,0.0,,0.0,0.0,0.0,0.0,0.0,1,treatment,0,0,-7.805724197745013,14.960971379011275,22.766695576756288,0.0,0.0
단양군,2020-02-01,1288.0,1118.0,915.0,1241.0,4562.0,19.0,24.0,14.0,15.0,72.0,35.0,38.0,22.0,16.0,111.0,-16.0,-14.0,-8.0,-1.0,-39.0,29.5,8736.0,29592.0,6775.0,548.0,226.0,322.0,1.9870540418485572,2020,2,2020-02,0.0,0.0,,0.0,0.0,0.0,0.0,0.0,1,treatment,0,0,-8.548882069267865,15.78255151249452,24.331433581762386,0.0,0.0
단양군,2020-03-01,1280.0,1108.0,910.0,1231.0,4529.0,15.0,23.0,19.0,12.0,69.0,23.0,42.0,18.0,19.0,102.0,-8.0,-19.0,1.0,-7.0,-33.0,29.8,8819.0,29546.0,6932.0,503.0,362.0,141.0,2.5595502293238592,2020,3,2020-03,0.0,0.0,,0.0,0.0,0.0,0.0,0.0,1,treatment,0,0,-7.286376683594613,15.235151247516008,22.52152793111062,0.0,0.0
단양군,2020-04-01,1266.0,1102.0,895.0,1223.0,4486.0,13.0,17.0,10.0,8.0,48.0,28.0,30.0,20.0,16.0,94.0,-15.0,-13.0,-10.0,-8.0,-46.0,30.0,8832.0,29451.0,7066.0,315.0,191.0,124.0,2.8979175768166554,2020,4,2020-04,0.0,0.0,,0.0,0.0,0.0,0.0,0.0,1,treatment,0,0,-10.254123941150246,10.69995541685243,20.954079358002677,0.0,0.0
단양군,2020-05-01,1257.0,1082.0,894.0,1202.0,4435.0,15.0,26.0,12.0,8.0,61.0,21.0,35.0,25.0,19.0,100.0,-6.0,-9.0,-13.0,-11.0,-39.0,30.1,8860.0,29392.0,6974.0,201.0,283.0,-82.0,0.02868617326448053,2020,5,2020-05,0.0,0.0,,0.0,0.0,0.0,0.0,0.0,1,treatment,0,0,-8.793686583990981,13.754227733934611,22.547914317925592,0.0,0.0
단양군,2020-06-01,1256.0,1066.0,888.0,1201.0,4411.0,9.0,14.0,6.0,10.0,39.0,17.0,28.0,11.0,13.0,69.0,-8.0,-14.0,-5.0,-3.0,-30.0,30.3,8894.0,29387.0,7030.0,303.0,232.0,71.0,2.3736711810106392,2020,6,2020-06,0.0,0.0,,0.0,0.0,0.0,0.0,0.0,1,treatment,0,0,-6.801178871004307,8.8415325323056,15.642711403309907,0.0,0.0
단양군,2020-07-01,1237.0,1065.0,883.0,1190.0,4375.0,11.0,18.0,17.0,11.0,57.0,27.0,25.0,20.0,15.0,87.0,-16.0,-7.0,-3.0,-4.0,-30.0,30.4,8911.0,29337.0,7102.0,327.0,234.0,93.0,2.34904164865255,2020,7,2020-07,0.0,0.0,,0.0,0.0,0.0,0.0,0.0,1,treatment,0,0,-6.857142857142857,13.028571428571428,19.885714285714286,0.0,0.0
단양군,2020-08-01,1225.0,1061.0,878.0,1168.0,4332.0,10.0,16.0,6.0,8.0,40.0,24.0,28.0,18.0,13.0,83.0,-14.0,-12.0,-12.0,-5.0,-43.0,30.5,8937.0,29268.0,7110.0,203.0,203.0,0.0,2.8497034572544377,2020,8,2020-08,0.0,0.0,,0.0,0.0,0.0,0.0,0.0,1,treatment,0,0,-9.926131117266852,9.233610341643583,19.159741458910435,0.0,0.0
단양군,2020-09-01,1221.0,1044.0,885.0,1156.0,4306.0,11.0,13.0,11.0,16.0,51.0,20.0,27.0,12.0,8.0,67.0,-9.0,-14.0,-1.0,8.0,-16.0,30.6,8957.0,29270.0,7260.0,456.0,219.0,237.0,5.569288934128247,2020,9,2020-09,0.0,0.0,,0.0,0.0,0.0,0.0,0.0,1,treatment,0,0,-3.7157454714352065,11.843938690199721,15.559684161634928,0.0,0.0
단양군,2020-10-01,1227.0,1044.0,890.0,1145.0,4306.0,12.0,18.0,13.0,18.0,61.0,11.0,17.0,13.0,12.0,53.0,1.0,1.0,0.0,6.0,8.0,30.7,8986.0,29265.0,7277.0,338.0,317.0,21.0,5.052692363216393,2020,10,2020-10,0.0,0.0,,0.0,0.0,0.0,0.0,0.0,1,treatment,0,0,1.8578727357176033,14.166279609846725,12.308406874129123,0.0,0.0
단양군,2020-11-01,1217.0,1043.0,902.0,1134.0,4296.0,10.0,26.0,14.0,10.0,60.0,20.0,26.0,18.0,11.0,75.0,-10.0,0.0,-4.0,-1.0,-15.0,30.8,9011.0,29239.0,7372.0,415.0,309.0,106.0,5.269170355561892,2020,11,2020-11,0.0,0.0,,0.0,0.0,0.0,0.0,0.0,1,treatment,0,0,-3.4916201117318435,13.966480446927374,17.45810055865922,0.0,0.0
단양군,2020-12-01,1217.0,1028.0,885.0,1133.0,4263.0,25.0,19.0,13.0,18.0,75.0,27.0,45.0,23.0,13.0,108.0,-2.0,-26.0,-10.0,5.0,-33.0,31.0,9026.0,29155.0,6738.0,194.0,807.0,-613.0,-1.071795624724714,2020,12,2020-12,0.0,0.0,,0.0,0.0,0.0,0.0,0.0,1,treatment,0,0,-7.741027445460943,17.593244194229417,25.33427163969036,0.0,0.0
단양군,2021-01-01,1189.0,1012.0,893.0,1116.0,4210.0,7.0,22.0,12.0,9.0,50.0,36.0,37.0,16.0,13.0,102.0,-29.0,-15.0,-4.0,-4.0,-52.0,31.2,9058.0,29049.0,6359.0,434.0,820.0,-386.0,-1.0426392779333993,2021,1,2021-01,0.0,0.0,,0.0,0.0,0.0,0.0,0.0,1,treatment,0,0,-12.351543942992874,11.876484560570072,24.228028503562946,0.0,0.0
단양군,2021-02-01,1159.0,1016.0,877.0,1076.0,4128.0,19.0,15.0,5.0,9.0,48.0,45.0,24.0,16.0,24.0,109.0,-26.0,-9.0,-11.0,-15.0,-61.0,31.4,9081.0,28943.0,6778.0,608.0,163.0,445.0,0.044280442804423004,2021,2,2021-02,0.0,0.0,,0.0,0.0,0.0,0.0,0.0,1,treatment,0,0,-14.777131782945736,11.627906976744185,26.405038759689923,0.0,0.0
단양군,2021-03-01,1145.0,1003.0,872.0,1061.0,4081.0,14.0,15.0,11.0,14.0,54.0,33.0,29.0,14.0,20.0,96.0,-19.0,-14.0,-3.0,-6.0,-42.0,31.6,9106.0,28835.0,6925.0,477.0,311.0,166.0,-0.10098095787651751,2021,3,2021-03,0.0,0.0,,0.0,0.0,0.0,0.0,0.0,1,treatment,0,0,-10.291595197255575,13.232050967900024,23.5236461651556,0.0,0.0
단양군,2021-04-01,1135.0,1000.0,869.0,1057.0,4061.0,10.0,16.0,11.0,15.0,52.0,24.0,27.0,15.0,16.0,82.0,-14.0,-11.0,-4.0,-1.0,-30.0,31.7,9116.0,28758.0,7051.0,376.0,244.0,132.0,-0.21228417775261965,2021,4,2021-04,0.0,0.0,,0.0,0.0,0.0,0.0,0.0,1,treatment,0,0,-7.387343018960847,12.804727899532136,20.19207091849298,0.0,0.0
단양군,2021-05-01,1129.0,1002.0,867.0,1058.0,4056.0,19.0,14.0,13.0,13.0,59.0,18.0,22.0,12.0,15.0,67.0,1.0,-8.0,1.0,-2.0,-8.0,31.8,9141.0,28766.0,7000.0,272.0,310.0,-38.0,0.37281330656724343,2021,5,2021-05,0.0,0.0,,0.0,0.0,0.0,0.0,0.0,1,treatment,0,0,-1.9723865877712032,14.546351084812624,16.518737672583825,0.0,0.0
단양군,2021-06-01,1126.0,993.0,859.0,1047.0,4025.0,10.0,19.0,14.0,11.0,54.0,13.0,29.0,23.0,16.0,81.0,-3.0,-10.0,-9.0,-5.0,-27.0,31.8,9118.0,28652.0,6963.0,259.0,279.0,-20.0,-0.953058321479372,2021,6,2021-06,0.0,0.0,,0.0,0.0,0.0,0.0,0.0,1,treatment,0,0,-6.708074534161491,13.416149068322982,20.124223602484474,0.0,0.0
단양군,2021-07-01,1118.0,986.0,852.0,1028.0,3984.0,11.0,20.0,9.0,9.0,49.0,17.0,27.0,19.0,7.0,70.0,-6.0,-7.0,-10.0,2.0,-21.0,31.9,9123.0,28578.0,6960.0,322.0,297.0,25.0,-1.9994367783722877,2021,7,2021-07,0.0,0.0,,0.0,0.0,0.0,0.0,0.0,1,treatment,0,0,-5.271084337349397,12.299196787148594,17.570281124497992,0.0,0.0
단양군,2021-08-01,1095.0,991.0,847.0,1017.0,3950.0,11.0,13.0,15.0,12.0,51.0,28.0,22.0,18.0,8.0,76.0,-17.0,-9.0,-3.0,4.0,-25.0,32.1,9155.0,28513.0,7109.0,379.0,233.0,146.0,-0.014064697609006416,2021,8,2021-08,0.0,0.0,,0.0,0.0,0.0,0.0,0.0,1,treatment,0,0,-6.329113924050633,12.91139240506329,19.240506329113924,0.0,0.0
단양군,2021-09-01,1079.0,981.0,840.0,1017.0,3917.0,15.0,25.0,12.0,16.0,68.0,35.0,35.0,18.0,8.0,96.0,-20.0,-10.0,-6.0,8.0,-28.0,32.3,9191.0,28441.0,7059.0,232.0,283.0,-51.0,-2.7685950413223193,2021,9,2021-09,0.0,0.0,,0.0,0.0,0.0,0.0,0.0,1,treatment,0,0,-7.148327801889201,17.360224661730918,24.508552463620116,0.0,0.0
단양군,2021-10-01,1081.0,981.0,830.0,1017.0,3909.0,17.0,20.0,10.0,10.0,57.0,18.0,26.0,16.0,12.0,72.0,-1.0,-6.0,-6.0,-2.0,-15.0,32.4,9216.0,28405.0,7040.0,209.0,223.0,-14.0,-3.2568366084925082,2021,10,2021-10,0.0,0.0,,0.0,0.0,0.0,0.0,0.0,1,treatment,0,0,-3.837298541826554,14.581734458940906,18.41903300076746,0.0,0.0
단양군,2021-11-01,1083.0,968.0,816.0,997.0,3864.0,12.0,14.0,5.0,11.0,42.0,12.0,30.0,21.0,8.0,71.0,0.0,-16.0,-16.0,3.0,-29.0,32.6,9251.0,28353.0,7163.0,431.0,303.0,128.0,-2.8350515463917536,2021,11,2021-11,0.0,0.0,,0.0,0.0,0.0,0.0,0.0,1,treatment,0,0,-7.505175983436853,10.869565217391305,18.374741200828158,0.0,0.0
단양군,2021-12-01,1091.0,960.0,813.0,993.0,3857.0,25.0,17.0,21.0,14.0,77.0,23.0,25.0,23.0,17.0,88.0,2.0,-8.0,-2.0,-3.0,-11.0,32.8,9286.0,28331.0,6777.0,191.0,715.0,-524.0,0.5788067675868147,2021,12,2021-12,0.0,0.0,,0.0,0.0,0.0,0.0,0.0,1,treatment,0,0,-2.8519574799066634,19.96370235934664,22.815659839253307,0.0,0.0
단양군,2022-01-01,1091.0,957.0,806.0,985.0,3839.0,15.0,11.0,14.0,5.0,45.0,16.0,18.0,8.0,9.0,51.0,-1.0,-7.0,6.0,-4.0,-6.0,33.1,9350.0,28263.0,6660.0,714.0,831.0,-117.0,4.73344865544898,2022,1,2022-01,4800.0,4266.0,0.889,4.0,0.0,4.0,0.0,1.0,1,treatment,1,1,-1.5629070070330815,11.72180255274811,13.284709559781193,169833.3510243074,150939.3907228532
단양군,2022-02-01,1066.0,959.0,793.0,980.0,3798.0,16.0,29.0,15.0,8.0,68.0,40.0,28.0,19.0,9.0,96.0,-24.0,1.0,-4.0,-1.0,-28.0,33.3,9377.0,28155.0,6931.0,486.0,196.0,290.0,2.257303039244607,2022,2,2022-02,4800.0,4266.0,0.889,4.0,0.0,4.0,0.0,1.0,1,treatment,1,1,-7.37230121116377,17.904160084254872,25.276461295418642,170484.81619605754,151518.38039424614
단양군,2022-03-01,1043.0,958.0,795.0,982.0,3778.0,15.0,23.0,13.0,18.0,69.0,38.0,30.0,11.0,13.0,92.0,-23.0,-7.0,2.0,5.0,-23.0,33.5,9427.0,28128.0,7099.0,471.0,287.0,184.0,2.5126353790613676,2022,3,2022-03,4800.0,4266.0,0.889,4.0,0.0,4.0,0.0,1.0,1,treatment,1,1,-6.087877183695077,18.26363155108523,24.351508734780307,170648.46416382253,151663.82252559726
단양군,2022-04-01,1039.0,943.0,800.0,984.0,3766.0,9.0,12.0,21.0,16.0,58.0,15.0,23.0,17.0,14.0,69.0,-6.0,-11.0,4.0,2.0,-11.0,33.6,9459.0,28129.0,7229.0,375.0,234.0,141.0,2.524464614948241,2022,4,2022-04,4800.0,4266.0,0.889,4.0,0.0,4.0,0.0,1.0,1,treatment,1,1,-2.9208709506107278,15.400955921402018,18.321826872012746,170642.39752568523,151658.43080095274
단양군,2022-05-01,1013.0,951.0,792.0,978.0,3734.0,3.0,19.0,17.0,9.0,48.0,25.0,20.0,19.0,9.0,73.0,-22.0,-1.0,-2.0,0.0,-25.0,33.8,9473.0,28065.0,7221.0,283.0,256.0,27.0,3.1571428571428584,2022,5,2022-05,4800.0,4266.0,0.889,4.0,0.0,4.0,0.0,1.0,1,treatment,1,1,-6.695232994108195,12.854847348687734,19.55008034279593,171031.53393907,152004.2757883485
단양군,2022-06-01,1004.0,950.0,798.0,976.0,3728.0,5.0,18.0,15.0,11.0,49.0,15.0,24.0,14.0,7.0,60.0,-10.0,-6.0,1.0,4.0,-11.0,33.9,9499.0,28018.0,7159.0,264.0,346.0,-82.0,2.8148786442625306,2022,6,2022-06,4800.0,4266.0,0.889,4.0,0.0,4.0,0.0,1.0,1,treatment,1,1,-2.9506437768240343,13.143776824034335,16.09442060085837,171318.43814690557,152259.26190306232
단양군,2022-07-01,1008.0,945.0,797.0,962.0,3712.0,7.0,15.0,11.0,10.0,43.0,17.0,18.0,12.0,14.0,61.0,-10.0,-3.0,-1.0,-4.0,-18.0,34.0,9514.0,28014.0,7135.0,305.0,325.0,-20.0,2.514367816091956,2022,7,2022-07,4800.0,4266.0,0.889,4.0,0.0,4.0,0.0,1.0,1,treatment,1,1,-4.849137931034483,11.58405172413793,16.433189655172413,171342.89997858214,152281.00235596488
단양군,2022-08-01,993.0,935.0,792.0,953.0,3673.0,9.0,18.0,9.0,8.0,44.0,23.0,29.0,15.0,13.0,80.0,-14.0,-11.0,-6.0,-5.0,-36.0,34.2,9550.0,27959.0,7274.0,345.0,205.0,140.0,2.321001547334367,2022,8,2022-08,4800.0,4266.0,0.889,4.0,0.0,4.0,0.0,1.0,1,treatment,1,1,-9.801252382248842,11.97930846719303,21.780560849441873,171679.95994134268,152580.5643978683
단양군,2022-09-01,983.0,918.0,800.0,935.0,3636.0,13.0,10.0,10.0,9.0,42.0,22.0,19.0,10.0,11.0,62.0,-9.0,-9.0,0.0,-2.0,-20.0,34.3,9563.0,27863.0,7237.0,290.0,308.0,-18.0,2.521603626576008,2022,9,2022-09,4800.0,4266.0,0.889,4.0,0.0,4.0,0.0,1.0,1,treatment,1,1,-5.5005500550055,11.551155115511552,17.051705170517053,172271.47112658364,153106.2699637512
단양군,2022-10-01,982.0,923.0,796.0,929.0,3630.0,13.0,17.0,13.0,8.0,51.0,9.0,13.0,14.0,11.0,47.0,4.0,4.0,-1.0,-3.0,4.0,34.4,9596.0,27862.0,7258.0,236.0,191.0,45.0,3.0965909090909127,2022,10,2022-10,4800.0,4266.0,0.889,4.0,0.0,4.0,0.0,1.0,1,treatment,1,1,1.1019283746556474,14.049586776859504,12.947658402203857,172277.6541526093,153111.76512813152
단양군,2022-11-01,975.0,907.0,801.0,920.0,3603.0,7.0,5.0,15.0,12.0,39.0,12.0,19.0,13.0,11.0,55.0,-5.0,-14.0,2.0,1.0,-16.0,34.6,9620.0,27806.0,7428.0,406.0,251.0,155.0,3.69956722043836,2022,11,2022-11,4800.0,4266.0,0.889,4.0,0.0,4.0,0.0,1.0,1,treatment,1,1,-4.440743824590619,10.824313072439633,15.265056897030252,172624.61339279293,153420.1251528447
단양군,2022-12-01,975.0,915.0,795.0,914.0,3599.0,20.0,29.0,13.0,5.0,67.0,24.0,22.0,18.0,5.0,69.0,-4.0,7.0,-5.0,0.0,-2.0,34.8,9656.0,27767.0,6929.0,206.0,684.0,-478.0,2.2428803305297285,2022,12,2022-12,4800.0,4266.0,0.889,4.0,0.0,4.0,0.0,1.0,1,treatment,1,1,-0.5557099194220617,18.616282300639067,19.171992220061128,172867.07242410054,153635.61061691935
단양군,2023-01-01,958.0,915.0,791.0,919.0,3583.0,17.0,21.0,21.0,13.0,72.0,23.0,27.0,15.0,8.0,73.0,-6.0,-6.0,6.0,5.0,-1.0,34.9,9696.0,27773.0,6752.0,684.0,791.0,-107.0,1.3813813813813747,2023,1,2023-01,6400.0,5516.0,0.862,3.0,0.0,3.0,0.0,1.0,1,treatment,1,1,-0.27909572983533354,20.094892548144013,20.373988277979347,230439.6356173262,198610.160947683
단양군,2023-02-01,947.0,917.0,779.0,919.0,3562.0,12.0,29.0,12.0,15.0,68.0,27.0,26.0,19.0,17.0,89.0,-15.0,3.0,-7.0,-2.0,-21.0,35.1,9728.0,27738.0,7184.0,608.0,170.0,438.0,3.650266916750833,2023,2,2023-02,6400.0,5516.0,0.862,3.0,0.0,3.0,0.0,1.0,1,treatment,1,1,-5.895564289724874,19.09039865244245,24.985962942167323,230730.40594130795,198860.76862066478
단양군,2023-03-01,915.0,920.0,793.0,910.0,3538.0,17.0,26.0,16.0,13.0,72.0,34.0,34.0,11.0,17.0,96.0,-17.0,-8.0,5.0,-4.0,-24.0,35.3,9776.0,27687.0,7376.0,534.0,325.0,209.0,3.9019580222566574,2023,3,2023-03,6400.0,5516.0,0.862,3.0,0.0,3.0,0.0,1.0,1,treatment,1,1,-6.783493499152064,20.35048049745619,27.133973996608255,231155.41589915846,199227.0740780872
단양군,2023-04-01,901.0,917.0,803.0,898.0,3519.0,6.0,14.0,18.0,7.0,45.0,16.0,20.0,13.0,9.0,58.0,-10.0,-6.0,5.0,-2.0,-13.0,35.4,9804.0,27685.0,7508.0,379.0,244.0,135.0,3.8594549730253114,2023,4,2023-04,6400.0,5516.0,0.862,3.0,0.0,3.0,0.0,1.0,1,treatment,1,1,-3.6942313157146915,12.787723785166241,16.48195510088093,231172.1148636446,199241.46649810366
단양군,2023-05-01,897.0,923.0,800.0,897.0,3517.0,9.0,15.0,15.0,15.0,54.0,13.0,19.0,13.0,8.0,53.0,-4.0,-4.0,2.0,7.0,1.0,35.6,9845.0,27685.0,7535.0,323.0,308.0,15.0,4.348428195540777,2023,5,2023-05,6400.0,5516.0,0.862,3.0,0.0,3.0,0.0,1.0,1,treatment,1,1,0.2843332385555872,15.353994882001706,15.06966164344612,231172.1148636446,199241.46649810366
단양군,2023-06-01,885.0,924.0,798.0,894.0,3501.0,11.0,18.0,12.0,15.0,56.0,15.0,24.0,12.0,11.0,62.0,-4.0,-6.0,0.0,4.0,-6.0,35.6,9868.0,27699.0,7492.0,319.0,341.0,-22.0,4.651487637938256,2023,6,2023-06,6400.0,5516.0,0.862,3.0,0.0,3.0,0.0,1.0,1,treatment,1,1,-1.713796058269066,15.99542987717795,17.709225935447016,231055.27275352902,199140.7632044478
단양군,2023-07-01,885.0,923.0,798.0,885.0,3491.0,15.0,22.0,17.0,28.0,82.0,15.0,23.0,20.0,29.0,87.0,0.0,-1.0,-3.0,-1.0,-5.0,35.7,9907.0,27715.0,7533.0,305.0,255.0,50.0,5.578135949544505,2023,7,2023-07,6400.0,5516.0,0.862,3.0,0.0,3.0,0.0,1.0,1,treatment,1,1,-1.4322543683758235,23.488971641363506,24.92122600973933,230921.88345661195,199025.79830416743
단양군,2023-08-01,877.0,924.0,805.0,885.0,3491.0,14.0,26.0,21.0,15.0,76.0,26.0,23.0,22.0,11.0,82.0,-12.0,3.0,-1.0,4.0,-6.0,35.8,9936.0,27728.0,7675.0,339.0,192.0,147.0,5.512785262579056,2023,8,2023-08,6400.0,5516.0,0.862,3.0,0.0,3.0,0.0,1.0,1,treatment,1,1,-1.7187052420509883,21.77026639931252,23.488971641363506,230813.6180034622,198932.487016734
단양군,2023-09-01,872.0,923.0,815.0,878.0,3488.0,5.0,18.0,12.0,8.0,43.0,11.0,16.0,11.0,7.0,45.0,-6.0,2.0,1.0,1.0,-2.0,36.0,9977.0,27747.0,7559.0,254.0,362.0,-108.0,4.449357468564319,2023,9,2023-09,6400.0,5516.0,0.862,3.0,0.0,3.0,0.0,1.0,1,treatment,1,1,-0.573394495412844,12.327981651376147,12.90137614678899,230655.56636753524,198796.26626301944
단양군,2023-10-01,877.0,925.0,814.0,875.0,3491.0,8.0,13.0,15.0,13.0,49.0,9.0,14.0,16.0,14.0,53.0,-1.0,-1.0,-1.0,-1.0,-4.0,36.1,10005.0,27737.0,7618.0,286.0,226.0,60.0,4.960044089280791,2023,10,2023-10,6400.0,5516.0,0.862,3.0,0.0,3.0,0.0,1.0,1,treatment,1,1,-1.1458034947006588,14.03609281008307,15.181896304783729,230738.7244474889,198867.9381331795
단양군,2023-11-01,875.0,926.0,810.0,877.0,3488.0,10.0,10.0,18.0,12.0,50.0,13.0,12.0,19.0,10.0,54.0,-3.0,-2.0,-1.0,2.0,-4.0,36.2,10027.0,27696.0,7686.0,332.0,254.0,78.0,3.4733441033925727,2023,11,2023-11,6400.0,5516.0,0.862,3.0,0.0,3.0,0.0,1.0,1,treatment,1,1,-1.146788990825688,14.3348623853211,15.48165137614679,231080.30040439052,199162.33391103407
단양군,2023-12-01,866.0,923.0,823.0,877.0,3489.0,10.0,12.0,15.0,10.0,47.0,18.0,12.0,9.0,5.0,44.0,-8.0,0.0,6.0,5.0,3.0,36.3,10063.0,27701.0,7144.0,212.0,746.0,-534.0,3.1029008514937173,2023,12,2023-12,6400.0,5516.0,0.862,3.0,0.0,3.0,0.0,1.0,1,treatment,1,1,0.8598452278589854,13.47090856979077,12.611063341931786,231038.59066459694,199126.3853290495
단양군,2024-01-01,850.0,927.0,817.0,877.0,3471.0,17.0,25.0,10.0,14.0,66.0,33.0,24.0,12.0,14.0,83.0,-16.0,1.0,-2.0,0.0,-17.0,36.6,10119.0,27680.0,6990.0,599.0,761.0,-162.0,3.5248815165876746,2024,1,2024-01,6400.0,2955.0,0.462,3.0,1.0,2.0,0.3333333333333333,0.6666666666666666,1,treatment,1,1,-4.897723998847594,19.014693171996544,23.912417170844137,231213.87283236993,106755.78034682081
단양군,2024-02-01,843.0,923.0,807.0,875.0,3448.0,23.0,29.0,11.0,17.0,80.0,32.0,27.0,16.0,12.0,87.0,-9.0,2.0,-5.0,5.0,-7.0,36.7,10147.0,27655.0,7394.0,602.0,182.0,420.0,2.9231625835189234,2024,2,2024-02,6400.0,2955.0,0.462,3.0,1.0,2.0,0.3333333333333333,0.6666666666666666,1,treatment,1,1,-2.0301624129930396,23.201856148491878,25.232018561484917,231422.889170132,106852.28710902188
단양군,2024-03-01,815.0,933.0,801.0,881.0,3430.0,12.0,24.0,18.0,15.0,69.0,36.0,22.0,21.0,12.0,91.0,-24.0,2.0,-3.0,3.0,-22.0,36.9,10205.0,27620.0,7534.0,467.0,321.0,146.0,2.142082429501091,2024,3,2024-03,6400.0,2955.0,0.462,3.0,1.0,2.0,0.3333333333333333,0.6666666666666666,1,treatment,1,1,-6.41399416909621,20.11661807580175,26.53061224489796,231716.14771904418,106987.69007965243
단양군,2024-04-01,818.0,932.0,813.0,876.0,3439.0,15.0,21.0,15.0,5.0,56.0,14.0,13.0,11.0,9.0,47.0,1.0,8.0,4.0,-4.0,9.0,37.1,10246.0,27628.0,7623.0,374.0,280.0,94.0,1.5316995205114647,2024,4,2024-04,6400.0,2955.0,0.462,3.0,1.0,2.0,0.3333333333333333,0.6666666666666666,1,treatment,1,1,2.6170398371619656,16.28380343123001,13.666763594068042,231649.05168669467,106956.71058346605
단양군,2024-05-01,817.0,915.0,812.0,867.0,3411.0,6.0,15.0,11.0,6.0,38.0,14.0,24.0,12.0,14.0,64.0,-8.0,-9.0,-1.0,-8.0,-26.0,37.3,10274.0,27572.0,7676.0,339.0,279.0,60.0,1.8712674187126632,2024,5,2024-05,6400.0,2955.0,0.462,3.0,1.0,2.0,0.3333333333333333,0.6666666666666666,1,treatment,1,1,-7.622398123717385,11.140428026971563,18.762826150688948,232119.5415639054,107173.94458145945
단양군,2024-06-01,805.0,909.0,802.0,877.0,3393.0,5.0,15.0,7.0,10.0,37.0,12.0,20.0,13.0,4.0,49.0,-7.0,-5.0,-6.0,6.0,-12.0,37.4,10322.0,27566.0,7637.0,247.0,281.0,-34.0,1.935397757608115,2024,6,2024-06,6400.0,2955.0,0.462,3.0,1.0,2.0,0.3333333333333333,0.6666666666666666,1,treatment,1,1,-3.5366931918656057,10.904804008252285,14.44149720011789,232170.06457229922,107197.27200174128
단양군,2024-07-01,810.0,899.0,815.0,862.0,3386.0,7.0,16.0,11.0,9.0,43.0,8.0,17.0,11.0,13.0,49.0,-1.0,-1.0,0.0,-4.0,-6.0,37.6,10340.0,27530.0,7695.0,401.0,338.0,63.0,2.1505376344086002,2024,7,2024-07,6400.0,2955.0,0.462,3.0,1.0,2.0,0.3333333333333333,0.6666666666666666,1,treatment,1,1,-1.772002362669817,12.699350265800355,14.471352628470171,232473.66509262624,107337.45005448602
단양군,2024-08-01,810.0,895.0,820.0,852.0,3377.0,12.0,15.0,10.0,5.0,42.0,19.0,20.0,10.0,7.0,56.0,-7.0,-5.0,0.0,-2.0,-14.0,37.7,10359.0,27502.0,7662.0,211.0,219.0,-8.0,-0.16938110749186164,2024,8,2024-08,6400.0,2955.0,0.462,3.0,1.0,2.0,0.3333333333333333,0.6666666666666666,1,treatment,1,1,-4.14569144210838,12.43707432632514,16.58276576843352,232710.34833830266,107446.73114682568
단양군,2024-09-01,803.0,890.0,822.0,850.0,3365.0,7.0,19.0,11.0,4.0,41.0,10.0,23.0,16.0,2.0,51.0,-3.0,-4.0,-5.0,2.0,-10.0,37.8,10367.0,27448.0,7608.0,177.0,203.0,-26.0,0.648233893372141,2024,9,2024-09,6400.0,2955.0,0.462,3.0,1.0,2.0,0.3333333333333333,0.6666666666666666,1,treatment,1,1,-2.971768202080238,12.184249628528974,15.156017830609212,233168.17254444768,107658.1171670067
단양군,2024-10-01,804.0,886.0,824.0,853.0,3367.0,7.0,18.0,13.0,8.0,46.0,8.0,15.0,15.0,10.0,48.0,-1.0,3.0,-2.0,-2.0,-2.0,37.8,10379.0,27427.0,7654.0,247.0,201.0,46.0,0.47256497768444206,2024,10,2024-10,6400.0,2955.0,0.462,3.0,1.0,2.0,0.3333333333333333,0.6666666666666666,1,treatment,1,1,-0.594000594000594,13.662013662013662,14.256014256014256,233346.70215481095,107740.54763554162
단양군,2024-11-01,796.0,881.0,828.0,849.0,3354.0,8.0,16.0,14.0,8.0,46.0,16.0,12.0,16.0,9.0,53.0,-8.0,4.0,-2.0,-1.0,-7.0,38.0,10432.0,27425.0,7742.0,332.0,210.0,122.0,0.7285974499089187,2024,11,2024-11,6400.0,2955.0,0.462,3.0,1.0,2.0,0.3333333333333333,0.6666666666666666,1,treatment,1,1,-2.0870602265951104,13.714967203339297,15.802027429934407,233363.71923427528,107748.40474020055
단양군,2024-12-01,797.0,869.0,817.0,845.0,3328.0,11.0,13.0,8.0,10.0,42.0,13.0,26.0,20.0,12.0,71.0,-2.0,-13.0,-12.0,-2.0,-29.0,38.4,10491.0,27352.0,7235.0,177.0,732.0,-555.0,1.273796192609189,2024,12,2024-12,6400.0,2955.0,0.462,3.0,1.0,2.0,0.3333333333333333,0.6666666666666666,1,treatment,1,1,-8.713942307692308,12.620192307692308,21.334134615384617,233986.545773618,108035.97543141269
보은군,2017-01-01,1647.0,1226.0,1298.0,1426.0,5597.0,15.0,28.0,15.0,24.0,82.0,26.0,29.0,15.0,24.0,94.0,-11.0,-1.0,0.0,0.0,-12.0,29.9,10243.0,34252.0,6201.0,267.0,350.0,-83.0,,2017,1,2017-01,0.0,0.0,,0.0,0.0,0.0,0.0,0.0,1,treatment,0,0,-2.1440057173485796,14.650705735215293,16.794711452563874,0.0,0.0
보은군,2017-02-01,1598.0,1233.0,1299.0,1431.0,5561.0,20.0,39.0,23.0,24.0,106.0,46.0,43.0,22.0,25.0,136.0,-26.0,-4.0,1.0,-1.0,-30.0,30.0,10271.0,34246.0,6495.0,482.0,245.0,237.0,,2017,2,2017-02,0.0,0.0,,0.0,0.0,0.0,0.0,0.0,1,treatment,0,0,-5.3947131810825395,19.061319906491637,24.456033087574177,0.0,0.0
보은군,2017-03-01,1596.0,1230.0,1289.0,1418.0,5533.0,22.0,25.0,20.0,24.0,91.0,29.0,22.0,27.0,27.0,105.0,-7.0,3.0,-7.0,-3.0,-14.0,30.1,10312.0,34249.0,6665.0,565.0,373.0,192.0,,2017,3,2017-03,0.0,0.0,,0.0,0.0,0.0,0.0,0.0,1,treatment,0,0,-2.5302729080065065,16.446773902042292,18.977046810048797,0.0,0.0
보은군,2017-04-01,1592.0,1233.0,1273.0,1416.0,5514.0,12.0,19.0,16.0,14.0,61.0,22.0,17.0,30.0,18.0,87.0,-10.0,2.0,-14.0,-4.0,-26.0,30.2,10339.0,34208.0,6840.0,431.0,249.0,182.0,,2017,4,2017-04,0.0,0.0,,0.0,0.0,0.0,0.0,0.0,1,treatment,0,0,-4.715270221254987,11.062749365252085,15.778019586507073,0.0,0.0
보은군,2017-05-01,1595.0,1232.0,1262.0,1429.0,5518.0,14.0,15.0,18.0,24.0,71.0,19.0,18.0,27.0,21.0,85.0,-5.0,-3.0,-9.0,3.0,-14.0,30.3,10363.0,34176.0,6884.0,259.0,271.0,-12.0,,2017,5,2017-05,0.0,0.0,,0.0,0.0,0.0,0.0,0.0,1,treatment,0,0,-2.537151141718014,12.866980790141355,15.40413193185937,0.0,0.0
보은군,2017-06-01,1601.0,1225.0,1262.0,1433.0,5521.0,17.0,19.0,9.0,13.0,58.0,21.0,21.0,6.0,19.0,67.0,-4.0,-2.0,3.0,-6.0,-9.0,30.4,10386.0,34162.0,6876.0,328.0,327.0,1.0,,2017,6,2017-06,0.0,0.0,,0.0,0.0,0.0,0.0,0.0,1,treatment,0,0,-1.630139467487774,10.50534323492121,12.135482702408984,0.0,0.0
보은군,2017-07-01,1594.0,1224.0,1256.0,1439.0,5513.0,14.0,15.0,23.0,18.0,70.0,19.0,33.0,20.0,16.0,88.0,-5.0,-18.0,3.0,2.0,-18.0,30.5,10385.0,34099.0,6993.0,312.0,233.0,79.0,,2017,7,2017-07,0.0,0.0,,0.0,0.0,0.0,0.0,0.0,1,treatment,0,0,-3.2650099764193725,12.697261019408671,15.962270995828042,0.0,0.0
보은군,2017-08-01,1602.0,1210.0,1265.0,1439.0,5516.0,18.0,17.0,22.0,22.0,79.0,24.0,24.0,15.0,28.0,91.0,-6.0,-7.0,7.0,-6.0,-12.0,30.5,10382.0,34047.0,7044.0,293.0,240.0,53.0,,2017,8,2017-08,0.0,0.0,,0.0,0.0,0.0,0.0,0.0,1,treatment,0,0,-2.1754894851341553,14.321972443799854,16.497461928934012,0.0,0.0
보은군,2017-09-01,1594.0,1210.0,1275.0,1427.0,5506.0,18.0,18.0,17.0,21.0,74.0,25.0,23.0,19.0,16.0,83.0,-7.0,-5.0,-2.0,5.0,-9.0,30.6,10404.0,34052.0,7035.0,264.0,278.0,-14.0,,2017,9,2017-09,0.0,0.0,,0.0,0.0,0.0,0.0,0.0,1,treatment,0,0,-1.6345804576825282,13.439883763167453,15.074464220849983,0.0,0.0
보은군,2017-10-01,1585.0,1214.0,1273.0,1425.0,5497.0,13.0,18.0,12.0,17.0,60.0,20.0,16.0,11.0,18.0,65.0,-7.0,2.0,1.0,-1.0,-5.0,30.6,10443.0,34073.0,6979.0,201.0,246.0,-45.0,,2017,10,2017-10,0.0,0.0,,0.0,0.0,0.0,0.0,0.0,1,treatment,0,0,-0.9095870474804438,10.915044569765326,11.824631617245771,0.0,0.0
보은군,2017-11-01,1577.0,1220.0,1278.0,1419.0,5494.0,15.0,18.0,21.0,18.0,72.0,25.0,20.0,17.0,27.0,89.0,-10.0,-2.0,4.0,-9.0,-17.0,30.7,10449.0,34066.0,7004.0,304.0,281.0,23.0,,2017,11,2017-11,0.0,0.0,,0.0,0.0,0.0,0.0,0.0,1,treatment,0,0,-3.0942846741900256,13.105205678922461,16.199490353112488,0.0,0.0
보은군,2017-12-01,1562.0,1226.0,1269.0,1418.0,5475.0,12.0,29.0,31.0,28.0,100.0,23.0,29.0,27.0,27.0,106.0,-11.0,0.0,4.0,1.0,-6.0,30.7,10461.0,34053.0,6782.0,222.0,461.0,-239.0,,2017,12,2017-12,0.0,0.0,,0.0,0.0,0.0,0.0,0.0,1,treatment,0,0,-1.095890410958904,18.264840182648403,19.360730593607308,0.0,0.0
보은군,2018-01-01,1564.0,1217.0,1255.0,1447.0,5483.0,20.0,20.0,20.0,32.0,92.0,27.0,32.0,24.0,20.0,103.0,-7.0,-12.0,-4.0,12.0,-11.0,30.8,10465.0,34032.0,6702.0,414.0,494.0,-80.0,8.079342041606186,2018,1,2018-01,0.0,0.0,,0.0,0.0,0.0,0.0,0.0,1,treatment,0,0,-2.0062009848623017,16.77913550975743,18.785336494619735,0.0,0.0
보은군,2018-02-01,1558.0,1209.0,1238.0,1450.0,5455.0,17.0,19.0,13.0,21.0,70.0,31.0,25.0,26.0,21.0,103.0,-14.0,-6.0,-13.0,0.0,-33.0,30.8,10477.0,33999.0,6900.0,350.0,170.0,180.0,6.235565819861422,2018,2,2018-02,0.0,0.0,,0.0,0.0,0.0,0.0,0.0,1,treatment,0,0,-6.049495875343721,12.832263978001833,18.881759853345553,0.0,0.0
보은군,2018-03-01,1550.0,1200.0,1230.0,1461.0,5441.0,23.0,15.0,20.0,24.0,82.0,37.0,31.0,27.0,23.0,118.0,-14.0,-16.0,-7.0,1.0,-36.0,30.9,10505.0,33947.0,7096.0,463.0,263.0,200.0,6.466616654163548,2018,3,2018-03,0.0,0.0,,0.0,0.0,0.0,0.0,0.0,1,treatment,0,0,-6.616430803161184,15.070759051644918,21.687189854806103,0.0,0.0
보은군,2018-04-01,1540.0,1205.0,1223.0,1453.0,5421.0,15.0,28.0,15.0,21.0,79.0,18.0,34.0,25.0,23.0,100.0,-3.0,-6.0,-10.0,-2.0,-21.0,31.0,10508.0,33931.0,7257.0,504.0,328.0,176.0,6.096491228070167,2018,4,2018-04,0.0,0.0,,0.0,0.0,0.0,0.0,0.0,1,treatment,0,0,-3.87382401770891,14.572957019000185,18.446781036709094,0.0,0.0
보은군,2018-05-01,1528.0,1205.0,1222.0,1457.0,5412.0,21.0,19.0,19.0,19.0,78.0,26.0,31.0,18.0,14.0,89.0,-5.0,-12.0,1.0,5.0,-11.0,31.1,10542.0,33921.0,7120.0,263.0,388.0,-125.0,3.4282393957001833,2018,5,2018-05,0.0,0.0,,0.0,0.0,0.0,0.0,0.0,1,treatment,0,0,-2.032520325203252,14.412416851441241,16.444937176644494,0.0,0.0
보은군,2018-06-01,1511.0,1216.0,1204.0,1454.0,5385.0,9.0,17.0,10.0,14.0,50.0,21.0,22.0,18.0,15.0,76.0,-12.0,-5.0,-8.0,-1.0,-26.0,31.1,10549.0,33876.0,7185.0,311.0,251.0,60.0,4.493891797556726,2018,6,2018-06,0.0,0.0,,0.0,0.0,0.0,0.0,0.0,1,treatment,0,0,-4.8282265552460535,9.285051067780874,14.113277623026926,0.0,0.0
보은군,2018-07-01,1493.0,1206.0,1205.0,1446.0,5350.0,7.0,17.0,18.0,16.0,58.0,25.0,25.0,21.0,23.0,94.0,-18.0,-8.0,-3.0,-7.0,-36.0,31.2,10550.0,33815.0,7334.0,392.0,273.0,119.0,4.876304876304882,2018,7,2018-07,0.0,0.0,,0.0,0.0,0.0,0.0,0.0,1,treatment,0,0,-6.728971962616822,10.841121495327103,17.570093457943926,0.0,0.0
보은군,2018-08-01,1479.0,1204.0,1195.0,1444.0,5322.0,12.0,13.0,15.0,17.0,57.0,27.0,21.0,24.0,21.0,93.0,-15.0,-8.0,-9.0,-4.0,-36.0,31.3,10555.0,33762.0,7310.0,206.0,230.0,-24.0,3.776263486655318,2018,8,2018-08,0.0,0.0,,0.0,0.0,0.0,0.0,0.0,1,treatment,0,0,-6.764374295377678,10.710259301014656,17.474633596392334,0.0,0.0
보은군,2018-09-01,1465.0,1214.0,1179.0,1437.0,5295.0,7.0,13.0,12.0,11.0,43.0,16.0,18.0,19.0,17.0,70.0,-9.0,-5.0,-7.0,-6.0,-27.0,31.3,10572.0,33725.0,7244.0,239.0,300.0,-61.0,2.970859985785368,2018,9,2018-09,0.0,0.0,,0.0,0.0,0.0,0.0,0.0,1,treatment,0,0,-5.09915014164306,8.120868744098205,13.220018885741265,0.0,0.0
보은군,2018-10-01,1475.0,1211.0,1159.0,1438.0,5283.0,17.0,16.0,11.0,22.0,66.0,20.0,28.0,27.0,22.0,97.0,-3.0,-12.0,-16.0,0.0,-31.0,31.5,10601.0,33704.0,7202.0,252.0,285.0,-33.0,3.195300186273098,2018,10,2018-10,0.0,0.0,,0.0,0.0,0.0,0.0,0.0,1,treatment,0,0,-5.867878099564641,12.49290176036343,18.360779859928073,0.0,0.0
보은군,2018-11-01,1480.0,1193.0,1167.0,1423.0,5263.0,20.0,19.0,21.0,14.0,74.0,25.0,26.0,23.0,22.0,96.0,-5.0,-7.0,-2.0,-8.0,-22.0,31.5,10618.0,33668.0,7280.0,403.0,323.0,80.0,3.9406053683609388,2018,11,2018-11,0.0,0.0,,0.0,0.0,0.0,0.0,0.0,1,treatment,0,0,-4.180125403762113,14.06042181265438,18.24054721641649,0.0,0.0
보은군,2018-12-01,1500.0,1206.0,1148.0,1417.0,5271.0,27.0,36.0,16.0,24.0,103.0,24.0,30.0,21.0,22.0,97.0,3.0,6.0,-5.0,2.0,6.0,31.6,10648.0,33680.0,7033.0,251.0,505.0,-254.0,3.7009731642583255,2018,12,2018-12,0.0,0.0,,0.0,0.0,0.0,0.0,0.0,1,treatment,0,0,1.1383039271485487,19.54088408271675,18.402580155568202,0.0,0.0
보은군,2019-01-01,1466.0,1197.0,1152.0,1401.0,5216.0,20.0,15.0,31.0,21.0,87.0,48.0,29.0,22.0,32.0,131.0,-28.0,-14.0,9.0,-11.0,-44.0,31.8,10680.0,33622.0,6951.0,517.0,595.0,-78.0,3.7153088630259568,2019,1,2019-01,0.0,0.0,,0.0,0.0,0.0,0.0,0.0,1,treatment,0,0,-8.43558282208589,16.679447852760735,25.115030674846626,0.0,0.0
보은군,2019-02-01,1450.0,1189.0,1147.0,1400.0,5186.0,11.0,18.0,25.0,27.0,81.0,27.0,33.0,24.0,15.0,99.0,-16.0,-15.0,1.0,12.0,-18.0,31.8,10693.0,33587.0,7154.0,415.0,212.0,203.0,3.681159420289859,2019,2,2019-02,0.0,0.0,,0.0,0.0,0.0,0.0,0.0,1,treatment,0,0,-3.470883146934053,15.618974161203239,19.089857308137294,0.0,0.0
보은군,2019-03-01,1449.0,1189.0,1139.0,1389.0,5166.0,16.0,24.0,26.0,21.0,87.0,33.0,23.0,39.0,21.0,116.0,-17.0,1.0,-13.0,0.0,-29.0,32.0,10740.0,33538.0,7401.0,448.0,242.0,206.0,4.298196166854562,2019,3,2019-03,0.0,0.0,,0.0,0.0,0.0,0.0,0.0,1,treatment,0,0,-5.613627564847077,16.840882694541232,22.454510259388307,0.0,0.0
보은군,2019-04-01,1452.0,1187.0,1125.0,1387.0,5151.0,7.0,21.0,13.0,19.0,60.0,23.0,25.0,24.0,14.0,86.0,-16.0,-4.0,-11.0,5.0,-26.0,32.2,10755.0,33448.0,7537.0,458.0,308.0,150.0,3.8583436681824512,2019,4,2019-04,0.0,0.0,,0.0,0.0,0.0,0.0,0.0,1,treatment,0,0,-5.047563579887401,11.648223645894001,16.6957872257814,0.0,0.0
보은군,2019-05-01,1446.0,1163.0,1119.0,1387.0,5115.0,16.0,15.0,16.0,12.0,59.0,24.0,49.0,18.0,17.0,108.0,-8.0,-34.0,-2.0,-5.0,-49.0,32.3,10762.0,33368.0,7567.0,430.0,407.0,23.0,6.278089887640448,2019,5,2019-05,0.0,0.0,,0.0,0.0,0.0,0.0,0.0,1,treatment,0,0,-9.579667644183774,11.534701857282503,21.114369501466275,0.0,0.0
보은군,2019-06-01,1442.0,1162.0,1104.0,1376.0,5084.0,14.0,21.0,16.0,20.0,71.0,21.0,30.0,27.0,25.0,103.0,-7.0,-9.0,-11.0,-5.0,-32.0,32.4,10776.0,33285.0,7590.0,292.0,302.0,-10.0,5.636743215031315,2019,6,2019-06,0.0,0.0,,0.0,0.0,0.0,0.0,0.0,1,treatment,0,0,-6.294256490952006,13.965381589299763,20.25963808025177,0.0,0.0
보은군,2019-07-01,1429.0,1154.0,1101.0,1360.0,5044.0,14.0,14.0,17.0,12.0,57.0,27.0,26.0,20.0,16.0,89.0,-13.0,-12.0,-3.0,-4.0,-32.0,32.5,10784.0,33223.0,7599.0,344.0,354.0,-10.0,3.613307881101724,2019,7,2019-07,0.0,0.0,,0.0,0.0,0.0,0.0,0.0,1,treatment,0,0,-6.3441712926249005,11.300555114988105,17.644726407613007,0.0,0.0
보은군,2019-08-01,1436.0,1146.0,1086.0,1348.0,5016.0,20.0,13.0,13.0,19.0,65.0,23.0,25.0,20.0,24.0,92.0,-3.0,-12.0,-7.0,-5.0,-27.0,32.6,10813.0,33177.0,7677.0,265.0,203.0,62.0,5.020519835841308,2019,8,2019-08,0.0,0.0,,0.0,0.0,0.0,0.0,0.0,1,treatment,0,0,-5.382775119617225,12.958532695374801,18.341307814992025,0.0,0.0
보은군,2019-09-01,1441.0,1135.0,1072.0,1351.0,4999.0,19.0,21.0,7.0,15.0,62.0,25.0,30.0,19.0,15.0,89.0,-6.0,-9.0,-12.0,0.0,-27.0,32.7,10850.0,33139.0,7710.0,278.0,238.0,40.0,6.4329099944781865,2019,9,2019-09,0.0,0.0,,0.0,0.0,0.0,0.0,0.0,1,treatment,0,0,-5.4010802160432085,12.40248049609922,17.803560712142428,0.0,0.0
보은군,2019-10-01,1424.0,1124.0,1069.0,1347.0,4964.0,13.0,17.0,11.0,20.0,61.0,28.0,30.0,19.0,21.0,98.0,-15.0,-13.0,-8.0,-1.0,-37.0,32.9,10870.0,33087.0,7717.0,321.0,316.0,5.0,7.150791446820337,2019,10,2019-10,0.0,0.0,,0.0,0.0,0.0,0.0,0.0,1,treatment,0,0,-7.453666398066075,12.288477034649476,19.74214343271555,0.0,0.0
보은군,2019-11-01,1424.0,1116.0,1055.0,1342.0,4937.0,14.0,20.0,15.0,20.0,69.0,18.0,28.0,24.0,23.0,93.0,-4.0,-8.0,-9.0,-3.0,-24.0,33.0,10884.0,33008.0,7780.0,407.0,343.0,64.0,6.868131868131866,2019,11,2019-11,0.0,0.0,,0.0,0.0,0.0,0.0,0.0,1,treatment,0,0,-4.861251772331375,13.976098845452704,18.83735061778408,0.0,0.0
보은군,2019-12-01,1428.0,1113.0,1047.0,1327.0,4915.0,23.0,23.0,18.0,9.0,73.0,25.0,27.0,19.0,19.0,90.0,-2.0,-4.0,-1.0,-10.0,-17.0,33.1,10909.0,32949.0,7408.0,196.0,571.0,-375.0,5.332006256220678,2019,12,2019-12,0.0,0.0,,0.0,0.0,0.0,0.0,0.0,1,treatment,0,0,-3.458799593082401,14.852492370295016,18.311291963377418,0.0,0.0
보은군,2020-01-01,1415.0,1103.0,1046.0,1324.0,4888.0,34.0,24.0,20.0,17.0,95.0,43.0,39.0,21.0,15.0,118.0,-9.0,-15.0,-1.0,2.0,-23.0,33.3,10939.0,32899.0,7253.0,495.0,652.0,-157.0,4.344698604517339,2020,1,2020-01,0.0,0.0,,0.0,0.0,0.0,0.0,0.0,1,treatment,0,0,-4.705400981996727,19.435351882160393,24.14075286415712,0.0,0.0
보은군,2020-02-01,1401.0,1091.0,1034.0,1328.0,4854.0,14.0,20.0,11.0,28.0,73.0,38.0,31.0,18.0,17.0,104.0,-24.0,-11.0,-7.0,11.0,-31.0,33.5,10989.0,32840.0,7535.0,546.0,276.0,270.0,5.325691920603859,2020,2,2020-02,0.0,0.0,,0.0,0.0,0.0,0.0,0.0,1,treatment,0,0,-6.386485372888339,15.03914297486609,21.42562834775443,0.0,0.0
보은군,2020-03-01,1385.0,1087.0,1016.0,1324.0,4812.0,23.0,28.0,12.0,17.0,80.0,33.0,41.0,25.0,27.0,126.0,-10.0,-13.0,-13.0,-10.0,-46.0,33.7,11024.0,32760.0,7799.0,576.0,315.0,261.0,5.377651668693417,2020,3,2020-03,0.0,0.0,,0.0,0.0,0.0,0.0,0.0,1,treatment,0,0,-9.559434746467165,16.62510390689942,26.184538653366584,0.0,0.0
보은군,2020-04-01,1384.0,1065.0,996.0,1329.0,4774.0,22.0,12.0,11.0,9.0,54.0,36.0,32.0,23.0,9.0,100.0,-14.0,-20.0,-12.0,0.0,-46.0,33.8,11052.0,32699.0,7931.0,483.0,355.0,128.0,5.2275441156959035,2020,4,2020-04,0.0,0.0,,0.0,0.0,0.0,0.0,0.0,1,treatment,0,0,-9.635525764558023,11.311269375785505,20.94679514034353,0.0,0.0
보은군,2020-05-01,1371.0,1072.0,980.0,1327.0,4750.0,12.0,15.0,15.0,12.0,54.0,34.0,20.0,17.0,18.0,89.0,-22.0,-5.0,-2.0,-6.0,-35.0,33.9,11066.0,32653.0,8072.0,319.0,165.0,154.0,6.673714814325371,2020,5,2020-05,0.0,0.0,,0.0,0.0,0.0,0.0,0.0,1,treatment,0,0,-7.368421052631579,11.368421052631579,18.736842105263158,0.0,0.0
보은군,2020-06-01,1369.0,1064.0,981.0,1306.0,4720.0,10.0,23.0,22.0,18.0,73.0,21.0,33.0,24.0,21.0,99.0,-11.0,-10.0,-2.0,-3.0,-26.0,34.0,11080.0,32578.0,7976.0,349.0,433.0,-84.0,5.085638998682485,2020,6,2020-06,0.0,0.0,,0.0,0.0,0.0,0.0,0.0,1,treatment,0,0,-5.508474576271187,15.466101694915254,20.97457627118644,0.0,0.0
보은군,2020-07-01,1353.0,1051.0,975.0,1295.0,4674.0,14.0,23.0,14.0,11.0,62.0,41.0,33.0,18.0,20.0,112.0,-27.0,-10.0,-4.0,-9.0,-50.0,34.2,11111.0,32522.0,8064.0,409.0,329.0,80.0,6.119226213975515,2020,7,2020-07,0.0,0.0,,0.0,0.0,0.0,0.0,0.0,1,treatment,0,0,-10.69747539580659,13.264869490800171,23.96234488660676,0.0,0.0
보은군,2020-08-01,1349.0,1048.0,975.0,1294.0,4666.0,13.0,28.0,21.0,17.0,79.0,18.0,29.0,21.0,17.0,85.0,-5.0,-1.0,0.0,0.0,-6.0,34.2,11133.0,32522.0,8196.0,375.0,238.0,137.0,6.760453302071112,2020,8,2020-08,0.0,0.0,,0.0,0.0,0.0,0.0,0.0,1,treatment,0,0,-1.2858979854264896,16.930990141448778,18.21688812687527,0.0,0.0
보은군,2020-09-01,1344.0,1055.0,974.0,1284.0,4657.0,16.0,24.0,16.0,9.0,65.0,24.0,22.0,19.0,15.0,80.0,-8.0,2.0,-3.0,-6.0,-15.0,34.4,11176.0,32522.0,8220.0,374.0,338.0,36.0,6.6147859922178975,2020,9,2020-09,0.0,0.0,,0.0,0.0,0.0,0.0,0.0,1,treatment,0,0,-3.2209576980888985,13.957483358385227,17.178441056474124,0.0,0.0
보은군,2020-10-01,1339.0,1045.0,972.0,1265.0,4621.0,14.0,14.0,16.0,19.0,63.0,22.0,27.0,15.0,26.0,90.0,-8.0,-13.0,1.0,-7.0,-27.0,34.4,11177.0,32476.0,8196.0,271.0,288.0,-17.0,6.207075288324471,2020,10,2020-10,0.0,0.0,,0.0,0.0,0.0,0.0,0.0,1,treatment,0,0,-5.842891149101926,13.633412681237827,19.476303830339752,0.0,0.0
보은군,2020-11-01,1341.0,1041.0,958.0,1258.0,4598.0,17.0,15.0,16.0,23.0,71.0,19.0,27.0,25.0,20.0,91.0,-2.0,-12.0,-9.0,3.0,-20.0,34.5,11193.0,32456.0,8251.0,431.0,354.0,77.0,6.05398457583548,2020,11,2020-11,0.0,0.0,,0.0,0.0,0.0,0.0,0.0,1,treatment,0,0,-4.349717268377556,15.441496302740322,19.791213571117876,0.0,0.0
보은군,2020-12-01,1341.0,1036.0,942.0,1268.0,4587.0,30.0,30.0,11.0,29.0,100.0,29.0,45.0,23.0,21.0,118.0,1.0,-15.0,-12.0,8.0,-18.0,34.6,11217.0,32412.0,7844.0,260.0,654.0,-394.0,5.88552915766738,2020,12,2020-12,0.0,0.0,,0.0,0.0,0.0,0.0,0.0,1,treatment,0,0,-3.924133420536298,21.80074122520166,25.724874645737955,0.0,0.0
보은군,2021-01-01,1335.0,1028.0,935.0,1259.0,4557.0,20.0,22.0,17.0,26.0,85.0,29.0,29.0,29.0,25.0,112.0,-9.0,-7.0,-12.0,1.0,-27.0,34.9,11281.0,32364.0,7563.0,530.0,785.0,-255.0,4.274093478560603,2021,1,2021-01,0.0,0.0,,0.0,0.0,0.0,0.0,0.0,1,treatment,0,0,-5.924950625411455,18.652622339258283,24.577572964669738,0.0,0.0
보은군,2021-02-01,1321.0,1023.0,933.0,1241.0,4518.0,20.0,17.0,16.0,25.0,78.0,32.0,28.0,13.0,22.0,95.0,-12.0,-11.0,3.0,3.0,-17.0,35.0,11316.0,32371.0,7910.0,604.0,237.0,367.0,4.976775049767745,2021,2,2021-02,0.0,0.0,,0.0,0.0,0.0,0.0,0.0,1,treatment,0,0,-3.7627268702965915,17.264276228419654,21.027003098716246,0.0,0.0
보은군,2021-03-01,1308.0,1023.0,927.0,1217.0,4475.0,21.0,22.0,10.0,20.0,73.0,35.0,31.0,7.0,32.0,105.0,-14.0,-9.0,3.0,-12.0,-32.0,35.1,11300.0,32206.0,8067.0,559.0,363.0,196.0,3.4363379920502535,2021,3,2021-03,0.0,0.0,,0.0,0.0,0.0,0.0,0.0,1,treatment,0,0,-7.150837988826815,16.312849162011172,23.463687150837988,0.0,0.0
보은군,2021-04-01,1317.0,1029.0,915.0,1205.0,4466.0,17.0,19.0,11.0,14.0,61.0,22.0,17.0,17.0,22.0,78.0,-5.0,2.0,-6.0,-8.0,-17.0,35.2,11327.0,32211.0,8186.0,448.0,275.0,173.0,3.215231370571181,2021,4,2021-04,0.0,0.0,,0.0,0.0,0.0,0.0,0.0,1,treatment,0,0,-3.80653828929691,13.658755038065383,17.465293327362293,0.0,0.0
보은군,2021-05-01,1310.0,1024.0,911.0,1190.0,4435.0,13.0,23.0,17.0,14.0,67.0,25.0,28.0,24.0,22.0,99.0,-12.0,-5.0,-7.0,-8.0,-32.0,35.3,11355.0,32180.0,8126.0,394.0,450.0,-56.0,0.6689791873141671,2021,5,2021-05,0.0,0.0,,0.0,0.0,0.0,0.0,0.0,1,treatment,0,0,-7.215332581736189,15.107102593010147,22.322435174746335,0.0,0.0
보은군,2021-06-01,1298.0,1032.0,897.0,1173.0,4400.0,13.0,27.0,9.0,14.0,63.0,26.0,29.0,25.0,12.0,92.0,-13.0,-2.0,-16.0,2.0,-29.0,35.4,11365.0,32096.0,8224.0,450.0,335.0,115.0,3.1093279839518484,2021,6,2021-06,0.0,0.0,,0.0,0.0,0.0,0.0,0.0,1,treatment,0,0,-6.590909090909091,14.318181818181818,20.90909090909091,0.0,0.0
보은군,2021-07-01,1299.0,1024.0,886.0,1180.0,4389.0,16.0,13.0,17.0,13.0,59.0,21.0,22.0,23.0,8.0,74.0,-5.0,-9.0,-6.0,5.0,-15.0,35.5,11395.0,32062.0,8188.0,395.0,440.0,-45.0,1.5376984126984183,2021,7,2021-07,0.0,0.0,,0.0,0.0,0.0,0.0,0.0,1,treatment,0,0,-3.417634996582365,13.442697653223968,16.860332649806335,0.0,0.0
보은군,2021-08-01,1274.0,1017.0,872.0,1175.0,4338.0,10.0,19.0,11.0,16.0,56.0,26.0,32.0,21.0,13.0,92.0,-16.0,-13.0,-10.0,3.0,-36.0,35.6,11409.0,32004.0,8194.0,329.0,307.0,22.0,-0.024402147388968842,2021,8,2021-08,0.0,0.0,,0.0,0.0,0.0,0.0,0.0,1,treatment,0,0,-8.298755186721992,12.909174734900876,21.207929921622867,0.0,0.0
보은군,2021-09-01,1255.0,997.0,866.0,1163.0,4281.0,20.0,17.0,11.0,10.0,58.0,42.0,34.0,16.0,15.0,107.0,-22.0,-17.0,-5.0,-5.0,-49.0,35.8,11424.0,31893.0,8213.0,286.0,297.0,-11.0,-0.08515815085158307,2021,9,2021-09,0.0,0.0,,0.0,0.0,0.0,0.0,0.0,1,treatment,0,0,-11.445923849567858,13.548236393366036,24.994160242933894,0.0,0.0
보은군,2021-10-01,1251.0,992.0,866.0,1150.0,4259.0,13.0,16.0,18.0,11.0,58.0,22.0,24.0,16.0,25.0,87.0,-9.0,-8.0,2.0,-14.0,-29.0,36.0,11460.0,31863.0,8318.0,473.0,368.0,105.0,1.4885309907271882,2021,10,2021-10,0.0,0.0,,0.0,0.0,0.0,0.0,0.0,1,treatment,0,0,-6.809110119746419,13.618220239492839,20.427330359239257,0.0,0.0
보은군,2021-11-01,1242.0,995.0,875.0,1150.0,4262.0,12.0,32.0,22.0,14.0,80.0,26.0,26.0,15.0,9.0,76.0,-14.0,6.0,7.0,5.0,4.0,36.0,11466.0,31862.0,8336.0,363.0,355.0,8.0,1.0301781602229942,2021,11,2021-11,0.0,0.0,,0.0,0.0,0.0,0.0,0.0,1,treatment,0,0,0.9385265133740028,18.770530267480055,17.832003754106054,0.0,0.0
보은군,2021-12-01,1254.0,993.0,874.0,1142.0,4263.0,36.0,36.0,20.0,16.0,108.0,30.0,39.0,21.0,16.0,106.0,6.0,-3.0,-1.0,0.0,2.0,36.1,11506.0,31878.0,7971.0,238.0,592.0,-354.0,1.619071902090763,2021,12,2021-12,0.0,0.0,,0.0,0.0,0.0,0.0,0.0,1,treatment,0,0,0.46915317851278443,25.33427163969036,24.865118461177573,0.0,0.0
보은군,2022-01-01,1245.0,991.0,888.0,1113.0,4237.0,19.0,21.0,16.0,11.0,67.0,30.0,31.0,8.0,12.0,81.0,-11.0,-10.0,8.0,-1.0,-14.0,36.3,11558.0,31871.0,7919.0,658.0,704.0,-46.0,4.707126801533779,2022,1,2022-01,6000.0,6000.0,1.0,1.0,0.0,0.0,0.0,0.0,1,treatment,1,1,-3.304224687278735,15.81307528911966,19.117299976398396,188258.91876627656,188258.91876627656
보은군,2022-02-01,1234.0,950.0,877.0,1128.0,4189.0,12.0,19.0,12.0,19.0,62.0,34.0,36.0,22.0,9.0,101.0,-22.0,-17.0,-10.0,10.0,-39.0,36.4,11594.0,31812.0,8126.0,434.0,223.0,211.0,2.7307206068267975,2022,2,2022-02,6000.0,6000.0,1.0,1.0,0.0,0.0,0.0,0.0,1,treatment,1,1,-9.310097875387921,14.800668417283362,24.110766292671283,188608.07242549982,188608.07242549982
보은군,2022-03-01,1236.0,950.0,867.0,1126.0,4179.0,10.0,24.0,10.0,15.0,59.0,24.0,24.0,18.0,9.0,75.0,-14.0,0.0,-8.0,6.0,-16.0,36.6,11624.0,31800.0,8301.0,506.0,332.0,174.0,2.9007065823726252,2022,3,2022-03,6000.0,6000.0,1.0,1.0,0.0,0.0,0.0,0.0,1,treatment,1,1,-3.82866714525006,14.118210098109596,17.946877243359655,188679.24528301886,188679.24528301886
보은군,2022-04-01,1244.0,949.0,860.0,1130.0,4183.0,11.0,23.0,10.0,18.0,62.0,11.0,21.0,18.0,9.0,59.0,0.0,2.0,-8.0,9.0,3.0,36.6,11644.0,31792.0,8417.0,453.0,320.0,133.0,2.8218910334717906,2022,4,2022-04,6000.0,6000.0,1.0,1.0,0.0,0.0,0.0,0.0,1,treatment,1,1,0.7171886206072197,14.821898159215873,14.104709538608654,188726.7237040765,188726.7237040765
보은군,2022-05-01,1246.0,947.0,873.0,1119.0,4185.0,14.0,22.0,16.0,16.0,68.0,14.0,21.0,10.0,18.0,63.0,0.0,1.0,6.0,-2.0,5.0,36.7,11661.0,31807.0,8304.0,366.0,475.0,-109.0,2.1904996308146796,2022,5,2022-05,6000.0,6000.0,1.0,1.0,0.0,0.0,0.0,0.0,1,treatment,1,1,1.1947431302270013,16.248506571087216,15.053763440860216,188637.72125632723,188637.72125632723
보은군,2022-06-01,1243.0,943.0,861.0,1116.0,4163.0,10.0,15.0,18.0,11.0,54.0,13.0,25.0,21.0,9.0,68.0,-3.0,-10.0,-3.0,2.0,-14.0,36.8,11707.0,31798.0,8366.0,386.0,333.0,53.0,1.7266536964980483,2022,6,2022-06,6000.0,6000.0,1.0,1.0,0.0,0.0,0.0,0.0,1,treatment,1,1,-3.3629594042757627,12.971414845063656,16.33437424933942,188691.11264859425,188691.11264859425
보은군,2022-07-01,1234.0,938.0,862.0,1112.0,4146.0,11.0,23.0,5.0,17.0,56.0,25.0,21.0,11.0,8.0,65.0,-14.0,2.0,-6.0,9.0,-9.0,36.9,11720.0,31770.0,8336.0,457.0,492.0,-35.0,1.8075232046897982,2022,7,2022-07,6000.0,6000.0,1.0,1.0,0.0,0.0,0.0,0.0,1,treatment,1,1,-2.170767004341534,13.506994693680657,15.67776169802219,188857.41265344663,188857.41265344663
보은군,2022-08-01,1210.0,935.0,847.0,1115.0,4107.0,9.0,10.0,11.0,15.0,45.0,31.0,23.0,14.0,13.0,81.0,-22.0,-13.0,-3.0,2.0,-36.0,37.1,11752.0,31714.0,8422.0,364.0,278.0,86.0,2.782523797900893,2022,8,2022-08,6000.0,6000.0,1.0,1.0,0.0,0.0,0.0,0.0,1,treatment,1,1,-8.765522279035793,10.95690284879474,19.722425127830533,189190.89361165417,189190.89361165417
보은군,2022-09-01,1195.0,937.0,848.0,1107.0,4087.0,9.0,18.0,18.0,14.0,59.0,16.0,20.0,16.0,17.0,69.0,-7.0,-2.0,2.0,-3.0,-10.0,37.2,11735.0,31587.0,8437.0,247.0,308.0,-61.0,2.7273834165347566,2022,9,2022-09,6000.0,6000.0,1.0,1.0,0.0,0.0,0.0,0.0,1,treatment,1,1,-2.446782481037436,14.43601663812087,16.882799119158307,189951.56235160035,189951.56235160035
보은군,2022-10-01,1191.0,935.0,851.0,1090.0,4067.0,11.0,16.0,14.0,14.0,55.0,21.0,16.0,15.0,18.0,70.0,-10.0,0.0,-1.0,-4.0,-15.0,37.3,11746.0,31524.0,8714.0,526.0,410.0,116.0,4.760759798028369,2022,10,2022-10,6000.0,6000.0,1.0,1.0,0.0,0.0,0.0,0.0,1,treatment,1,1,-3.688222276862552,13.523481681829358,17.21170395869191,190331.1762466692,190331.1762466692
보은군,2022-11-01,1178.0,945.0,846.0,1092.0,4061.0,20.0,17.0,19.0,19.0,75.0,25.0,25.0,19.0,13.0,82.0,-5.0,-8.0,0.0,6.0,-7.0,37.3,11760.0,31491.0,8629.0,875.0,931.0,-56.0,3.514875239923221,2022,11,2022-11,6000.0,6000.0,1.0,1.0,0.0,0.0,0.0,0.0,1,treatment,1,1,-1.7237133710908643,18.468357547402118,20.19207091849298,190530.6277984186,190530.6277984186
보은군,2022-12-01,1180.0,941.0,833.0,1076.0,4030.0,15.0,19.0,8.0,10.0,52.0,22.0,17.0,24.0,12.0,75.0,-7.0,2.0,-16.0,-2.0,-23.0,37.5,11795.0,31455.0,8305.0,266.0,582.0,-316.0,4.190189436708058,2022,12,2022-12,6000.0,6000.0,1.0,1.0,0.0,0.0,0.0,0.0,1,treatment,1,1,-5.707196029776675,12.903225806451612,18.610421836228287,190748.68860276585,190748.68860276585
보은군,2023-01-01,1168.0,933.0,841.0,1053.0,3995.0,18.0,22.0,15.0,8.0,63.0,26.0,26.0,12.0,14.0,78.0,-8.0,-4.0,3.0,-6.0,-15.0,37.6,11831.0,31453.0,8247.0,678.0,728.0,-50.0,4.141937113271887,2023,1,2023-01,8000.0,7900.0,0.988,3.0,0.0,1.0,0.0,0.3333333333333333,1,treatment,1,1,-3.7546933667083855,15.76971214017522,19.524405506883603,254347.7569707182,251168.41000858424
보은군,2023-02-01,1140.0,946.0,829.0,1048.0,3963.0,19.0,20.0,15.0,11.0,65.0,39.0,20.0,15.0,7.0,81.0,-20.0,0.0,0.0,4.0,-16.0,37.8,11885.0,31444.0,8490.0,490.0,254.0,236.0,4.479448683238996,2023,2,2023-02,8000.0,7900.0,0.988,3.0,0.0,1.0,0.0,0.3333333333333333,1,treatment,1,1,-4.037345445369669,16.401715871814282,20.439061317183953,254420.55718102024,251240.30021625748
보은군,2023-03-01,1118.0,951.0,837.0,1041.0,3947.0,13.0,28.0,13.0,12.0,66.0,33.0,25.0,13.0,13.0,84.0,-20.0,3.0,0.0,-1.0,-18.0,38.0,11939.0,31414.0,8628.0,572.0,312.0,260.0,3.939284423563416,2023,3,2023-03,8000.0,7900.0,0.988,3.0,0.0,1.0,0.0,0.3333333333333333,1,treatment,1,1,-4.5604256397263745,16.721560678996706,21.28198631872308,254663.52581651494,251480.2317438085
보은군,2023-04-01,1108.0,944.0,837.0,1052.0,3941.0,14.0,12.0,10.0,11.0,47.0,17.0,22.0,14.0,7.0,60.0,-3.0,-10.0,-4.0,4.0,-13.0,38.1,11965.0,31375.0,8727.0,407.0,258.0,149.0,3.6830224545562507,2023,4,2023-04,8000.0,7900.0,0.988,3.0,0.0,1.0,0.0,0.3333333333333333,1,treatment,1,1,-3.2986551636640447,11.925907130170007,15.224562293834053,254980.0796812749,251792.82868525895
보은군,2023-05-01,1096.0,943.0,841.0,1046.0,3926.0,12.0,15.0,16.0,12.0,55.0,21.0,16.0,17.0,9.0,63.0,-9.0,-1.0,-1.0,3.0,-8.0,38.3,11993.0,31349.0,8595.0,271.0,392.0,-121.0,3.5043352601155986,2023,5,2023-05,8000.0,7900.0,0.988,3.0,0.0,1.0,0.0,0.3333333333333333,1,treatment,1,1,-2.0376974019358127,14.00916963830871,16.046867040244525,255191.5531595904,252001.65874509554
보은군,2023-06-01,1094.0,928.0,849.0,1036.0,3907.0,7.0,14.0,14.0,11.0,46.0,11.0,26.0,15.0,10.0,62.0,-4.0,-12.0,-1.0,1.0,-16.0,38.3,12004.0,31310.0,8655.0,380.0,301.0,79.0,3.4544585225914526,2023,6,2023-06,8000.0,7900.0,0.988,3.0,0.0,1.0,0.0,0.3333333333333333,1,treatment,1,1,-4.095213718965958,11.77373944202713,15.868953160993089,255509.42190993292,252315.55413605878
보은군,2023-07-01,1086.0,920.0,850.0,1034.0,3890.0,11.0,19.0,15.0,10.0,55.0,22.0,23.0,14.0,10.0,69.0,-11.0,-4.0,1.0,0.0,-14.0,38.5,12017.0,31241.0,8704.0,388.0,342.0,46.0,4.414587332053732,2023,7,2023-07,8000.0,7900.0,0.988,3.0,0.0,1.0,0.0,0.3333333333333333,1,treatment,1,1,-3.5989717223650386,14.138817480719794,17.737789203084834,256073.74923978106,252872.8273742838
보은군,2023-08-01,1063.0,919.0,842.0,1024.0,3848.0,6.0,11.0,8.0,9.0,34.0,30.0,16.0,14.0,16.0,76.0,-24.0,-5.0,-6.0,-7.0,-42.0,38.7,12052.0,31168.0,8729.0,308.0,258.0,50.0,3.645214913322259,2023,8,2023-08,8000.0,7900.0,0.988,3.0,0.0,1.0,0.0,0.3333333333333333,1,treatment,1,1,-10.914760914760915,8.835758835758837,19.75051975051975,256673.5112936345,253465.09240246407
보은군,2023-09-01,1068.0,903.0,847.0,1016.0,3834.0,10.0,13.0,15.0,8.0,46.0,15.0,22.0,17.0,12.0,66.0,-5.0,-9.0,-2.0,-4.0,-20.0,38.8,12091.0,31126.0,8697.0,260.0,278.0,-18.0,3.081664098613257,2023,9,2023-09,8000.0,7900.0,0.988,3.0,0.0,1.0,0.0,0.3333333333333333,1,treatment,1,1,-5.216484089723527,11.99791340636411,17.21439749608764,257019.85478378204,253807.10659898477
보은군,2023-10-01,1059.0,899.0,842.0,1014.0,3814.0,8.0,12.0,15.0,9.0,44.0,16.0,22.0,21.0,7.0,66.0,-8.0,-10.0,-6.0,2.0,-22.0,39.0,12126.0,31073.0,8644.0,291.0,326.0,-35.0,-0.8033050263943076,2023,10,2023-10,8000.0,7900.0,0.988,3.0,0.0,1.0,0.0,0.3333333333333333,1,treatment,1,1,-5.768222338751967,11.536444677503933,17.304667016255898,257458.2434911338,254240.0154474946
보은군,2023-11-01,1068.0,895.0,848.0,1007.0,3818.0,19.0,18.0,17.0,11.0,65.0,13.0,19.0,9.0,13.0,54.0,6.0,-1.0,8.0,-2.0,11.0,39.1,12138.0,31063.0,8737.0,464.0,358.0,106.0,1.251593463900802,2023,11,2023-11,8000.0,7900.0,0.988,3.0,0.0,1.0,0.0,0.3333333333333333,1,treatment,1,1,2.8810895756940806,17.024620220010476,14.143530644316396,257541.12609857388,254321.8620223417
보은군,2023-12-01,1052.0,899.0,846.0,992.0,3789.0,13.0,21.0,19.0,10.0,63.0,21.0,24.0,24.0,15.0,84.0,-8.0,-3.0,-5.0,-5.0,-21.0,39.3,12177.0,31010.0,8404.0,221.0,545.0,-324.0,1.192052980132452,2023,12,2023-12,8000.0,7900.0,0.988,3.0,0.0,1.0,0.0,0.3333333333333333,1,treatment,1,1,-5.542359461599367,16.6270783847981,22.169437846397468,257981.29635601418,254756.53015156402
보은군,2024-01-01,1043.0,900.0,853.0,975.0,3771.0,12.0,25.0,17.0,12.0,66.0,21.0,19.0,16.0,16.0,72.0,-9.0,6.0,1.0,-4.0,-6.0,39.5,12211.0,30950.0,8275.0,579.0,708.0,-129.0,0.33951740026676447,2024,1,2024-01,8000.0,5477.0,0.685,4.0,2.0,0.0,0.5,0.0,1,treatment,1,1,-1.5910898965791567,17.501988862370723,19.09307875894988,258481.42164781905,176962.84329563813
보은군,2024-02-01,1038.0,890.0,845.0,966.0,3739.0,19.0,26.0,14.0,9.0,68.0,40.0,32.0,25.0,9.0,106.0,-21.0,-6.0,-11.0,0.0,-38.0,39.7,12263.0,30906.0,8553.0,580.0,287.0,293.0,0.7420494699646563,2024,2,2024-02,8000.0,5477.0,0.685,4.0,2.0,0.0,0.5,0.0,1,treatment,1,1,-10.163145225996256,18.18668093073014,28.349826156726397,258849.41435320003,177214.78030155957
보은군,2024-03-01,1022.0,903.0,842.0,964.0,3731.0,18.0,25.0,14.0,9.0,66.0,31.0,23.0,12.0,14.0,80.0,-13.0,2.0,2.0,-5.0,-14.0,39.8,12307.0,30884.0,8706.0,499.0,315.0,184.0,0.9040333796940248,2024,3,2024-03,8000.0,5477.0,0.685,4.0,2.0,0.0,0.5,0.0,1,treatment,1,1,-3.75234521575985,17.689627445725005,21.441972661484858,259033.80391141045,177341.01800284936
보은군,2024-04-01,1000.0,909.0,838.0,967.0,3714.0,15.0,15.0,12.0,12.0,54.0,26.0,18.0,13.0,12.0,69.0,-11.0,-3.0,-1.0,0.0,-15.0,40.0,12328.0,30826.0,8833.0,374.0,273.0,101.0,1.214621290248652,2024,4,2024-04,8000.0,5477.0,0.685,4.0,2.0,0.0,0.5,0.0,1,treatment,1,1,-4.038772213247173,14.539579967689821,18.578352180936996,259521.18341659638,177674.6901965873
보은군,2024-05-01,988.0,900.0,843.0,958.0,3689.0,9.0,13.0,12.0,6.0,40.0,20.0,20.0,15.0,15.0,70.0,-11.0,-7.0,-3.0,-9.0,-30.0,40.2,12363.0,30786.0,8745.0,308.0,366.0,-58.0,1.7452006980802848,2024,5,2024-05,8000.0,5477.0,0.685,4.0,2.0,0.0,0.5,0.0,1,treatment,1,1,-8.13228517213337,10.843046896177826,18.975332068311197,259858.37718443447,177905.54147989347
보은군,2024-06-01,987.0,896.0,835.0,946.0,3664.0,11.0,11.0,5.0,3.0,30.0,10.0,16.0,19.0,7.0,52.0,1.0,-5.0,-14.0,-4.0,-22.0,40.3,12373.0,30735.0,8784.0,331.0,294.0,37.0,1.4904679376083196,2024,6,2024-06,8000.0,5477.0,0.685,4.0,2.0,0.0,0.5,0.0,1,treatment,1,1,-6.004366812227074,8.187772925764191,14.192139737991265,260289.5721490158,178200.74833251993
보은군,2024-07-01,980.0,895.0,832.0,949.0,3656.0,10.0,14.0,12.0,9.0,45.0,14.0,17.0,12.0,6.0,49.0,-4.0,-3.0,0.0,3.0,-4.0,40.3,12398.0,30727.0,8817.0,377.0,327.0,50.0,1.2982536764705843,2024,7,2024-07,8000.0,5477.0,0.685,4.0,2.0,0.0,0.5,0.0,1,treatment,1,1,-1.0940919037199124,12.308533916849015,13.402625820568927,260357.3404497673,178247.14420542194
보은군,2024-08-01,974.0,895.0,833.0,930.0,3632.0,11.0,17.0,11.0,8.0,47.0,22.0,19.0,13.0,15.0,69.0,-11.0,-2.0,-2.0,-7.0,-22.0,40.6,12440.0,30672.0,8840.0,289.0,258.0,31.0,1.2716233245503528,2024,8,2024-08,8000.0,5477.0,0.685,4.0,2.0,0.0,0.5,0.0,1,treatment,1,1,-6.057268722466961,12.940528634361234,18.997797356828194,260824.2044861763,178566.77099634847
보은군,2024-09-01,954.0,889.0,836.0,925.0,3604.0,7.0,13.0,11.0,11.0,42.0,21.0,18.0,11.0,13.0,63.0,-14.0,-5.0,0.0,-2.0,-21.0,40.7,12453.0,30620.0,8867.0,314.0,293.0,21.0,1.9546970219616044,2024,9,2024-09,8000.0,5477.0,0.685,4.0,2.0,0.0,0.5,0.0,1,treatment,1,1,-5.826859045504994,11.653718091009988,17.480577136514984,261267.1456564337,178870.01959503593
보은군,2024-10-01,958.0,877.0,843.0,925.0,3603.0,12.0,20.0,16.0,13.0,61.0,13.0,27.0,13.0,10.0,63.0,-1.0,-7.0,3.0,3.0,-2.0,40.8,12478.0,30584.0,8909.0,352.0,312.0,40.0,3.065710319296633,2024,10,2024-10,8000.0,5477.0,0.685,4.0,2.0,0.0,0.5,0.0,1,treatment,1,1,-0.5550929780738274,16.930335831251735,17.485428809325562,261574.67957101754,179080.56500130787
보은군,2024-11-01,954.0,869.0,846.0,917.0,3586.0,9.0,12.0,9.0,13.0,43.0,12.0,18.0,11.0,13.0,54.0,-3.0,-6.0,-2.0,0.0,-11.0,41.0,12521.0,30567.0,8875.0,311.0,299.0,12.0,1.579489527297695,2024,11,2024-11,8000.0,5477.0,0.685,4.0,2.0,0.0,0.5,0.0,1,treatment,1,1,-3.067484662576687,11.991076408254322,15.05856107083101,261720.15572349264,179180.16161219616
보은군,2024-12-01,945.0,876.0,841.0,918.0,3580.0,17.0,16.0,22.0,12.0,67.0,23.0,16.0,17.0,8.0,64.0,-6.0,0.0,5.0,4.0,3.0,41.1,12537.0,30527.0,8556.0,210.0,529.0,-319.0,1.8086625416468438,2024,12,2024-12,8000.0,5477.0,0.685,4.0,2.0,0.0,0.5,0.0,1,treatment,1,1,0.8379888268156425,18.71508379888268,17.877094972067038,262063.0916893242,179414.9441478036
영동군,2017-01-01,3137.0,2049.0,1950.0,2322.0,9458.0,19.0,23.0,34.0,25.0,101.0,103.0,48.0,55.0,34.0,240.0,-84.0,-25.0,-21.0,-9.0,-139.0,27.4,13800.0,50291.0,6466.0,453.0,469.0,-16.0,,2017,1,2017-01,0.0,0.0,,0.0,0.0,0.0,0.0,0.0,1,treatment,0,0,-14.696553182491012,10.678790441953902,25.375343624444913,0.0,0.0
영동군,2017-02-01,3070.0,2044.0,1946.0,2332.0,9392.0,47.0,64.0,40.0,37.0,188.0,113.0,79.0,50.0,36.0,278.0,-66.0,-15.0,-10.0,1.0,-90.0,27.6,13824.0,50152.0,6739.0,554.0,291.0,263.0,,2017,2,2017-02,0.0,0.0,,0.0,0.0,0.0,0.0,0.0,1,treatment,0,0,-9.582623509369677,20.01703577512777,29.599659284497445,0.0,0.0
영동군,2017-03-01,3046.0,2052.0,1935.0,2327.0,9360.0,55.0,66.0,53.0,44.0,218.0,95.0,81.0,54.0,39.0,269.0,-40.0,-15.0,-1.0,5.0,-51.0,27.6,13833.0,50082.0,6779.0,399.0,319.0,80.0,,2017,3,2017-03,0.0,0.0,,0.0,0.0,0.0,0.0,0.0,1,treatment,0,0,-5.448717948717949,23.29059829059829,28.73931623931624,0.0,0.0
영동군,2017-04-01,3089.0,2082.0,1966.0,2360.0,9497.0,105.0,60.0,62.0,49.0,276.0,65.0,46.0,31.0,23.0,165.0,40.0,14.0,31.0,26.0,111.0,27.5,13869.0,50397.0,6926.0,355.0,175.0,180.0,,2017,4,2017-04,0.0,0.0,,0.0,0.0,0.0,0.0,0.0,1,treatment,0,0,11.68790144256081,29.061808992313363,17.373907549752552,0.0,0.0
영동군,2017-05-01,3088.0,2090.0,1950.0,2361.0,9489.0,50.0,49.0,44.0,30.0,173.0,65.0,53.0,46.0,27.0,191.0,-15.0,-4.0,-2.0,3.0,-18.0,27.6,13924.0,50484.0,6712.0,328.0,468.0,-140.0,,2017,5,2017-05,0.0,0.0,,0.0,0.0,0.0,0.0,0.0,1,treatment,0,0,-1.8969332911792602,18.231636631889558,20.128569923068817,0.0,0.0
영동군,2017-06-01,3092.0,2088.0,1941.0,2356.0,9477.0,50.0,41.0,32.0,27.0,150.0,54.0,53.0,37.0,35.0,179.0,-4.0,-12.0,-5.0,-8.0,-29.0,27.6,13952.0,50486.0,6736.0,369.0,298.0,71.0,,2017,6,2017-06,0.0,0.0,,0.0,0.0,0.0,0.0,0.0,1,treatment,0,0,-3.060040097077134,15.827793605571383,18.887833702648518,0.0,0.0
영동군,2017-07-01,3087.0,2072.0,1921.0,2357.0,9437.0,23.0,38.0,31.0,24.0,116.0,60.0,59.0,37.0,31.0,187.0,-37.0,-21.0,-6.0,-7.0,-71.0,27.7,13986.0,50429.0,6720.0,237.0,241.0,-4.0,,2017,7,2017-07,0.0,0.0,,0.0,0.0,0.0,0.0,0.0,1,treatment,0,0,-7.5235774080746,12.29204196248808,19.81561937056268,0.0,0.0
영동군,2017-08-01,3078.0,2068.0,1910.0,2339.0,9395.0,43.0,34.0,29.0,26.0,132.0,56.0,53.0,43.0,30.0,182.0,-13.0,-19.0,-14.0,-4.0,-50.0,27.8,13991.0,50388.0,6639.0,243.0,314.0,-71.0,,2017,8,2017-08,0.0,0.0,,0.0,0.0,0.0,0.0,0.0,1,treatment,0,0,-5.32197977647685,14.050026609898882,19.37200638637573,0.0,0.0
영동군,2017-09-01,3096.0,2056.0,1922.0,2333.0,9407.0,47.0,22.0,29.0,14.0,112.0,39.0,44.0,23.0,20.0,126.0,8.0,-22.0,6.0,-6.0,-14.0,27.8,14038.0,50409.0,6652.0,309.0,279.0,30.0,,2017,9,2017-09,0.0,0.0,,0.0,0.0,0.0,0.0,0.0,1,treatment,0,0,-1.488253428298076,11.906027426384608,13.394280854682684,0.0,0.0
영동군,2017-10-01,3086.0,2063.0,1886.0,2333.0,9368.0,24.0,22.0,25.0,35.0,106.0,41.0,41.0,40.0,35.0,157.0,-17.0,-19.0,-15.0,0.0,-51.0,28.0,14065.0,50318.0,6660.0,236.0,208.0,28.0,,2017,10,2017-10,0.0,0.0,,0.0,0.0,0.0,0.0,0.0,1,treatment,0,0,-5.444064901793339,11.315115286080273,16.75918018787361,0.0,0.0
영동군,2017-11-01,3101.0,2056.0,1869.0,2318.0,9344.0,42.0,29.0,31.0,23.0,125.0,39.0,39.0,34.0,34.0,146.0,3.0,-10.0,-3.0,-11.0,-21.0,28.0,14102.0,50302.0,6784.0,424.0,298.0,126.0,,2017,11,2017-11,0.0,0.0,,0.0,0.0,0.0,0.0,0.0,1,treatment,0,0,-2.247431506849315,13.377568493150685,15.625,0.0,0.0
영동군,2017-12-01,3066.0,2063.0,1871.0,2283.0,9283.0,45.0,50.0,52.0,27.0,174.0,82.0,60.0,41.0,41.0,224.0,-37.0,-10.0,11.0,-14.0,-50.0,28.1,14111.0,50240.0,6529.0,199.0,458.0,-259.0,,2017,12,2017-12,0.0,0.0,,0.0,0.0,0.0,0.0,0.0,1,treatment,0,0,-5.386189809328881,18.743940536464503,24.130130345793386,0.0,0.0
영동군,2018-01-01,3027.0,2021.0,1845.0,2299.0,9192.0,30.0,34.0,30.0,44.0,138.0,89.0,84.0,50.0,43.0,266.0,-59.0,-50.0,-20.0,1.0,-128.0,28.2,14130.0,50028.0,6398.0,462.0,596.0,-134.0,-1.0516548097742051,2018,1,2018-01,0.0,0.0,,0.0,0.0,0.0,0.0,0.0,1,treatment,0,0,-13.92515230635335,15.013054830287206,28.938207136640557,0.0,0.0
영동군,2018-02-01,2985.0,2004.0,1869.0,2332.0,9190.0,46.0,65.0,60.0,36.0,207.0,86.0,78.0,26.0,29.0,219.0,-40.0,-13.0,34.0,7.0,-12.0,28.3,14138.0,50042.0,6636.0,488.0,235.0,253.0,-1.528416679032496,2018,2,2018-02,0.0,0.0,,0.0,0.0,0.0,0.0,0.0,1,treatment,0,0,-1.3057671381936888,22.52448313384113,23.83025027203482,0.0,0.0
영동군,2018-03-01,3043.0,2015.0,1854.0,2309.0,9221.0,111.0,49.0,39.0,33.0,232.0,73.0,62.0,55.0,41.0,231.0,38.0,-13.0,-16.0,-8.0,1.0,28.3,14168.0,50098.0,6772.0,401.0,277.0,124.0,-0.10326006785661423,2018,3,2018-03,0.0,0.0,,0.0,0.0,0.0,0.0,0.0,1,treatment,0,0,0.10844810758052272,25.15996095868127,25.05151285110075,0.0,0.0
영동군,2018-04-01,3064.0,2002.0,1825.0,2291.0,9182.0,52.0,36.0,22.0,19.0,129.0,66.0,56.0,40.0,24.0,186.0,-14.0,-20.0,-18.0,-5.0,-57.0,28.3,14191.0,50067.0,6949.0,390.0,211.0,179.0,0.3320820098180688,2018,4,2018-04,0.0,0.0,,0.0,0.0,0.0,0.0,0.0,1,treatment,0,0,-6.207797865388804,14.049226747985188,20.257024613373993,0.0,0.0
영동군,2018-05-01,3092.0,2000.0,1803.0,2284.0,9179.0,64.0,42.0,20.0,26.0,152.0,45.0,65.0,37.0,35.0,182.0,19.0,-23.0,-17.0,-9.0,-30.0,28.4,14236.0,50063.0,6867.0,231.0,310.0,-79.0,2.3092967818831855,2018,5,2018-05,0.0,0.0,,0.0,0.0,0.0,0.0,0.0,1,treatment,0,0,-3.2683298834295673,16.559538076043143,19.82786795947271,0.0,0.0
영동군,2018-06-01,3059.0,1986.0,1791.0,2277.0,9113.0,21.0,33.0,25.0,12.0,91.0,59.0,63.0,28.0,21.0,171.0,-38.0,-30.0,-3.0,-9.0,-80.0,28.5,14237.0,49929.0,6864.0,351.0,357.0,-6.0,1.9002375296912177,2018,6,2018-06,0.0,0.0,,0.0,0.0,0.0,0.0,0.0,1,treatment,0,0,-8.778667837155712,9.985734664764623,18.764402501920333,0.0,0.0
영동군,2018-07-01,3070.0,2006.0,1782.0,2239.0,9097.0,64.0,56.0,37.0,20.0,177.0,58.0,59.0,39.0,38.0,194.0,6.0,-3.0,-2.0,-18.0,-17.0,28.5,14236.0,49867.0,6906.0,321.0,287.0,34.0,2.767857142857144,2018,7,2018-07,0.0,0.0,,0.0,0.0,0.0,0.0,0.0,1,treatment,0,0,-1.8687479388809498,19.456963834231065,21.325711773112015,0.0,0.0
영동군,2018-08-01,3060.0,1993.0,1757.0,2227.0,9037.0,50.0,30.0,30.0,22.0,132.0,77.0,48.0,48.0,37.0,210.0,-27.0,-18.0,-18.0,-15.0,-78.0,28.7,14264.0,49751.0,6832.0,228.0,328.0,-100.0,2.907064316915209,2018,8,2018-08,0.0,0.0,,0.0,0.0,0.0,0.0,0.0,1,treatment,0,0,-8.631182914684077,14.606617240234591,23.237800154918666,0.0,0.0
영동군,2018-09-01,3078.0,1979.0,1738.0,2215.0,9010.0,46.0,24.0,14.0,15.0,99.0,46.0,46.0,32.0,27.0,151.0,0.0,-22.0,-18.0,-12.0,-52.0,28.8,14313.0,49675.0,6872.0,318.0,275.0,43.0,3.307276007215876,2018,9,2018-09,0.0,0.0,,0.0,0.0,0.0,0.0,0.0,1,treatment,0,0,-5.771365149833518,10.987791342952276,16.759156492785795,0.0,0.0
영동군,2018-10-01,3098.0,1983.0,1726.0,2209.0,9016.0,64.0,51.0,30.0,37.0,182.0,49.0,60.0,48.0,35.0,192.0,15.0,-9.0,-18.0,2.0,-10.0,28.8,14318.0,49653.0,6890.0,276.0,241.0,35.0,3.453453453453448,2018,10,2018-10,0.0,0.0,,0.0,0.0,0.0,0.0,0.0,1,treatment,0,0,-1.109139307897072,20.18633540372671,21.29547471162378,0.0,0.0
영동군,2018-11-01,3094.0,1982.0,1731.0,2180.0,8987.0,16.0,36.0,29.0,21.0,102.0,39.0,46.0,27.0,36.0,148.0,-23.0,-10.0,2.0,-15.0,-46.0,28.9,14340.0,49579.0,6982.0,441.0,378.0,63.0,2.9186320754716943,2018,11,2018-11,0.0,0.0,,0.0,0.0,0.0,0.0,0.0,1,treatment,0,0,-5.118504506509402,11.34972738399911,16.468231890508513,0.0,0.0
영동군,2018-12-01,3102.0,1995.0,1734.0,2190.0,9021.0,76.0,65.0,52.0,43.0,236.0,87.0,68.0,46.0,29.0,230.0,-11.0,-3.0,6.0,14.0,6.0,28.9,14373.0,49715.0,6915.0,340.0,399.0,-59.0,5.912084545872265,2018,12,2018-12,0.0,0.0,,0.0,0.0,0.0,0.0,0.0,1,treatment,0,0,0.6651147322913202,26.161179470125262,25.496064737833944,0.0,0.0
영동군,2019-01-01,3036.0,1984.0,1708.0,2155.0,8883.0,32.0,36.0,41.0,30.0,139.0,108.0,70.0,73.0,48.0,299.0,-76.0,-34.0,-32.0,-18.0,-160.0,29.1,14349.0,49380.0,6708.0,573.0,791.0,-218.0,4.845264145045336,2019,1,2019-01,0.0,0.0,,0.0,0.0,0.0,0.0,0.0,1,treatment,0,0,-18.011932905549926,15.6478667116965,33.65979961724643,0.0,0.0
영동군,2019-02-01,2968.0,1916.0,1694.0,2141.0,8719.0,40.0,51.0,36.0,20.0,147.0,131.0,105.0,55.0,37.0,328.0,-91.0,-54.0,-19.0,-17.0,-181.0,29.2,14387.0,49215.0,6956.0,478.0,216.0,262.0,4.822182037371903,2019,2,2019-02,0.0,0.0,,0.0,0.0,0.0,0.0,0.0,1,treatment,0,0,-20.759261383186146,16.859731620598694,37.61899300378484,0.0,0.0
영동군,2019-03-01,2967.0,1899.0,1674.0,2118.0,8658.0,52.0,29.0,27.0,24.0,132.0,74.0,67.0,48.0,23.0,212.0,-22.0,-38.0,-21.0,1.0,-80.0,29.3,14427.0,49177.0,7169.0,549.0,317.0,232.0,5.862374483165977,2019,3,2019-03,0.0,0.0,,0.0,0.0,0.0,0.0,0.0,1,treatment,0,0,-9.24000924000924,15.246015246015245,24.486024486024487,0.0,0.0
영동군,2019-04-01,2980.0,1903.0,1682.0,2098.0,8663.0,60.0,38.0,32.0,29.0,159.0,65.0,42.0,34.0,37.0,178.0,-5.0,-4.0,-2.0,-8.0,-19.0,29.3,14425.0,49179.0,7228.0,377.0,303.0,74.0,4.014966182184487,2019,4,2019-04,0.0,0.0,,0.0,0.0,0.0,0.0,0.0,1,treatment,0,0,-2.1932355996767865,18.353918965716264,20.54715456539305,0.0,0.0
영동군,2019-05-01,2974.0,1897.0,1651.0,2105.0,8627.0,39.0,22.0,24.0,28.0,113.0,51.0,48.0,35.0,22.0,156.0,-12.0,-26.0,-11.0,6.0,-43.0,29.5,14480.0,49166.0,7037.0,285.0,469.0,-184.0,2.475607980195127,2019,5,2019-05,0.0,0.0,,0.0,0.0,0.0,0.0,0.0,1,treatment,0,0,-4.984351454735134,13.09841196244349,18.082763417178626,0.0,0.0
영동군,2019-06-01,2934.0,1900.0,1638.0,2096.0,8568.0,16.0,14.0,14.0,22.0,66.0,60.0,33.0,28.0,20.0,141.0,-44.0,-19.0,-14.0,2.0,-75.0,29.5,14495.0,49068.0,7217.0,394.0,217.0,177.0,5.142773892773889,2019,6,2019-06,0.0,0.0,,0.0,0.0,0.0,0.0,0.0,1,treatment,0,0,-8.753501400560225,7.703081232492997,16.45658263305322,0.0,0.0
영동군,2019-07-01,2926.0,1900.0,1636.0,2064.0,8526.0,21.0,47.0,31.0,16.0,115.0,54.0,48.0,44.0,22.0,168.0,-33.0,-1.0,-13.0,-6.0,-53.0,29.6,14529.0,49016.0,7297.0,443.0,382.0,61.0,5.66174341152621,2019,7,2019-07,0.0,0.0,,0.0,0.0,0.0,0.0,0.0,1,treatment,0,0,-6.216279615294393,13.488153882242552,19.704433497536947,0.0,0.0
영동군,2019-08-01,2942.0,1890.0,1635.0,2050.0,8517.0,37.0,37.0,31.0,19.0,124.0,52.0,49.0,34.0,23.0,158.0,-15.0,-12.0,-3.0,-4.0,-34.0,29.7,14548.0,48931.0,7266.0,254.0,291.0,-37.0,6.3524590163934525,2019,8,2019-08,0.0,0.0,,0.0,0.0,0.0,0.0,0.0,1,treatment,0,0,-3.992015968063872,14.559117059997652,18.551133028061525,0.0,0.0
영동군,2019-09-01,2926.0,1890.0,1634.0,2034.0,8484.0,36.0,24.0,29.0,23.0,112.0,52.0,44.0,27.0,24.0,147.0,-16.0,-20.0,2.0,-1.0,-35.0,29.8,14567.0,48883.0,7374.0,410.0,322.0,88.0,7.305005820721777,2019,9,2019-09,0.0,0.0,,0.0,0.0,0.0,0.0,0.0,1,treatment,0,0,-4.125412541254126,13.201320132013201,17.326732673267326,0.0,0.0
영동군,2019-10-01,2937.0,1874.0,1646.0,2035.0,8492.0,30.0,45.0,31.0,31.0,137.0,40.0,61.0,20.0,24.0,145.0,-10.0,-16.0,11.0,7.0,-8.0,29.9,14596.0,48874.0,7497.0,365.0,236.0,129.0,8.809869375907109,2019,10,2019-10,0.0,0.0,,0.0,0.0,0.0,0.0,0.0,1,treatment,0,0,-0.9420631182289213,16.132830899670278,17.0748940178992,0.0,0.0
영동군,2019-11-01,2951.0,1876.0,1653.0,2028.0,8508.0,42.0,47.0,37.0,28.0,154.0,47.0,42.0,32.0,31.0,152.0,-5.0,5.0,5.0,-3.0,2.0,29.9,14602.0,48877.0,7551.0,415.0,372.0,43.0,8.149527356058428,2019,11,2019-11,0.0,0.0,,0.0,0.0,0.0,0.0,0.0,1,treatment,0,0,0.23507287259050305,18.100611189468736,17.865538316878233,0.0,0.0
영동군,2019-12-01,2942.0,1845.0,1644.0,1994.0,8425.0,42.0,40.0,34.0,30.0,146.0,73.0,75.0,48.0,40.0,236.0,-31.0,-35.0,-14.0,-10.0,-90.0,30.0,14601.0,48738.0,7150.0,236.0,614.0,-378.0,3.3984092552422185,2019,12,2019-12,0.0,0.0,,0.0,0.0,0.0,0.0,0.0,1,treatment,0,0,-10.682492581602373,17.329376854599406,28.01186943620178,0.0,0.0
영동군,2020-01-01,2891.0,1835.0,1615.0,1978.0,8319.0,41.0,40.0,32.0,33.0,146.0,108.0,64.0,65.0,37.0,274.0,-67.0,-24.0,-33.0,-4.0,-128.0,30.2,14651.0,48523.0,7166.0,547.0,525.0,22.0,6.827668455575431,2020,1,2020-01,0.0,0.0,,0.0,0.0,0.0,0.0,0.0,1,treatment,0,0,-15.386464719317226,17.55018632047121,32.93665103978844,0.0,0.0
영동군,2020-02-01,2876.0,1821.0,1607.0,1953.0,8257.0,27.0,58.0,27.0,26.0,138.0,87.0,66.0,44.0,29.0,226.0,-60.0,-8.0,-17.0,-3.0,-88.0,30.3,14666.0,48364.0,7579.0,682.0,233.0,449.0,8.956296722254177,2020,2,2020-02,0.0,0.0,,0.0,0.0,0.0,0.0,0.0,1,treatment,0,0,-10.657623834322393,16.71309192200557,27.370715756327964,0.0,0.0
영동군,2020-03-01,2842.0,1764.0,1614.0,1932.0,8152.0,42.0,28.0,42.0,27.0,139.0,111.0,95.0,35.0,31.0,272.0,-69.0,-67.0,7.0,-4.0,-133.0,30.6,14747.0,48174.0,7636.0,547.0,478.0,69.0,6.514158181057339,2020,3,2020-03,0.0,0.0,,0.0,0.0,0.0,0.0,0.0,1,treatment,0,0,-16.315014720314032,17.051030421982336,33.36604514229637,0.0,0.0
영동군,2020-04-01,2803.0,1751.0,1584.0,1909.0,8047.0,44.0,27.0,15.0,19.0,105.0,95.0,54.0,40.0,36.0,225.0,-51.0,-27.0,-25.0,-17.0,-120.0,30.9,14802.0,47963.0,7715.0,345.0,253.0,92.0,6.737686773658003,2020,4,2020-04,0.0,0.0,,0.0,0.0,0.0,0.0,0.0,1,treatment,0,0,-14.9123897104511,13.048340996644713,27.960730707095813,0.0,0.0
영동군,2020-05-01,2781.0,1731.0,1564.0,1900.0,7976.0,21.0,25.0,21.0,31.0,98.0,68.0,58.0,30.0,36.0,192.0,-47.0,-33.0,-9.0,-5.0,-94.0,31.0,14833.0,47832.0,7584.0,297.0,416.0,-119.0,7.773198806309511,2020,5,2020-05,0.0,0.0,,0.0,0.0,0.0,0.0,0.0,1,treatment,0,0,-11.785356068204614,12.286860581745236,24.072216649949848,0.0,0.0
영동군,2020-06-01,2769.0,1718.0,1527.0,1909.0,7923.0,50.0,33.0,18.0,32.0,133.0,76.0,54.0,46.0,28.0,204.0,-26.0,-21.0,-28.0,4.0,-71.0,31.1,14869.0,47736.0,7686.0,397.0,279.0,118.0,6.4985451018428675,2020,6,2020-06,0.0,0.0,,0.0,0.0,0.0,0.0,0.0,1,treatment,0,0,-8.961252050990787,16.786570743405274,25.74782279439606,0.0,0.0
영동군,2020-07-01,2759.0,1725.0,1514.0,1880.0,7878.0,24.0,32.0,22.0,18.0,96.0,56.0,43.0,34.0,24.0,157.0,-32.0,-11.0,-12.0,-6.0,-61.0,31.2,14904.0,47702.0,7784.0,393.0,283.0,110.0,6.673975606413585,2020,7,2020-07,0.0,0.0,,0.0,0.0,0.0,0.0,0.0,1,treatment,0,0,-7.743082000507743,12.185833968012187,19.928915968519927,0.0,0.0
영동군,2020-08-01,2760.0,1732.0,1513.0,1870.0,7875.0,52.0,47.0,25.0,21.0,145.0,56.0,53.0,28.0,20.0,157.0,-4.0,-6.0,-3.0,1.0,-12.0,31.3,14931.0,47706.0,7971.0,501.0,312.0,189.0,9.702725020644088,2020,8,2020-08,0.0,0.0,,0.0,0.0,0.0,0.0,0.0,1,treatment,0,0,-1.5238095238095237,18.41269841269841,19.936507936507937,0.0,0.0
영동군,2020-09-01,2735.0,1739.0,1494.0,1854.0,7822.0,20.0,38.0,17.0,14.0,89.0,48.0,48.0,30.0,24.0,150.0,-28.0,-10.0,-13.0,-10.0,-61.0,31.4,14979.0,47679.0,7974.0,380.0,374.0,6.0,8.13669650122051,2020,9,2020-09,0.0,0.0,,0.0,0.0,0.0,0.0,0.0,1,treatment,0,0,-7.798517003323958,11.378164152390694,19.17668115571465,0.0,0.0
영동군,2020-10-01,2742.0,1741.0,1470.0,1839.0,7792.0,21.0,34.0,17.0,24.0,96.0,37.0,43.0,30.0,36.0,146.0,-16.0,-9.0,-13.0,-12.0,-50.0,31.5,15008.0,47603.0,8046.0,333.0,253.0,80.0,7.322929171668657,2020,10,2020-10,0.0,0.0,,0.0,0.0,0.0,0.0,0.0,1,treatment,0,0,-6.416837782340862,12.320328542094456,18.737166324435318,0.0,0.0
영동군,2020-11-01,2728.0,1744.0,1456.0,1834.0,7762.0,18.0,46.0,31.0,28.0,123.0,51.0,53.0,40.0,30.0,174.0,-33.0,-7.0,-9.0,-2.0,-51.0,31.6,15049.0,47561.0,8096.0,449.0,403.0,46.0,7.2175870745596615,2020,11,2020-11,0.0,0.0,,0.0,0.0,0.0,0.0,0.0,1,treatment,0,0,-6.5704715279567125,15.846431332130894,22.416902860087607,0.0,0.0
영동군,2020-12-01,2714.0,1739.0,1433.0,1838.0,7724.0,57.0,49.0,25.0,33.0,164.0,94.0,63.0,35.0,34.0,226.0,-37.0,-14.0,-10.0,-1.0,-62.0,31.8,15082.0,47475.0,7537.0,340.0,872.0,-532.0,5.412587412587411,2020,12,2020-12,0.0,0.0,,0.0,0.0,0.0,0.0,0.0,1,treatment,0,0,-8.026929052304505,21.232522009321595,29.259451061626102,0.0,0.0
영동군,2021-01-01,2653.0,1724.0,1410.0,1824.0,7611.0,20.0,48.0,22.0,26.0,116.0,90.0,82.0,42.0,33.0,247.0,-70.0,-34.0,-20.0,-7.0,-131.0,32.0,15111.0,47230.0,7619.0,689.0,590.0,99.0,6.3215182807703,2021,1,2021-01,0.0,0.0,,0.0,0.0,0.0,0.0,0.0,1,treatment,0,0,-17.21193010116936,15.24109841019577,32.453028511365126,0.0,0.0
영동군,2021-02-01,2579.0,1694.0,1401.0,1803.0,7477.0,21.0,32.0,25.0,27.0,105.0,99.0,57.0,48.0,27.0,231.0,-78.0,-25.0,-23.0,0.0,-126.0,32.2,15145.0,47023.0,7888.0,584.0,315.0,269.0,4.077055020451237,2021,2,2021-02,0.0,0.0,,0.0,0.0,0.0,0.0,0.0,1,treatment,0,0,-16.851678480674067,14.043065400561723,30.89474388123579,0.0,0.0
영동군,2021-03-01,2516.0,1650.0,1388.0,1790.0,7344.0,23.0,23.0,29.0,25.0,100.0,93.0,67.0,35.0,37.0,232.0,-70.0,-44.0,-6.0,-12.0,-132.0,32.4,15090.0,46577.0,8087.0,642.0,435.0,207.0,5.9062336301728635,2021,3,2021-03,0.0,0.0,,0.0,0.0,0.0,0.0,0.0,1,treatment,0,0,-17.973856209150327,13.616557734204793,31.59041394335512,0.0,0.0
영동군,2021-04-01,2476.0,1664.0,1364.0,1775.0,7279.0,20.0,31.0,16.0,21.0,88.0,48.0,39.0,34.0,32.0,153.0,-28.0,-8.0,-18.0,-11.0,-65.0,32.5,15111.0,46497.0,8135.0,381.0,297.0,84.0,5.443940375891132,2021,4,2021-04,0.0,0.0,,0.0,0.0,0.0,0.0,0.0,1,treatment,0,0,-8.92979804918258,12.089572743508723,21.019370792691305,0.0,0.0
영동군,2021-05-01,2454.0,1666.0,1345.0,1771.0,7236.0,21.0,25.0,10.0,18.0,74.0,48.0,40.0,21.0,19.0,128.0,-27.0,-15.0,-11.0,-1.0,-54.0,32.6,15137.0,46442.0,8031.0,460.0,525.0,-65.0,5.8939873417721556,2021,5,2021-05,0.0,0.0,,0.0,0.0,0.0,0.0,0.0,1,treatment,0,0,-7.462686567164179,10.226644555002764,17.689331122166944,0.0,0.0
영동군,2021-06-01,2426.0,1655.0,1323.0,1756.0,7160.0,15.0,17.0,12.0,21.0,65.0,43.0,45.0,27.0,21.0,136.0,-28.0,-28.0,-15.0,0.0,-71.0,32.7,15146.0,46316.0,8159.0,389.0,297.0,92.0,6.154046317980755,2021,6,2021-06,0.0,0.0,,0.0,0.0,0.0,0.0,0.0,1,treatment,0,0,-9.916201117318435,9.078212290502794,18.99441340782123,0.0,0.0
영동군,2021-07-01,2394.0,1649.0,1312.0,1757.0,7112.0,36.0,33.0,26.0,17.0,112.0,60.0,50.0,32.0,17.0,159.0,-24.0,-17.0,-6.0,0.0,-47.0,32.8,15188.0,46261.0,8304.0,443.0,292.0,151.0,6.680369989722501,2021,7,2021-07,0.0,0.0,,0.0,0.0,0.0,0.0,0.0,1,treatment,0,0,-6.608548931383577,15.748031496062993,22.35658042744657,0.0,0.0
영동군,2021-08-01,2349.0,1642.0,1315.0,1734.0,7040.0,23.0,33.0,24.0,12.0,92.0,64.0,49.0,32.0,27.0,172.0,-41.0,-16.0,-8.0,-15.0,-80.0,33.0,15217.0,46139.0,8298.0,483.0,473.0,10.0,4.102371095220181,2021,8,2021-08,0.0,0.0,,0.0,0.0,0.0,0.0,0.0,1,treatment,0,0,-11.363636363636363,13.068181818181818,24.431818181818183,0.0,0.0
영동군,2021-09-01,2309.0,1609.0,1300.0,1700.0,6918.0,34.0,32.0,15.0,21.0,102.0,92.0,82.0,28.0,32.0,234.0,-58.0,-50.0,-13.0,-11.0,-132.0,33.2,15249.0,45976.0,8360.0,434.0,374.0,60.0,4.840732380235768,2021,9,2021-09,0.0,0.0,,0.0,0.0,0.0,0.0,0.0,1,treatment,0,0,-19.080659150043367,14.744145706851691,33.82480485689506,0.0,0.0
영동군,2021-10-01,2303.0,1589.0,1305.0,1680.0,6877.0,22.0,27.0,18.0,28.0,95.0,34.0,36.0,19.0,34.0,123.0,-12.0,-9.0,-1.0,-6.0,-28.0,33.2,15270.0,45938.0,8339.0,351.0,365.0,-14.0,3.6415610241113505,2021,10,2021-10,0.0,0.0,,0.0,0.0,0.0,0.0,0.0,1,treatment,0,0,-4.071542823905773,13.814163152537443,17.885705976443216,0.0,0.0
영동군,2021-11-01,2276.0,1582.0,1306.0,1670.0,6834.0,25.0,29.0,25.0,18.0,97.0,52.0,41.0,28.0,31.0,152.0,-27.0,-12.0,-3.0,-13.0,-55.0,33.3,15285.0,45874.0,8490.0,528.0,367.0,161.0,4.866600790513842,2021,11,2021-11,0.0,0.0,,0.0,0.0,0.0,0.0,0.0,1,treatment,0,0,-8.047995317529997,14.193737196371085,22.241732513901084,0.0,0.0
영동군,2021-12-01,2238.0,1576.0,1309.0,1654.0,6777.0,34.0,36.0,44.0,23.0,137.0,64.0,59.0,42.0,30.0,195.0,-30.0,-23.0,2.0,-7.0,-58.0,33.4,15295.0,45773.0,8023.0,312.0,757.0,-445.0,6.448188934589361,2021,12,2021-12,0.0,0.0,,0.0,0.0,0.0,0.0,0.0,1,treatment,0,0,-8.558359155968718,20.21543455806404,28.77379371403276,0.0,0.0
영동군,2022-01-01,2215.0,1582.0,1290.0,1627.0,6714.0,38.0,41.0,22.0,17.0,118.0,57.0,44.0,41.0,22.0,164.0,-19.0,-3.0,-19.0,-5.0,-46.0,33.6,15363.0,45692.0,7937.0,688.0,772.0,-84.0,4.173776086100545,2022,1,2022-01,5400.0,4628.0,0.857,3.0,0.0,3.0,0.0,1.0,1,treatment,1,1,-6.851355376824546,17.57521596663688,24.426571343461426,118182.61402433686,101286.87735270945
영동군,2022-02-01,2149.0,1577.0,1290.0,1614.0,6630.0,31.0,41.0,32.0,21.0,125.0,99.0,45.0,37.0,30.0,211.0,-68.0,-4.0,-5.0,-9.0,-86.0,33.9,15434.0,45548.0,8361.0,734.0,309.0,425.0,5.996450304259637,2022,2,2022-02,5400.0,4628.0,0.857,3.0,0.0,3.0,0.0,1.0,1,treatment,1,1,-12.971342383107089,18.85369532428356,31.82503770739065,118556.24835338544,101607.09581101256
영동군,2022-03-01,2126.0,1580.0,1308.0,1606.0,6620.0,48.0,53.0,24.0,35.0,160.0,69.0,50.0,29.0,27.0,175.0,-21.0,3.0,-5.0,8.0,-15.0,34.0,15481.0,45536.0,8515.0,695.0,521.0,174.0,5.292444664276008,2022,3,2022-03,5400.0,4628.0,0.857,3.0,0.0,3.0,0.0,1.0,1,treatment,1,1,-2.2658610271903323,24.169184290030213,26.435045317220546,118587.4912157414,101633.87210119466
영동군,2022-04-01,2099.0,1596.0,1309.0,1601.0,6605.0,23.0,27.0,21.0,17.0,88.0,42.0,30.0,19.0,13.0,104.0,-19.0,-3.0,2.0,4.0,-16.0,34.1,15499.0,45509.0,8583.0,412.0,326.0,86.0,5.507068223724643,2022,4,2022-04,5400.0,4628.0,0.857,3.0,0.0,3.0,0.0,1.0,1,treatment,1,1,-2.4224072672218018,13.323239969719909,15.74564723694171,118657.84789821794,101694.17038388012
영동군,2022-05-01,2103.0,1591.0,1293.0,1590.0,6577.0,37.0,24.0,14.0,21.0,96.0,35.0,38.0,25.0,20.0,118.0,2.0,-14.0,-11.0,1.0,-22.0,34.2,15529.0,45457.0,8346.0,274.0,523.0,-249.0,3.9223010833022043,2022,5,2022-05,5400.0,4628.0,0.857,3.0,0.0,3.0,0.0,1.0,1,treatment,1,1,-3.344990117074654,14.596320510871218,17.94131062794587,118793.5851464021,101810.50223287943
영동군,2022-06-01,2071.0,1587.0,1285.0,1564.0,6507.0,22.0,28.0,13.0,11.0,74.0,47.0,45.0,26.0,15.0,133.0,-25.0,-17.0,-13.0,-4.0,-59.0,34.3,15539.0,45345.0,8302.0,345.0,387.0,-42.0,1.7526657678637036,2022,6,2022-06,5400.0,4628.0,0.857,3.0,0.0,3.0,0.0,1.0,1,treatment,1,1,-9.067158444751806,11.372368218841247,20.439526663593053,119086.99966920278,102061.96934612415
영동군,2022-07-01,2074.0,1589.0,1298.0,1541.0,6502.0,28.0,42.0,24.0,10.0,104.0,34.0,39.0,27.0,13.0,113.0,-6.0,3.0,-3.0,-3.0,-9.0,34.4,15575.0,45321.0,8409.0,428.0,344.0,84.0,1.264450867052025,2022,7,2022-07,5400.0,4628.0,0.857,3.0,0.0,3.0,0.0,1.0,1,treatment,1,1,-1.3841894801599508,15.995078437403876,17.379267917563826,119150.06288475542,102116.01685752741
영동군,2022-08-01,2058.0,1586.0,1298.0,1526.0,6468.0,28.0,31.0,20.0,9.0,88.0,47.0,40.0,28.0,15.0,130.0,-19.0,-9.0,-8.0,-6.0,-42.0,34.6,15646.0,45281.0,8415.0,330.0,293.0,37.0,1.4099783080260275,2022,8,2022-08,5400.0,4628.0,0.857,3.0,0.0,3.0,0.0,1.0,1,treatment,1,1,-6.4935064935064934,13.605442176870747,20.098948670377244,119255.31679954064,102206.2233607915
영동군,2022-09-01,2041.0,1593.0,1285.0,1523.0,6442.0,23.0,26.0,14.0,19.0,82.0,35.0,32.0,23.0,19.0,109.0,-12.0,-6.0,-9.0,0.0,-27.0,34.7,15677.0,45217.0,8484.0,425.0,385.0,40.0,1.483253588516753,2022,9,2022-09,5400.0,4628.0,0.857,3.0,0.0,3.0,0.0,1.0,1,treatment,1,1,-4.191244954982925,12.728966159577771,16.920211114560697,119424.1104009554,102350.8857288188
영동군,2022-10-01,2024.0,1583.0,1291.0,1493.0,6391.0,13.0,25.0,15.0,10.0,63.0,32.0,32.0,25.0,20.0,109.0,-19.0,-7.0,-10.0,-10.0,-46.0,34.8,15723.0,45126.0,8573.0,467.0,350.0,117.0,2.8060918575368854,2022,10,2022-10,5400.0,4628.0,0.857,3.0,0.0,3.0,0.0,1.0,1,treatment,1,1,-7.197621655452981,9.857612267250822,17.055233922703803,119664.93817311528,102557.28404910695
영동군,2022-11-01,2018.0,1581.0,1276.0,1471.0,6346.0,21.0,33.0,21.0,22.0,97.0,26.0,42.0,36.0,26.0,130.0,-5.0,-9.0,-15.0,-4.0,-33.0,34.9,15739.0,45044.0,8608.0,534.0,446.0,88.0,1.3898704358068281,2022,11,2022-11,5400.0,4628.0,0.857,3.0,0.0,3.0,0.0,1.0,1,treatment,1,1,-5.200126063662149,15.285219035612984,20.485345099275133,119882.78128052571,102743.98366042093
영동군,2022-12-01,1985.0,1573.0,1261.0,1461.0,6280.0,26.0,27.0,32.0,25.0,110.0,57.0,37.0,52.0,23.0,169.0,-31.0,-10.0,-20.0,2.0,-59.0,35.1,15767.0,44956.0,8220.0,334.0,723.0,-389.0,2.455440608251269,2022,12,2022-12,5400.0,4628.0,0.857,3.0,0.0,3.0,0.0,1.0,1,treatment,1,1,-9.394904458598726,17.515923566878982,26.910828025477706,120117.4481715455,102945.10187739122
영동군,2023-01-01,1955.0,1584.0,1257.0,1451.0,6247.0,24.0,44.0,19.0,19.0,106.0,63.0,45.0,27.0,14.0,149.0,-39.0,-1.0,-8.0,5.0,-43.0,35.2,15825.0,44896.0,8176.0,671.0,735.0,-64.0,3.0112133047750955,2023,1,2023-01,7200.0,3761.0,0.522,2.0,0.0,2.0,0.0,1.0,1,treatment,1,1,-6.883303985913239,16.968144709460542,23.85144869537378,160370.63435495368,83771.38275124732
영동군,2023-02-01,1911.0,1566.0,1236.0,1431.0,6144.0,27.0,39.0,24.0,24.0,114.0,76.0,64.0,30.0,29.0,199.0,-49.0,-25.0,-6.0,-5.0,-85.0,35.4,15859.0,44750.0,8738.0,945.0,372.0,573.0,4.509030020332494,2023,2,2023-02,7200.0,3761.0,0.522,2.0,0.0,2.0,0.0,1.0,1,treatment,1,1,-13.834635416666666,18.5546875,32.389322916666664,160893.85474860336,84044.69273743017
영동군,2023-03-01,1877.0,1581.0,1258.0,1425.0,6141.0,40.0,53.0,41.0,19.0,153.0,68.0,44.0,29.0,13.0,154.0,-28.0,9.0,12.0,6.0,-1.0,35.5,15896.0,44730.0,8963.0,696.0,463.0,233.0,5.261303581914278,2023,3,2023-03,7200.0,3761.0,0.522,2.0,0.0,2.0,0.0,1.0,1,treatment,1,1,-0.1628399283504315,24.914509037616025,25.077348965966454,160965.79476861167,84082.27140621506
영동군,2023-04-01,1861.0,1588.0,1258.0,1412.0,6119.0,28.0,18.0,20.0,10.0,76.0,37.0,29.0,22.0,12.0,100.0,-9.0,-11.0,-2.0,-2.0,-24.0,35.6,15923.0,44684.0,8989.0,459.0,388.0,71.0,4.7302807876034025,2023,4,2023-04,7200.0,3761.0,0.522,2.0,0.0,2.0,0.0,1.0,1,treatment,1,1,-3.922209511358065,12.420330119300539,16.342539630658603,161131.50120848627,84168.83000626623
영동군,2023-05-01,1839.0,1565.0,1268.0,1403.0,6075.0,18.0,24.0,20.0,11.0,73.0,37.0,46.0,24.0,13.0,120.0,-19.0,-22.0,-4.0,-2.0,-47.0,35.7,15962.0,44657.0,8881.0,369.0,484.0,-115.0,6.41025641025641,2023,5,2023-05,7200.0,3761.0,0.522,2.0,0.0,2.0,0.0,1.0,1,treatment,1,1,-7.7366255144032925,12.016460905349794,19.753086419753085,161228.92267729584,84219.71919295967
영동군,2023-06-01,1832.0,1535.0,1284.0,1403.0,6054.0,27.0,16.0,28.0,13.0,84.0,40.0,37.0,20.0,12.0,109.0,-13.0,-21.0,8.0,1.0,-25.0,35.8,15984.0,44617.0,8909.0,444.0,402.0,42.0,7.311491206938081,2023,6,2023-06,7200.0,3761.0,0.522,2.0,0.0,2.0,0.0,1.0,1,treatment,1,1,-4.129501156260324,13.875123885034688,18.00462504129501,161373.46751238318,84295.22379362126
영동군,2023-07-01,1816.0,1557.0,1292.0,1404.0,6069.0,18.0,38.0,20.0,22.0,98.0,38.0,24.0,14.0,16.0,92.0,-20.0,14.0,6.0,6.0,6.0,35.9,16011.0,44601.0,8874.0,400.0,423.0,-23.0,5.52978951123797,2023,7,2023-07,7200.0,3761.0,0.522,2.0,0.0,2.0,0.0,1.0,1,treatment,1,1,0.9886307464162135,16.147635524798154,15.159004778381941,161431.35804129954,84325.46355462882
영동군,2023-08-01,1801.0,1543.0,1276.0,1386.0,6006.0,12.0,26.0,20.0,13.0,71.0,37.0,47.0,26.0,23.0,133.0,-25.0,-21.0,-6.0,-10.0,-62.0,36.1,16042.0,44436.0,8830.0,267.0,308.0,-41.0,4.931669637551983,2023,8,2023-08,7200.0,3761.0,0.522,2.0,0.0,2.0,0.0,1.0,1,treatment,1,1,-10.323010323010323,11.821511821511821,22.144522144522146,162030.78584931136,84638.58133045278
영동군,2023-09-01,1800.0,1534.0,1280.0,1381.0,5995.0,31.0,21.0,19.0,15.0,86.0,24.0,27.0,24.0,20.0,95.0,7.0,-6.0,-5.0,-5.0,-9.0,36.2,16073.0,44424.0,8985.0,498.0,334.0,164.0,5.905233380480901,2023,9,2023-09,7200.0,3761.0,0.522,2.0,0.0,2.0,0.0,1.0,1,treatment,1,1,-1.5012510425354462,14.345287739783153,15.846538782318598,162074.55429497568,84661.4442643616
영동군,2023-10-01,1799.0,1542.0,1280.0,1389.0,6010.0,15.0,33.0,24.0,20.0,92.0,17.0,31.0,22.0,11.0,81.0,-2.0,2.0,2.0,9.0,11.0,36.3,16096.0,44353.0,8897.0,326.0,391.0,-65.0,3.779307127026721,2023,10,2023-10,7200.0,3761.0,0.522,2.0,0.0,2.0,0.0,1.0,1,treatment,1,1,1.8302828618968385,15.307820299500833,13.477537437603994,162334.00220954613,84796.96976529209
영동군,2023-11-01,1793.0,1551.0,1267.0,1378.0,5989.0,14.0,28.0,13.0,9.0,64.0,29.0,27.0,26.0,20.0,102.0,-15.0,1.0,-13.0,-11.0,-38.0,36.4,16124.0,44267.0,8983.0,450.0,357.0,93.0,4.356412639405205,2023,11,2023-11,7200.0,3761.0,0.522,2.0,0.0,2.0,0.0,1.0,1,treatment,1,1,-6.344965770579395,10.686258139923192,17.03122391050259,162649.3776402286,84961.70962568052
영동군,2023-12-01,1759.0,1547.0,1268.0,1372.0,5946.0,11.0,30.0,20.0,17.0,78.0,32.0,41.0,27.0,12.0,112.0,-21.0,-11.0,-7.0,5.0,-34.0,36.6,16161.0,44195.0,8533.0,234.0,678.0,-444.0,3.8077858880778637,2023,12,2023-12,7200.0,3761.0,0.522,2.0,0.0,2.0,0.0,1.0,1,treatment,1,1,-5.7181298351833165,13.118062563067609,18.836192398250926,162914.35682769545,85100.12444846702
영동군,2024-01-01,1734.0,1538.0,1274.0,1357.0,5903.0,32.0,44.0,25.0,17.0,118.0,61.0,52.0,23.0,28.0,164.0,-29.0,-8.0,2.0,-11.0,-46.0,36.7,16186.0,44120.0,8532.0,760.0,786.0,-26.0,4.354207436399227,2024,1,2024-01,11200.0,4800.0,0.429,3.0,2.0,1.0,0.6666666666666666,0.3333333333333333,1,treatment,1,1,-7.792647806200237,19.989835676774522,27.782483482974758,253853.12783318223,108794.19764279238
영동군,2024-02-01,1698.0,1528.0,1258.0,1347.0,5831.0,41.0,41.0,29.0,24.0,135.0,78.0,55.0,35.0,22.0,190.0,-37.0,-14.0,-6.0,2.0,-55.0,36.9,16221.0,44004.0,9030.0,820.0,303.0,517.0,3.3417257953765267,2024,2,2024-02,11200.0,4800.0,0.429,3.0,2.0,1.0,0.6666666666666666,0.3333333333333333,1,treatment,1,1,-9.432344366317956,23.152117990053164,32.58446235637112,254522.316153077,109080.99263703299
영동군,2024-03-01,1689.0,1526.0,1265.0,1339.0,5819.0,52.0,35.0,19.0,16.0,122.0,57.0,41.0,25.0,21.0,144.0,-5.0,-6.0,-6.0,-5.0,-22.0,37.0,16278.0,43975.0,9285.0,690.0,445.0,245.0,3.5925471382349583,2024,3,2024-03,11200.0,4800.0,0.429,3.0,2.0,1.0,0.6666666666666666,0.3333333333333333,1,treatment,1,1,-3.780718336483932,20.965801684138167,24.7465200206221,254690.16486640138,109152.9277998863
영동군,2024-04-01,1699.0,1522.0,1265.0,1335.0,5821.0,36.0,25.0,20.0,17.0,98.0,41.0,35.0,17.0,23.0,116.0,-5.0,-10.0,3.0,-6.0,-18.0,37.2,16323.0,43909.0,9314.0,379.0,348.0,31.0,3.615530092335084,2024,4,2024-04,11200.0,4800.0,0.429,3.0,2.0,1.0,0.6666666666666666,0.3333333333333333,1,treatment,1,1,-3.0922521903453015,16.83559525854664,19.927847448891942,255072.9918695484,109316.99651552073
영동군,2024-05-01,1693.0,1523.0,1276.0,1305.0,5797.0,23.0,25.0,23.0,7.0,78.0,30.0,24.0,23.0,15.0,92.0,-7.0,1.0,0.0,-8.0,-14.0,37.3,16375.0,43883.0,9176.0,302.0,463.0,-161.0,3.3216980069811886,2024,5,2024-05,11200.0,4800.0,0.429,3.0,2.0,1.0,0.6666666666666666,0.3333333333333333,1,treatment,1,1,-2.4150422632396067,13.455235466620666,15.870277729860273,255224.1186792152,109381.76514823508
영동군,2024-06-01,1694.0,1504.0,1284.0,1301.0,5783.0,19.0,15.0,15.0,10.0,59.0,22.0,33.0,13.0,13.0,81.0,-3.0,-18.0,2.0,-3.0,-22.0,37.4,16391.0,43848.0,9188.0,349.0,318.0,31.0,3.1316646088225486,2024,6,2024-06,11200.0,4800.0,0.429,3.0,2.0,1.0,0.6666666666666666,0.3333333333333333,1,treatment,1,1,-3.804253847484005,10.202317136434377,14.006570983918381,255427.8416347382,109469.07498631637
영동군,2024-07-01,1689.0,1501.0,1288.0,1302.0,5780.0,18.0,33.0,21.0,17.0,89.0,26.0,34.0,27.0,15.0,102.0,-8.0,-1.0,-6.0,2.0,-13.0,37.5,16432.0,43792.0,9149.0,346.0,408.0,-62.0,3.098940725715571,2024,7,2024-07,11200.0,4800.0,0.429,3.0,2.0,1.0,0.6666666666666666,0.3333333333333333,1,treatment,1,1,-2.2491349480968856,15.397923875432525,17.647058823529413,255754.4757033248,109609.06101571063
영동군,2024-08-01,1666.0,1494.0,1282.0,1299.0,5741.0,14.0,22.0,23.0,10.0,69.0,27.0,42.0,22.0,7.0,98.0,-13.0,-20.0,1.0,3.0,-29.0,37.7,16496.0,43767.0,9118.0,357.0,360.0,-3.0,3.26160815402039,2024,8,2024-08,11200.0,4800.0,0.429,3.0,2.0,1.0,0.6666666666666666,0.3333333333333333,1,treatment,1,1,-5.051384776171399,12.01881205364919,17.07019682982059,255900.56435213744,109671.67043663033
영동군,2024-09-01,1650.0,1465.0,1294.0,1291.0,5700.0,12.0,20.0,22.0,11.0,65.0,35.0,38.0,23.0,13.0,109.0,-23.0,-18.0,-1.0,-2.0,-44.0,37.9,16534.0,43680.0,9170.0,371.0,317.0,54.0,2.058987200890372,2024,9,2024-09,11200.0,4800.0,0.429,3.0,2.0,1.0,0.6666666666666666,0.3333333333333333,1,treatment,1,1,-7.719298245614035,11.403508771929825,19.12280701754386,256410.2564102564,109890.10989010989
영동군,2024-10-01,1619.0,1477.0,1282.0,1289.0,5667.0,18.0,29.0,18.0,20.0,85.0,31.0,30.0,24.0,20.0,105.0,-13.0,-1.0,-6.0,0.0,-20.0,38.0,16571.0,43638.0,9327.0,461.0,307.0,154.0,4.833089805552437,2024,10,2024-10,11200.0,4800.0,0.429,3.0,2.0,1.0,0.6666666666666666,0.3333333333333333,1,treatment,1,1,-3.5292041644609142,14.999117698958885,18.528321863419798,256657.04202759062,109995.8751546817
영동군,2024-11-01,1618.0,1476.0,1284.0,1277.0,5655.0,25.0,26.0,20.0,15.0,86.0,18.0,30.0,20.0,16.0,84.0,7.0,-4.0,0.0,-1.0,2.0,38.1,16602.0,43597.0,9405.0,443.0,352.0,91.0,4.697762440164754,2024,11,2024-11,11200.0,4800.0,0.429,3.0,2.0,1.0,0.6666666666666666,0.3333333333333333,1,treatment,1,1,0.3536693191865606,15.207780725022104,14.854111405835544,256898.4104410854,110099.31876046518
영동군,2024-12-01,1616.0,1470.0,1287.0,1292.0,5665.0,29.0,33.0,20.0,26.0,108.0,37.0,38.0,16.0,18.0,109.0,-8.0,-5.0,4.0,8.0,-1.0,38.2,16625.0,43551.0,8980.0,248.0,658.0,-410.0,5.238485878354626,2024,12,2024-12,11200.0,4800.0,0.429,3.0,2.0,1.0,0.6666666666666666,0.3333333333333333,1,treatment,1,1,-0.176522506619594,19.064430714916153,19.240953221535747,257169.7549998852,110215.60928566508
옥천군,2017-01-01,2796.0,1982.0,2178.0,2783.0,9739.0,20.0,34.0,29.0,25.0,108.0,64.0,47.0,44.0,36.0,191.0,-44.0,-13.0,-15.0,-11.0,-83.0,25.5,13308.0,52188.0,10317.0,590.0,579.0,11.0,,2017,1,2017-01,0.0,0.0,,0.0,0.0,0.0,0.0,0.0,1,treatment,0,0,-8.522435568333504,11.089434233494199,19.6118698018277,0.0,0.0
옥천군,2017-02-01,2779.0,1993.0,2128.0,2808.0,9708.0,25.0,34.0,24.0,38.0,121.0,57.0,45.0,42.0,26.0,170.0,-32.0,-11.0,-18.0,12.0,-49.0,25.6,13357.0,52120.0,10512.0,698.0,446.0,252.0,,2017,2,2017-02,0.0,0.0,,0.0,0.0,0.0,0.0,0.0,1,treatment,0,0,-5.047383601153688,12.463947259991759,17.511330861145446,0.0,0.0
옥천군,2017-03-01,2760.0,1978.0,2119.0,2801.0,9658.0,34.0,23.0,43.0,29.0,129.0,54.0,51.0,41.0,32.0,178.0,-20.0,-28.0,2.0,-3.0,-49.0,25.7,13402.0,52056.0,10508.0,561.0,545.0,16.0,,2017,3,2017-03,0.0,0.0,,0.0,0.0,0.0,0.0,0.0,1,treatment,0,0,-5.073514185131497,13.356802650652309,18.430316835783806,0.0,0.0
옥천군,2017-04-01,2753.0,1978.0,2102.0,2776.0,9609.0,19.0,23.0,20.0,13.0,75.0,38.0,37.0,27.0,20.0,122.0,-19.0,-14.0,-7.0,-7.0,-47.0,25.8,13417.0,51961.0,10665.0,585.0,413.0,172.0,,2017,4,2017-04,0.0,0.0,,0.0,0.0,0.0,0.0,0.0,1,treatment,0,0,-4.891247788531585,7.805182641273806,12.69643042980539,0.0,0.0
옥천군,2017-05-01,2754.0,1977.0,2065.0,2753.0,9549.0,22.0,28.0,12.0,23.0,85.0,37.0,37.0,31.0,41.0,146.0,-15.0,-9.0,-19.0,-18.0,-61.0,26.0,13489.0,51846.0,10637.0,360.0,400.0,-40.0,,2017,5,2017-05,0.0,0.0,,0.0,0.0,0.0,0.0,0.0,1,treatment,0,0,-6.388103466331553,8.901455649806262,15.289559116137815,0.0,0.0
옥천군,2017-06-01,2754.0,1974.0,2051.0,2745.0,9524.0,25.0,27.0,20.0,19.0,91.0,37.0,35.0,28.0,28.0,128.0,-12.0,-8.0,-8.0,-9.0,-37.0,26.1,13535.0,51838.0,10701.0,556.0,482.0,74.0,,2017,6,2017-06,0.0,0.0,,0.0,0.0,0.0,0.0,0.0,1,treatment,0,0,-3.884922301553969,9.554808903821923,13.439731205375892,0.0,0.0
옥천군,2017-07-01,2756.0,1968.0,2040.0,2758.0,9522.0,16.0,23.0,16.0,24.0,79.0,29.0,34.0,28.0,21.0,112.0,-13.0,-11.0,-12.0,3.0,-33.0,26.2,13573.0,51838.0,10782.0,734.0,629.0,105.0,,2017,7,2017-07,0.0,0.0,,0.0,0.0,0.0,0.0,0.0,1,treatment,0,0,-3.465658475110271,8.296576349506406,11.762234824616677,0.0,0.0
옥천군,2017-08-01,2735.0,1964.0,2009.0,2764.0,9472.0,19.0,30.0,10.0,24.0,83.0,37.0,47.0,27.0,13.0,124.0,-18.0,-17.0,-17.0,11.0,-41.0,26.3,13609.0,51795.0,10779.0,421.0,440.0,-19.0,,2017,8,2017-08,0.0,0.0,,0.0,0.0,0.0,0.0,0.0,1,treatment,0,0,-4.328547297297297,8.76266891891892,13.091216216216216,0.0,0.0
옥천군,2017-09-01,2746.0,1958.0,1992.0,2770.0,9466.0,20.0,28.0,15.0,28.0,91.0,29.0,37.0,20.0,34.0,120.0,-9.0,-9.0,-5.0,-6.0,-29.0,26.3,13621.0,51755.0,10652.0,561.0,682.0,-121.0,,2017,9,2017-09,0.0,0.0,,0.0,0.0,0.0,0.0,0.0,1,treatment,0,0,-3.063596027889288,9.613353053031904,12.676949080921192,0.0,0.0
옥천군,2017-10-01,2759.0,1986.0,1950.0,2772.0,9467.0,27.0,28.0,17.0,24.0,96.0,17.0,24.0,22.0,25.0,88.0,10.0,4.0,-5.0,-1.0,8.0,26.4,13692.0,51779.0,10856.0,511.0,332.0,179.0,,2017,10,2017-10,0.0,0.0,,0.0,0.0,0.0,0.0,0.0,1,treatment,0,0,0.8450406675821274,10.140488010985528,9.295447343403401,0.0,0.0
옥천군,2017-11-01,2788.0,1984.0,1936.0,2759.0,9467.0,45.0,34.0,32.0,31.0,142.0,35.0,35.0,29.0,30.0,129.0,10.0,-1.0,3.0,1.0,13.0,26.5,13695.0,51771.0,11007.0,493.0,397.0,96.0,,2017,11,2017-11,0.0,0.0,,0.0,0.0,0.0,0.0,0.0,1,treatment,0,0,1.373191084820957,14.999471849582761,13.626280764761804,0.0,0.0
옥천군,2017-12-01,2817.0,1991.0,1910.0,2733.0,9451.0,60.0,60.0,24.0,34.0,178.0,53.0,57.0,41.0,31.0,182.0,7.0,3.0,-17.0,3.0,-4.0,26.5,13720.0,51766.0,10527.0,380.0,829.0,-449.0,,2017,12,2017-12,0.0,0.0,,0.0,0.0,0.0,0.0,0.0,1,treatment,0,0,-0.4232356364405883,18.83398582160618,19.257221458046768,0.0,0.0
옥천군,2018-01-01,2799.0,1981.0,1910.0,2717.0,9407.0,47.0,39.0,23.0,33.0,142.0,62.0,42.0,20.0,38.0,162.0,-15.0,-3.0,3.0,-5.0,-20.0,26.6,13761.0,51806.0,10712.0,814.0,610.0,204.0,3.82863235436659,2018,1,2018-01,0.0,0.0,,0.0,0.0,0.0,0.0,0.0,1,treatment,0,0,-2.1260763261401086,15.09514191559477,17.221218241734878,0.0,0.0
옥천군,2018-02-01,2763.0,1974.0,1908.0,2709.0,9354.0,29.0,26.0,29.0,24.0,108.0,63.0,34.0,27.0,21.0,145.0,-34.0,-8.0,2.0,3.0,-37.0,26.7,13806.0,51766.0,10934.0,596.0,362.0,234.0,4.0144596651445985,2018,2,2018-02,0.0,0.0,,0.0,0.0,0.0,0.0,0.0,1,treatment,0,0,-3.955527047252512,11.545862732520847,15.501389779773358,0.0,0.0
옥천군,2018-03-01,2744.0,1979.0,1908.0,2706.0,9337.0,45.0,37.0,36.0,30.0,148.0,57.0,54.0,26.0,24.0,161.0,-12.0,-17.0,10.0,6.0,-13.0,26.8,13841.0,51737.0,11219.0,632.0,517.0,115.0,6.7662733155690935,2018,3,2018-03,0.0,0.0,,0.0,0.0,0.0,0.0,0.0,1,treatment,0,0,-1.3923101638641961,15.850915711684696,17.24322587554889,0.0,0.0
옥천군,2018-04-01,2748.0,1968.0,1921.0,2709.0,9346.0,31.0,25.0,36.0,22.0,114.0,32.0,41.0,20.0,15.0,108.0,-1.0,-16.0,16.0,7.0,6.0,26.8,13877.0,51792.0,11283.0,724.0,630.0,94.0,5.794655414908578,2018,4,2018-04,0.0,0.0,,0.0,0.0,0.0,0.0,0.0,1,treatment,0,0,0.6419858763107211,12.197731649903702,11.555745773592982,0.0,0.0
옥천군,2018-05-01,2739.0,1982.0,1904.0,2699.0,9324.0,12.0,38.0,22.0,25.0,97.0,28.0,45.0,26.0,28.0,127.0,-16.0,-7.0,-4.0,-3.0,-30.0,26.9,13933.0,51757.0,11227.0,392.0,411.0,-19.0,5.546676694556729,2018,5,2018-05,0.0,0.0,,0.0,0.0,0.0,0.0,0.0,1,treatment,0,0,-3.2175032175032174,10.403260403260404,13.62076362076362,0.0,0.0
옥천군,2018-06-01,2730.0,1979.0,1906.0,2691.0,9306.0,27.0,20.0,19.0,19.0,85.0,38.0,39.0,13.0,24.0,114.0,-11.0,-19.0,6.0,-5.0,-29.0,27.0,13954.0,51723.0,11219.0,479.0,487.0,-8.0,4.8406690963461285,2018,6,2018-06,0.0,0.0,,0.0,0.0,0.0,0.0,0.0,1,treatment,0,0,-3.1162690737158822,9.133892112615516,12.250161186331399,0.0,0.0
옥천군,2018-07-01,2725.0,1974.0,1887.0,2669.0,9255.0,26.0,36.0,24.0,26.0,112.0,40.0,64.0,24.0,34.0,162.0,-14.0,-28.0,0.0,-8.0,-50.0,27.0,13977.0,51679.0,11258.0,739.0,670.0,69.0,4.414765349656835,2018,7,2018-07,0.0,0.0,,0.0,0.0,0.0,0.0,0.0,1,treatment,0,0,-5.4024851431658565,12.101566720691519,17.504051863857374,0.0,0.0
옥천군,2018-08-01,2697.0,1966.0,1870.0,2648.0,9181.0,23.0,29.0,19.0,23.0,94.0,50.0,48.0,30.0,36.0,164.0,-27.0,-19.0,-11.0,-13.0,-70.0,27.1,13999.0,51586.0,11249.0,490.0,479.0,11.0,4.360330271824853,2018,8,2018-08,0.0,0.0,,0.0,0.0,0.0,0.0,0.0,1,treatment,0,0,-7.624441781940965,10.238536107177868,17.86297788911883,0.0,0.0
옥천군,2018-09-01,2704.0,1975.0,1863.0,2639.0,9181.0,31.0,17.0,15.0,20.0,83.0,23.0,28.0,27.0,18.0,96.0,8.0,-11.0,-12.0,2.0,-13.0,27.2,14037.0,51547.0,11177.0,438.0,497.0,-59.0,4.928651896357494,2018,9,2018-09,0.0,0.0,,0.0,0.0,0.0,0.0,0.0,1,treatment,0,0,-1.415967759503322,9.040409541444287,10.45637730094761,0.0,0.0
옥천군,2018-10-01,2704.0,1975.0,1849.0,2630.0,9158.0,23.0,36.0,24.0,29.0,112.0,37.0,42.0,36.0,34.0,149.0,-14.0,-6.0,-12.0,-5.0,-37.0,27.3,14068.0,51478.0,11204.0,616.0,541.0,75.0,3.20560058953574,2018,10,2018-10,0.0,0.0,,0.0,0.0,0.0,0.0,0.0,1,treatment,0,0,-4.040183446167285,12.229744485695567,16.269927931862853,0.0,0.0
옥천군,2018-11-01,2688.0,1994.0,1816.0,2626.0,9124.0,27.0,39.0,17.0,25.0,108.0,36.0,38.0,31.0,30.0,135.0,-9.0,1.0,-14.0,-5.0,-27.0,27.4,14086.0,51452.0,11338.0,682.0,523.0,159.0,3.007177250840365,2018,11,2018-11,0.0,0.0,,0.0,0.0,0.0,0.0,0.0,1,treatment,0,0,-2.9592284085927223,11.83691363437089,14.796142042963613,0.0,0.0
옥천군,2018-12-01,2675.0,1998.0,1809.0,2635.0,9117.0,47.0,42.0,34.0,37.0,160.0,65.0,56.0,22.0,23.0,166.0,-18.0,-14.0,12.0,14.0,-6.0,27.4,14123.0,51465.0,10965.0,406.0,767.0,-361.0,4.16072955257909,2018,12,2018-12,0.0,0.0,,0.0,0.0,0.0,0.0,0.0,1,treatment,0,0,-0.6581112207963146,17.54963255456839,18.207743775364705,0.0,0.0
옥천군,2019-01-01,2653.0,1981.0,1798.0,2635.0,9067.0,35.0,34.0,33.0,26.0,128.0,48.0,57.0,28.0,27.0,160.0,-13.0,-23.0,5.0,-1.0,-32.0,27.5,14155.0,51410.0,11218.0,1046.0,802.0,244.0,4.723674383868559,2019,1,2019-01,0.0,0.0,,0.0,0.0,0.0,0.0,0.0,1,treatment,0,0,-3.529282011690747,14.117128046762987,17.646410058453732,0.0,0.0
옥천군,2019-02-01,2614.0,1970.0,1780.0,2617.0,8981.0,22.0,27.0,23.0,22.0,94.0,56.0,56.0,29.0,19.0,160.0,-34.0,-29.0,-6.0,3.0,-66.0,27.7,14203.0,51332.0,11385.0,606.0,421.0,185.0,4.124748490945684,2019,2,2019-02,0.0,0.0,,0.0,0.0,0.0,0.0,0.0,1,treatment,0,0,-7.348847567086071,10.466540474334707,17.81538804142078,0.0,0.0
옥천군,2019-03-01,2650.0,1959.0,1783.0,2591.0,8983.0,58.0,31.0,34.0,23.0,146.0,50.0,48.0,31.0,32.0,161.0,8.0,-17.0,3.0,-9.0,-15.0,27.7,14244.0,51372.0,11484.0,619.0,502.0,117.0,2.362064355111859,2019,3,2019-03,0.0,0.0,,0.0,0.0,0.0,0.0,0.0,1,treatment,0,0,-1.6698207725704108,16.252922186352,17.92274295892241,0.0,0.0
옥천군,2019-04-01,2653.0,1944.0,1781.0,2594.0,8972.0,29.0,29.0,22.0,18.0,98.0,43.0,37.0,28.0,8.0,116.0,-14.0,-8.0,-6.0,10.0,-18.0,27.8,14259.0,51371.0,11599.0,672.0,531.0,141.0,2.800673579721713,2019,4,2019-04,0.0,0.0,,0.0,0.0,0.0,0.0,0.0,1,treatment,0,0,-2.0062416406598307,10.922871154703522,12.929112795363352,0.0,0.0
옥천군,2019-05-01,2663.0,1940.0,1789.0,2565.0,8957.0,26.0,33.0,21.0,17.0,97.0,41.0,47.0,20.0,22.0,130.0,-15.0,-14.0,1.0,-5.0,-33.0,27.8,14293.0,51330.0,11568.0,395.0,406.0,-11.0,3.037320744633476,2019,5,2019-05,0.0,0.0,,0.0,0.0,0.0,0.0,0.0,1,treatment,0,0,-3.6842692865914928,10.829518812102267,14.513788098693759,0.0,0.0
옥천군,2019-06-01,2662.0,1938.0,1786.0,2577.0,8963.0,28.0,23.0,21.0,27.0,99.0,36.0,37.0,15.0,17.0,105.0,-8.0,-14.0,6.0,10.0,-6.0,27.9,14340.0,51331.0,11557.0,466.0,457.0,9.0,3.0127462340671984,2019,6,2019-06,0.0,0.0,,0.0,0.0,0.0,0.0,0.0,1,treatment,0,0,-0.6694187214102421,11.045408903268994,11.714827624679236,0.0,0.0
옥천군,2019-07-01,2665.0,1914.0,1765.0,2563.0,8907.0,18.0,21.0,24.0,12.0,75.0,28.0,51.0,34.0,19.0,132.0,-10.0,-30.0,-10.0,-7.0,-57.0,28.1,14377.0,51237.0,11579.0,685.0,741.0,-56.0,2.851305738141763,2019,7,2019-07,0.0,0.0,,0.0,0.0,0.0,0.0,0.0,1,treatment,0,0,-6.399461098012799,8.42034355001684,14.81980464802964,0.0,0.0
옥천군,2019-08-01,2658.0,1917.0,1735.0,2563.0,8873.0,26.0,25.0,23.0,17.0,91.0,32.0,39.0,28.0,13.0,112.0,-6.0,-14.0,-5.0,4.0,-21.0,28.1,14401.0,51196.0,11626.0,392.0,338.0,54.0,3.3514090141345987,2019,8,2019-08,0.0,0.0,,0.0,0.0,0.0,0.0,0.0,1,treatment,0,0,-2.3667305308238475,10.255832300236673,12.62256283106052,0.0,0.0
옥천군,2019-09-01,2651.0,1932.0,1723.0,2543.0,8849.0,31.0,30.0,26.0,19.0,106.0,31.0,41.0,29.0,30.0,131.0,0.0,-11.0,-3.0,-11.0,-25.0,28.2,14436.0,51132.0,11352.0,395.0,631.0,-236.0,1.5657153082222486,2019,9,2019-09,0.0,0.0,,0.0,0.0,0.0,0.0,0.0,1,treatment,0,0,-2.825177986213131,11.978754661543677,14.803932647756808,0.0,0.0
옥천군,2019-10-01,2647.0,1937.0,1697.0,2521.0,8802.0,22.0,30.0,9.0,17.0,78.0,30.0,37.0,30.0,23.0,120.0,-8.0,-7.0,-21.0,-6.0,-42.0,28.4,14484.0,51056.0,11658.0,770.0,453.0,317.0,4.052124241342381,2019,10,2019-10,0.0,0.0,,0.0,0.0,0.0,0.0,0.0,1,treatment,0,0,-4.771642808452625,8.861622358554873,13.6332651670075,0.0,0.0
옥천군,2019-11-01,2636.0,1941.0,1696.0,2510.0,8783.0,28.0,30.0,29.0,20.0,107.0,35.0,39.0,27.0,30.0,131.0,-7.0,-9.0,2.0,-10.0,-24.0,28.4,14505.0,51034.0,11551.0,460.0,427.0,33.0,1.87863820779679,2019,11,2019-11,0.0,0.0,,0.0,0.0,0.0,0.0,0.0,1,treatment,0,0,-2.732551519981783,12.182625526585449,14.915177046567232,0.0,0.0
옥천군,2019-12-01,2617.0,1968.0,1693.0,2490.0,8768.0,33.0,67.0,26.0,29.0,155.0,57.0,56.0,29.0,19.0,161.0,-24.0,11.0,-3.0,10.0,-6.0,28.5,14557.0,51023.0,11258.0,387.0,666.0,-279.0,2.6721386228910182,2019,12,2019-12,0.0,0.0,,0.0,0.0,0.0,0.0,0.0,1,treatment,0,0,-0.6843065693430657,17.677919708029197,18.36222627737226,0.0,0.0
옥천군,2020-01-01,2614.0,1982.0,1674.0,2448.0,8718.0,39.0,32.0,25.0,26.0,122.0,47.0,43.0,26.0,31.0,147.0,-8.0,-11.0,-1.0,-5.0,-25.0,28.6,14607.0,50987.0,11353.0,1040.0,941.0,99.0,1.2034230700659565,2020,1,2020-01,0.0,0.0,,0.0,0.0,0.0,0.0,0.0,1,treatment,0,0,-2.8676301904106447,13.994035329203946,16.86166551961459,0.0,0.0
옥천군,2020-02-01,2582.0,1965.0,1672.0,2423.0,8642.0,29.0,32.0,27.0,22.0,110.0,63.0,42.0,31.0,33.0,169.0,-34.0,-10.0,-4.0,-11.0,-59.0,28.8,14676.0,50903.0,11528.0,673.0,408.0,265.0,1.2560386473430052,2020,2,2020-02,0.0,0.0,,0.0,0.0,0.0,0.0,0.0,1,treatment,0,0,-6.82712335107614,12.728535061328396,19.555658412404537,0.0,0.0
옥천군,2020-03-01,2547.0,1942.0,1649.0,2404.0,8542.0,26.0,35.0,20.0,24.0,105.0,65.0,76.0,36.0,31.0,208.0,-39.0,-41.0,-16.0,-7.0,-103.0,29.1,14783.0,50791.0,11556.0,624.0,630.0,-6.0,0.6269592476489061,2020,3,2020-03,0.0,0.0,,0.0,0.0,0.0,0.0,0.0,1,treatment,0,0,-12.058066026691641,12.29220323109342,24.35026925778506,0.0,0.0
옥천군,2020-04-01,2536.0,1928.0,1659.0,2374.0,8497.0,24.0,30.0,34.0,15.0,103.0,41.0,55.0,21.0,28.0,145.0,-17.0,-25.0,13.0,-13.0,-42.0,29.2,14846.0,50778.0,11723.0,717.0,481.0,236.0,1.0690576773859872,2020,4,2020-04,0.0,0.0,,0.0,0.0,0.0,0.0,0.0,1,treatment,0,0,-4.942921030952101,12.121925385430151,17.064846416382252,0.0,0.0
옥천군,2020-05-01,2528.0,1930.0,1657.0,2375.0,8490.0,11.0,30.0,17.0,25.0,83.0,36.0,41.0,15.0,16.0,108.0,-25.0,-11.0,2.0,9.0,-25.0,29.3,14894.0,50802.0,11634.0,359.0,416.0,-57.0,0.5705394190871349,2020,5,2020-05,0.0,0.0,,0.0,0.0,0.0,0.0,0.0,1,treatment,0,0,-2.944640753828033,9.77620730270907,12.720848056537102,0.0,0.0
옥천군,2020-06-01,2522.0,1953.0,1647.0,2365.0,8487.0,32.0,39.0,19.0,30.0,120.0,37.0,40.0,30.0,29.0,136.0,-5.0,-1.0,-11.0,1.0,-16.0,29.3,14893.0,50802.0,11692.0,460.0,401.0,59.0,1.1681232153673005,2020,6,2020-06,0.0,0.0,,0.0,0.0,0.0,0.0,0.0,1,treatment,0,0,-1.8852362436667844,14.139271827500883,16.02450807116767,0.0,0.0
옥천군,2020-07-01,2508.0,1947.0,1658.0,2329.0,8442.0,22.0,34.0,20.0,24.0,100.0,30.0,52.0,20.0,29.0,131.0,-8.0,-18.0,0.0,-5.0,-31.0,29.4,14923.0,50768.0,11751.0,866.0,786.0,80.0,1.4854477934191257,2020,7,2020-07,0.0,0.0,,0.0,0.0,0.0,0.0,0.0,1,treatment,0,0,-3.6721156124141197,11.845534233593934,15.517649846008055,0.0,0.0
옥천군,2020-08-01,2518.0,1927.0,1651.0,2329.0,8425.0,35.0,27.0,26.0,31.0,119.0,39.0,61.0,27.0,20.0,147.0,-4.0,-34.0,-1.0,11.0,-28.0,29.5,14964.0,50792.0,11845.0,482.0,375.0,107.0,1.8837089282642383,2020,8,2020-08,0.0,0.0,,0.0,0.0,0.0,0.0,0.0,1,treatment,0,0,-3.3234421364985165,14.124629080118694,17.448071216617212,0.0,0.0
옥천군,2020-09-01,2496.0,1921.0,1658.0,2321.0,8396.0,29.0,33.0,24.0,31.0,117.0,56.0,40.0,21.0,32.0,149.0,-27.0,-7.0,3.0,-1.0,-32.0,29.6,15006.0,50745.0,11870.0,626.0,594.0,32.0,4.563072586328398,2020,9,2020-09,0.0,0.0,,0.0,0.0,0.0,0.0,0.0,1,treatment,0,0,-3.8113387327298716,13.935207241543592,17.746545974273463,0.0,0.0
옥천군,2020-10-01,2486.0,1925.0,1633.0,2295.0,8339.0,30.0,23.0,11.0,19.0,83.0,35.0,34.0,24.0,26.0,119.0,-5.0,-11.0,-13.0,-7.0,-36.0,29.7,15048.0,50696.0,11890.0,775.0,746.0,29.0,1.990049751243772,2020,10,2020-10,0.0,0.0,,0.0,0.0,0.0,0.0,0.0,1,treatment,0,0,-4.317064396210577,9.953231802374386,14.270296198584962,0.0,0.0
옥천군,2020-11-01,2466.0,1936.0,1611.0,2275.0,8288.0,24.0,28.0,23.0,17.0,92.0,40.0,45.0,33.0,24.0,142.0,-16.0,-17.0,-10.0,-7.0,-50.0,29.8,15075.0,50619.0,11986.0,446.0,348.0,98.0,3.7659077136178665,2020,11,2020-11,0.0,0.0,,0.0,0.0,0.0,0.0,0.0,1,treatment,0,0,-6.032818532818533,11.1003861003861,17.133204633204635,0.0,0.0
옥천군,2020-12-01,2470.0,1942.0,1602.0,2275.0,8289.0,55.0,63.0,40.0,20.0,178.0,63.0,67.0,38.0,22.0,190.0,-8.0,-4.0,2.0,-2.0,-12.0,29.8,15080.0,50527.0,11219.0,389.0,1158.0,-769.0,-0.34642032332563577,2020,12,2020-12,0.0,0.0,,0.0,0.0,0.0,0.0,0.0,1,treatment,0,0,-1.4477017734346724,21.47424297261431,22.92194474604898,0.0,0.0
옥천군,2021-01-01,2442.0,1906.0,1602.0,2264.0,8214.0,39.0,32.0,33.0,23.0,127.0,65.0,72.0,30.0,25.0,192.0,-26.0,-40.0,3.0,-2.0,-65.0,30.0,15143.0,50468.0,11579.0,1126.0,773.0,353.0,1.99066326081212,2021,1,2021-01,0.0,0.0,,0.0,0.0,0.0,0.0,0.0,1,treatment,0,0,-7.913318724129535,15.461407353299245,23.37472607742878,0.0,0.0
옥천군,2021-02-01,2445.0,1882.0,1596.0,2247.0,8170.0,45.0,41.0,36.0,46.0,168.0,61.0,65.0,34.0,40.0,200.0,-16.0,-24.0,2.0,6.0,-32.0,30.2,15218.0,50474.0,11782.0,670.0,415.0,255.0,2.20333102012491,2021,2,2021-02,0.0,0.0,,0.0,0.0,0.0,0.0,0.0,1,treatment,0,0,-3.916768665850673,20.563035495716033,24.479804161566708,0.0,0.0
옥천군,2021-03-01,2424.0,1884.0,1606.0,2236.0,8150.0,35.0,48.0,50.0,40.0,173.0,64.0,55.0,38.0,28.0,185.0,-29.0,-7.0,12.0,12.0,-12.0,30.3,15249.0,50337.0,11655.0,643.0,732.0,-89.0,0.8566978193146335,2021,3,2021-03,0.0,0.0,,0.0,0.0,0.0,0.0,0.0,1,treatment,0,0,-1.4723926380368098,21.226993865030675,22.699386503067483,0.0,0.0
옥천군,2021-04-01,2416.0,1870.0,1610.0,2213.0,8109.0,20.0,20.0,29.0,22.0,91.0,34.0,48.0,25.0,24.0,131.0,-14.0,-28.0,4.0,-2.0,-40.0,30.4,15302.0,50341.0,12074.0,844.0,402.0,442.0,2.994114134607173,2021,4,2021-04,0.0,0.0,,0.0,0.0,0.0,0.0,0.0,1,treatment,0,0,-4.932790726353434,11.222098902454064,16.1548896288075,0.0,0.0
옥천군,2021-05-01,2403.0,1873.0,1614.0,2201.0,8091.0,18.0,37.0,29.0,22.0,106.0,50.0,43.0,28.0,20.0,141.0,-32.0,-6.0,1.0,2.0,-35.0,30.6,15374.0,50320.0,12092.0,505.0,475.0,30.0,3.936737149733549,2021,5,2021-05,0.0,0.0,,0.0,0.0,0.0,0.0,0.0,1,treatment,0,0,-4.325794092201211,13.100976393523668,17.42677048572488,0.0,0.0
옥천군,2021-06-01,2380.0,1874.0,1617.0,2168.0,8039.0,21.0,40.0,16.0,15.0,92.0,42.0,49.0,11.0,18.0,120.0,-21.0,-9.0,5.0,-3.0,-28.0,30.6,15387.0,50282.0,12010.0,533.0,625.0,-92.0,2.719808416010938,2021,6,2021-06,0.0,0.0,,0.0,0.0,0.0,0.0,0.0,1,treatment,0,0,-3.4830202761537503,11.444209478790894,14.927229754944644,0.0,0.0
옥천군,2021-07-01,2364.0,1849.0,1629.0,2152.0,7994.0,32.0,30.0,23.0,19.0,104.0,45.0,53.0,26.0,13.0,137.0,-13.0,-23.0,-3.0,6.0,-33.0,30.7,15461.0,50312.0,12330.0,811.0,489.0,322.0,4.927240234873631,2021,7,2021-07,0.0,0.0,,0.0,0.0,0.0,0.0,0.0,1,treatment,0,0,-4.12809607205404,13.009757317988491,17.137853390042533,0.0,0.0
옥천군,2021-08-01,2353.0,1863.0,1609.0,2144.0,7969.0,22.0,29.0,14.0,18.0,83.0,30.0,34.0,31.0,21.0,116.0,-8.0,-5.0,-17.0,-3.0,-33.0,30.8,15506.0,50287.0,12347.0,444.0,415.0,29.0,4.238075137188679,2021,8,2021-08,0.0,0.0,,0.0,0.0,0.0,0.0,0.0,1,treatment,0,0,-4.141046555402183,10.415359518132764,14.556406073534948,0.0,0.0
옥천군,2021-09-01,2328.0,1844.0,1607.0,2125.0,7904.0,27.0,36.0,32.0,16.0,111.0,60.0,60.0,26.0,20.0,166.0,-33.0,-24.0,6.0,-4.0,-55.0,30.9,15529.0,50215.0,12359.0,420.0,441.0,-21.0,4.1196293176074095,2021,9,2021-09,0.0,0.0,,0.0,0.0,0.0,0.0,0.0,1,treatment,0,0,-6.958502024291498,14.043522267206479,21.002024291497975,0.0,0.0
옥천군,2021-10-01,2302.0,1847.0,1601.0,2127.0,7877.0,16.0,30.0,16.0,23.0,85.0,32.0,36.0,27.0,13.0,108.0,-16.0,-6.0,-11.0,10.0,-23.0,31.0,15561.0,50194.0,12416.0,821.0,740.0,81.0,4.423885618166534,2021,10,2021-10,0.0,0.0,,0.0,0.0,0.0,0.0,0.0,1,treatment,0,0,-2.919893360416402,10.79091024501714,13.71080360543354,0.0,0.0
옥천군,2021-11-01,2274.0,1865.0,1597.0,2121.0,7857.0,30.0,18.0,30.0,22.0,100.0,35.0,29.0,31.0,19.0,114.0,-5.0,-11.0,-1.0,3.0,-14.0,31.0,15568.0,50184.0,12518.0,596.0,504.0,92.0,4.438511596863015,2021,11,2021-11,0.0,0.0,,0.0,0.0,0.0,0.0,0.0,1,treatment,0,0,-1.7818505791014383,12.727504136438844,14.509354715540283,0.0,0.0
옥천군,2021-12-01,2277.0,1834.0,1582.0,2099.0,7792.0,28.0,31.0,14.0,19.0,92.0,37.0,58.0,37.0,19.0,151.0,-9.0,-27.0,-23.0,0.0,-59.0,31.1,15581.0,50093.0,12016.0,467.0,988.0,-521.0,7.104019966128883,2021,12,2021-12,0.0,0.0,,0.0,0.0,0.0,0.0,0.0,1,treatment,0,0,-7.5718685831622174,11.806981519507186,19.378850102669404,0.0,0.0
옥천군,2022-01-01,2248.0,1829.0,1577.0,2074.0,7728.0,30.0,27.0,23.0,22.0,102.0,51.0,49.0,28.0,17.0,145.0,-21.0,-22.0,-5.0,5.0,-43.0,31.3,15653.0,50020.0,12056.0,1132.0,1085.0,47.0,4.11952672942395,2022,1,2022-01,7200.0,2162.0,0.3,4.0,1.0,3.0,0.25,0.75,1,treatment,1,1,-5.564182194616977,13.198757763975156,18.76293995859213,143942.42303078767,43222.71091563375
옥천군,2022-02-01,2207.0,1830.0,1570.0,2033.0,7640.0,35.0,31.0,16.0,21.0,103.0,62.0,46.0,28.0,21.0,157.0,-27.0,-15.0,-12.0,0.0,-54.0,31.5,15721.0,49959.0,12393.0,721.0,394.0,327.0,5.18587676116109,2022,2,2022-02,7200.0,2162.0,0.3,4.0,1.0,3.0,0.25,0.75,1,treatment,1,1,-7.0680628272251305,13.481675392670157,20.54973821989529,144118.17690506214,43275.48589843672
옥천군,2022-03-01,2188.0,1828.0,1573.0,2020.0,7609.0,41.0,25.0,23.0,27.0,116.0,48.0,39.0,29.0,25.0,141.0,-7.0,-14.0,-6.0,2.0,-25.0,31.7,15802.0,49887.0,12429.0,653.0,615.0,38.0,6.6409266409266365,2022,3,2022-03,7200.0,2162.0,0.3,4.0,1.0,3.0,0.25,0.75,1,treatment,1,1,-3.2855828623997896,15.245104481535025,18.530687343934815,144326.17716038247,43337.94375288151
옥천군,2022-04-01,2184.0,1838.0,1577.0,2010.0,7609.0,29.0,28.0,26.0,17.0,100.0,29.0,27.0,15.0,20.0,91.0,0.0,1.0,11.0,-3.0,9.0,31.7,15842.0,49934.0,12585.0,954.0,747.0,207.0,4.232234553586212,2022,4,2022-04,7200.0,2162.0,0.3,4.0,1.0,3.0,0.25,0.75,1,treatment,1,1,1.1828098304639243,13.142331449599158,11.959521619135234,144190.33123723316,43297.152240958065
옥천군,2022-05-01,2160.0,1844.0,1558.0,1991.0,7553.0,20.0,24.0,12.0,19.0,75.0,38.0,33.0,29.0,18.0,118.0,-18.0,-9.0,-17.0,1.0,-43.0,31.8,15899.0,49919.0,12513.0,521.0,582.0,-61.0,3.481640754217663,2022,5,2022-05,7200.0,2162.0,0.3,4.0,1.0,3.0,0.25,0.75,1,treatment,1,1,-5.693102078644247,9.92982920693764,15.622931285581888,144233.65852681344,43310.16246319037
옥천군,2022-06-01,2176.0,1834.0,1548.0,1972.0,7530.0,34.0,33.0,17.0,10.0,94.0,32.0,37.0,32.0,8.0,109.0,2.0,-4.0,-15.0,2.0,-15.0,31.9,15940.0,49914.0,12303.0,506.0,674.0,-168.0,2.439633638634464,2022,6,2022-06,7200.0,2162.0,0.3,4.0,1.0,3.0,0.25,0.75,1,treatment,1,1,-1.9920318725099602,12.48339973439575,14.47543160690571,144248.106743599,43314.50094161958
옥천군,2022-07-01,2160.0,1842.0,1554.0,1959.0,7515.0,17.0,30.0,19.0,11.0,77.0,19.0,33.0,8.0,15.0,75.0,-2.0,-3.0,11.0,-4.0,2.0,32.0,16003.0,49934.0,12535.0,1404.0,1179.0,225.0,1.6626115166261224,2022,7,2022-07,7200.0,2162.0,0.3,4.0,1.0,3.0,0.25,0.75,1,treatment,1,1,0.2661343978709248,10.246174318030606,9.980039920159681,144190.33123723316,43297.152240958065
옥천군,2022-08-01,2147.0,1835.0,1547.0,1934.0,7463.0,22.0,20.0,15.0,11.0,68.0,36.0,34.0,20.0,17.0,107.0,-14.0,-14.0,-5.0,-6.0,-39.0,32.3,16106.0,49853.0,12555.0,504.0,413.0,91.0,1.6846197456872103,2022,8,2022-08,7200.0,2162.0,0.3,4.0,1.0,3.0,0.25,0.75,1,treatment,1,1,-5.2257805172182765,9.111617312072893,14.33739782929117,144424.60834854472,43367.5004513269
옥천군,2022-09-01,2117.0,1838.0,1517.0,1917.0,7389.0,17.0,27.0,11.0,12.0,67.0,40.0,32.0,33.0,16.0,121.0,-23.0,-5.0,-22.0,-4.0,-54.0,32.5,16114.0,49650.0,12371.0,409.0,558.0,-149.0,0.09709523424226152,2022,9,2022-09,7200.0,2162.0,0.3,4.0,1.0,3.0,0.25,0.75,1,treatment,1,1,-7.3081607795371495,9.067532819055353,16.375693598592502,145015.10574018126,43544.8136958711
옥천군,2022-10-01,2096.0,1840.0,1510.0,1906.0,7352.0,17.0,23.0,19.0,24.0,83.0,28.0,34.0,24.0,15.0,101.0,-11.0,-11.0,-5.0,9.0,-18.0,32.7,16203.0,49591.0,12429.0,639.0,614.0,25.0,0.10470360824741398,2022,10,2022-10,7200.0,2162.0,0.3,4.0,1.0,3.0,0.25,0.75,1,treatment,1,1,-2.4483133841131663,11.289445048966268,13.737758433079435,145187.63485309834,43596.620354499806
옥천군,2022-11-01,2087.0,1836.0,1497.0,1881.0,7301.0,21.0,24.0,22.0,12.0,79.0,29.0,40.0,26.0,17.0,112.0,-8.0,-16.0,-4.0,-5.0,-33.0,32.7,16220.0,49547.0,12527.0,511.0,423.0,88.0,0.0718964690845203,2022,11,2022-11,7200.0,2162.0,0.3,4.0,1.0,3.0,0.25,0.75,1,treatment,1,1,-4.51992877687988,10.820435556773045,15.340364333652925,145316.56810704988,43635.33614547803
옥천군,2022-12-01,2050.0,1856.0,1511.0,1862.0,7279.0,25.0,29.0,27.0,19.0,100.0,41.0,32.0,16.0,18.0,107.0,-16.0,-3.0,11.0,1.0,-7.0,32.8,16265.0,49520.0,11859.0,437.0,1081.0,-644.0,-1.3065912117177114,2022,12,2022-12,7200.0,2162.0,0.3,4.0,1.0,3.0,0.25,0.75,1,treatment,1,1,-0.9616705591427394,13.738150844896277,14.699821404039016,145395.79967689823,43659.12762520194
옥천군,2023-01-01,2033.0,1857.0,1491.0,1850.0,7231.0,29.0,39.0,19.0,16.0,103.0,55.0,36.0,31.0,11.0,133.0,-26.0,3.0,-12.0,5.0,-30.0,33.0,16328.0,49452.0,11953.0,936.0,858.0,78.0,-0.8543463835434584,2023,1,2023-01,9600.0,2811.0,0.293,4.0,1.0,3.0,0.25,0.75,1,treatment,1,1,-4.148803761582077,14.244226248098466,18.39303000968054,194127.6389225916,56842.999272021356
옥천군,2023-02-01,2001.0,1834.0,1485.0,1845.0,7165.0,22.0,29.0,24.0,21.0,96.0,52.0,47.0,31.0,15.0,145.0,-30.0,-18.0,-7.0,6.0,-49.0,33.2,16348.0,49310.0,12316.0,799.0,435.0,364.0,-0.6213184862422283,2023,2,2023-02,9600.0,2811.0,0.293,4.0,1.0,3.0,0.25,0.75,1,treatment,1,1,-6.8387997208653175,13.398464759246336,20.237264480111655,194686.6761306023,57006.69235449199
옥천군,2023-03-01,2000.0,1825.0,1515.0,1816.0,7156.0,41.0,35.0,31.0,11.0,118.0,48.0,44.0,19.0,21.0,132.0,-7.0,-9.0,12.0,-10.0,-14.0,33.3,16405.0,49311.0,12361.0,762.0,703.0,59.0,-0.5471075710033024,2023,3,2023-03,9600.0,2811.0,0.293,4.0,1.0,3.0,0.25,0.75,1,treatment,1,1,-1.9564002235885969,16.489659027389603,18.4460592509782,194682.727991726,57005.53629007727
옥천군,2023-04-01,2009.0,1828.0,1511.0,1798.0,7146.0,22.0,30.0,12.0,12.0,76.0,15.0,27.0,22.0,18.0,82.0,7.0,3.0,-10.0,-6.0,-6.0,33.4,16445.0,49292.0,12306.0,614.0,424.0,190.0,-2.216924910607865,2023,4,2023-04,9600.0,2811.0,0.293,4.0,1.0,3.0,0.25,0.75,1,treatment,1,1,-0.8396305625524769,10.635320458998041,11.474951021550519,194757.77002353323,57027.50953501582
옥천군,2023-05-01,1986.0,1823.0,1512.0,1793.0,7114.0,15.0,25.0,24.0,13.0,77.0,30.0,38.0,27.0,9.0,104.0,-15.0,-13.0,-3.0,4.0,-27.0,33.5,16487.0,49262.0,12293.0,610.0,634.0,-24.0,-1.7581715016382948,2023,5,2023-05,9600.0,2811.0,0.293,4.0,1.0,3.0,0.25,0.75,1,treatment,1,1,-3.795333145909474,10.823727860556648,14.619061006466124,194876.37529941942,57062.238642361255
옥천군,2023-06-01,1972.0,1826.0,1518.0,1785.0,7101.0,22.0,25.0,16.0,15.0,78.0,30.0,29.0,16.0,16.0,91.0,-8.0,-4.0,0.0,-1.0,-13.0,33.5,16489.0,49232.0,12244.0,478.0,511.0,-33.0,-0.4795578314232274,2023,6,2023-06,9600.0,2811.0,0.293,4.0,1.0,3.0,0.25,0.75,1,treatment,1,1,-1.8307280664695114,10.984368398817068,12.81509646528658,194995.12512187194,57097.010074748134
옥천군,2023-07-01,1968.0,1806.0,1539.0,1754.0,7067.0,14.0,15.0,29.0,12.0,70.0,24.0,28.0,25.0,15.0,92.0,-10.0,-13.0,4.0,-3.0,-22.0,33.6,16518.0,49207.0,12359.0,759.0,640.0,119.0,-1.4040686078978903,2023,7,2023-07,9600.0,2811.0,0.293,4.0,1.0,3.0,0.25,0.75,1,treatment,1,1,-3.1130607046837415,9.905193151266449,13.01825385595019,195094.19391549984,57126.01865588229
옥천군,2023-08-01,1953.0,1805.0,1526.0,1739.0,7023.0,23.0,26.0,18.0,16.0,83.0,42.0,36.0,24.0,17.0,119.0,-19.0,-10.0,-6.0,-1.0,-36.0,33.7,16560.0,49164.0,12423.0,522.0,467.0,55.0,-1.0513739545997658,2023,8,2023-08,9600.0,2811.0,0.293,4.0,1.0,3.0,0.25,0.75,1,treatment,1,1,-5.126014523707817,11.818311262993022,16.94432578670084,195264.8279228704,57175.98242616549
옥천군,2023-09-01,1969.0,1790.0,1521.0,1746.0,7026.0,38.0,18.0,8.0,9.0,73.0,22.0,28.0,14.0,10.0,74.0,16.0,-10.0,-6.0,-1.0,-1.0,33.8,16603.0,49137.0,12406.0,526.0,523.0,3.0,0.2829197316304155,2023,9,2023-09,9600.0,2811.0,0.293,4.0,1.0,3.0,0.25,0.75,1,treatment,1,1,-0.14232849416453175,10.389980074010817,10.532308568175349,195372.12284022223,57207.39971915257
옥천군,2023-10-01,1975.0,1778.0,1512.0,1715.0,6980.0,19.0,22.0,15.0,11.0,67.0,24.0,36.0,25.0,26.0,111.0,-5.0,-14.0,-10.0,-15.0,-44.0,33.9,16626.0,49011.0,12456.0,563.0,497.0,66.0,0.21723388848660097,2023,10,2023-10,9600.0,2811.0,0.293,4.0,1.0,3.0,0.25,0.75,1,treatment,1,1,-6.303724928366762,9.598853868194842,15.902578796561604,195874.3955438575,57354.47144518577
옥천군,2023-11-01,1981.0,1792.0,1512.0,1699.0,6984.0,20.0,31.0,18.0,16.0,85.0,19.0,21.0,17.0,11.0,68.0,1.0,10.0,1.0,5.0,17.0,34.0,16635.0,48968.0,12470.0,504.0,476.0,28.0,-0.45501716292807304,2023,11,2023-11,9600.0,2811.0,0.293,4.0,1.0,3.0,0.25,0.75,1,treatment,1,1,2.4341351660939288,12.170675830469644,9.736540664375715,196046.39764744323,57404.83581114197
옥천군,2023-12-01,1983.0,1778.0,1531.0,1688.0,6980.0,35.0,18.0,23.0,14.0,90.0,35.0,26.0,18.0,13.0,92.0,0.0,-8.0,5.0,1.0,-2.0,34.1,16665.0,48891.0,11834.0,345.0,983.0,-638.0,-0.2108103550046425,2023,12,2023-12,9600.0,2811.0,0.293,4.0,1.0,3.0,0.25,0.75,1,treatment,1,1,-0.28653295128939826,12.893982808022923,13.180515759312321,196355.15739093084,57495.24452353194
옥천군,2024-01-01,1960.0,1778.0,1512.0,1669.0,6919.0,35.0,32.0,27.0,18.0,112.0,59.0,45.0,31.0,18.0,153.0,-24.0,-13.0,-4.0,0.0,-41.0,34.3,16743.0,48863.0,12062.0,1025.0,787.0,238.0,0.9119049610976315,2024,1,2024-01,6400.0,607.0,0.095,1.0,0.0,1.0,0.0,1.0,1,treatment,1,1,-5.925711808064749,16.187310304957364,22.11302211302211,130978.44995190635,12422.487362626118
옥천군,2024-02-01,1945.0,1762.0,1507.0,1666.0,6880.0,35.0,29.0,23.0,24.0,111.0,61.0,46.0,24.0,9.0,140.0,-26.0,-17.0,-1.0,15.0,-29.0,34.4,16802.0,48778.0,12229.0,666.0,455.0,211.0,-0.7063981812276743,2024,2,2024-02,6400.0,607.0,0.095,1.0,0.0,1.0,0.0,1.0,1,treatment,1,1,-4.215116279069767,16.13372093023256,20.348837209302324,131206.6915412686,12444.134650867194
옥천군,2024-03-01,1927.0,1764.0,1505.0,1654.0,6850.0,42.0,24.0,24.0,13.0,103.0,57.0,35.0,28.0,17.0,137.0,-15.0,-11.0,-4.0,-4.0,-34.0,34.7,16909.0,48754.0,12410.0,777.0,576.0,201.0,0.396408057600528,2024,3,2024-03,6400.0,607.0,0.095,1.0,0.0,1.0,0.0,1.0,1,treatment,1,1,-4.963503649635037,15.036496350364963,20.0,131271.28030520573,12450.260491446856
옥천군,2024-04-01,1920.0,1760.0,1497.0,1649.0,6826.0,17.0,25.0,20.0,10.0,72.0,29.0,38.0,25.0,10.0,102.0,-12.0,-13.0,-5.0,0.0,-30.0,34.8,16957.0,48673.0,12549.0,627.0,492.0,135.0,1.9746465138956504,2024,4,2024-04,6400.0,607.0,0.095,1.0,0.0,1.0,0.0,1.0,1,treatment,1,1,-4.394960445355991,10.54790506885438,14.942865514210371,131489.73763688287,12470.97980399811
옥천군,2024-05-01,1910.0,1757.0,1482.0,1662.0,6811.0,21.0,28.0,18.0,18.0,85.0,27.0,37.0,29.0,14.0,107.0,-6.0,-9.0,-11.0,4.0,-22.0,34.9,16969.0,48596.0,12576.0,505.0,498.0,7.0,2.302123159521674,2024,5,2024-05,6400.0,607.0,0.095,1.0,0.0,1.0,0.0,1.0,1,treatment,1,1,-3.230069006019674,12.479812068712377,15.709881074732051,131698.08214667873,12490.739978599062
옥천군,2024-06-01,1906.0,1759.0,1477.0,1654.0,6796.0,18.0,22.0,21.0,18.0,79.0,25.0,27.0,25.0,18.0,95.0,-7.0,-5.0,-4.0,0.0,-16.0,35.0,16996.0,48586.0,12671.0,441.0,342.0,99.0,3.487422410976815,2024,6,2024-06,6400.0,607.0,0.095,1.0,0.0,1.0,0.0,1.0,1,treatment,1,1,-2.3543260741612713,11.624484991171277,13.978811065332549,131725.18832585518,12493.310830280328
옥천군,2024-07-01,1888.0,1759.0,1474.0,1649.0,6770.0,14.0,23.0,16.0,19.0,72.0,29.0,31.0,27.0,14.0,101.0,-15.0,-8.0,-11.0,5.0,-29.0,35.0,17003.0,48521.0,12774.0,717.0,579.0,138.0,3.3578768508778944,2024,7,2024-07,6400.0,607.0,0.095,1.0,0.0,1.0,0.0,1.0,1,treatment,1,1,-4.283604135893649,10.635155096011816,14.918759231905465,131901.6508315987,12510.047196059439
옥천군,2024-08-01,1873.0,1758.0,1470.0,1638.0,6739.0,20.0,29.0,23.0,15.0,87.0,31.0,39.0,31.0,11.0,112.0,-11.0,-10.0,-8.0,4.0,-25.0,35.2,17041.0,48422.0,12906.0,522.0,422.0,100.0,3.8879497705868182,2024,8,2024-08,6400.0,607.0,0.095,1.0,0.0,1.0,0.0,1.0,1,treatment,1,1,-3.7097492209526637,12.90992728891527,16.619676509867933,132171.327082731,12535.624303002767
옥천군,2024-09-01,1870.0,1759.0,1485.0,1625.0,6739.0,20.0,27.0,16.0,12.0,75.0,27.0,20.0,14.0,12.0,73.0,-7.0,7.0,2.0,0.0,2.0,35.3,17088.0,48390.0,12874.0,438.0,466.0,-28.0,3.772368208931165,2024,9,2024-09,6400.0,607.0,0.095,1.0,0.0,1.0,0.0,1.0,1,treatment,1,1,0.2967799376762131,11.12924766285799,10.832467725181777,132258.7311427981,12543.914031824757
옥천군,2024-10-01,1846.0,1757.0,1485.0,1609.0,6697.0,9.0,24.0,18.0,17.0,68.0,20.0,37.0,24.0,18.0,99.0,-11.0,-13.0,-6.0,-1.0,-31.0,35.4,17114.0,48332.0,12989.0,621.0,496.0,125.0,4.279062299293512,2024,10,2024-10,6400.0,607.0,0.095,1.0,0.0,1.0,0.0,1.0,1,treatment,1,1,-4.628938330595789,10.153800209048828,14.782738539644617,132417.44599851032,12558.967143921212
옥천군,2024-11-01,1855.0,1747.0,1486.0,1610.0,6698.0,23.0,18.0,20.0,10.0,71.0,24.0,22.0,18.0,14.0,78.0,-1.0,-4.0,2.0,-4.0,-7.0,35.5,17154.0,48294.0,12961.0,549.0,547.0,2.0,3.9374498797112967,2024,11,2024-11,6400.0,607.0,0.095,1.0,0.0,1.0,0.0,1.0,1,treatment,1,1,-1.0450880859958196,10.6001791579576,11.64526724395342,132521.63829875347,12568.8491323974
옥천군,2024-12-01,1840.0,1752.0,1481.0,1596.0,6669.0,18.0,33.0,22.0,15.0,88.0,32.0,33.0,33.0,19.0,117.0,-14.0,0.0,-11.0,-4.0,-29.0,35.7,17216.0,48204.0,12228.0,379.0,1102.0,-723.0,3.329389893527135,2024,12,2024-12,6400.0,607.0,0.095,1.0,0.0,1.0,0.0,1.0,1,treatment,1,1,-4.348478032688559,13.195381616434249,17.54385964912281,132769.06480789976,12592.315990374243
음성군,2017-01-01,5406.0,4895.0,5653.0,6816.0,22770.0,74.0,91.0,100.0,66.0,331.0,102.0,108.0,102.0,81.0,393.0,-28.0,-17.0,-2.0,-15.0,-62.0,17.4,16999.0,97741.0,44200.0,2208.0,2209.0,-1.0,,2017,1,2017-01,0.0,0.0,,0.0,0.0,0.0,0.0,0.0,0,control,0,0,-2.722880983750549,14.536671058410189,17.25955204216074,0.0,0.0
음성군,2017-02-01,5375.0,4890.0,5633.0,6872.0,22770.0,103.0,136.0,113.0,106.0,458.0,117.0,124.0,100.0,81.0,422.0,-14.0,12.0,13.0,25.0,36.0,17.5,17100.0,97901.0,44348.0,1762.0,1598.0,164.0,,2017,2,2017-02,0.0,0.0,,0.0,0.0,0.0,0.0,0.0,0,control,0,0,1.5810276679841897,20.114185331576635,18.533157663592448,0.0,0.0
음성군,2017-03-01,5356.0,4921.0,5594.0,6859.0,22730.0,87.0,137.0,109.0,96.0,429.0,107.0,151.0,98.0,85.0,441.0,-20.0,-14.0,11.0,11.0,-12.0,17.6,17192.0,97861.0,44468.0,2023.0,1814.0,209.0,,2017,3,2017-03,0.0,0.0,,0.0,0.0,0.0,0.0,0.0,0,control,0,0,-0.5279366476022878,18.873735151781787,19.401671799384072,0.0,0.0
음성군,2017-04-01,5313.0,4951.0,5551.0,6883.0,22698.0,65.0,99.0,79.0,80.0,323.0,92.0,84.0,83.0,72.0,331.0,-27.0,15.0,-4.0,8.0,-8.0,17.6,17256.0,97909.0,44673.0,2028.0,1679.0,349.0,,2017,4,2017-04,0.0,0.0,,0.0,0.0,0.0,0.0,0.0,0,control,0,0,-0.3524539607013834,14.230328663318353,14.582782624019737,0.0,0.0
음성군,2017-05-01,5291.0,4925.0,5501.0,6879.0,22596.0,64.0,118.0,107.0,75.0,364.0,107.0,134.0,119.0,89.0,449.0,-43.0,-16.0,-12.0,-14.0,-85.0,17.8,17371.0,97822.0,44504.0,1637.0,1750.0,-113.0,,2017,5,2017-05,0.0,0.0,,0.0,0.0,0.0,0.0,0.0,0,control,0,0,-3.7617277394229065,16.1090458488228,19.870773588245708,0.0,0.0
음성군,2017-06-01,5275.0,4868.0,5375.0,6815.0,22333.0,62.0,113.0,124.0,117.0,416.0,95.0,179.0,228.0,188.0,690.0,-33.0,-66.0,-104.0,-71.0,-274.0,17.9,17402.0,97304.0,44508.0,1713.0,1697.0,16.0,,2017,6,2017-06,0.0,0.0,,0.0,0.0,0.0,0.0,0.0,0,control,0,0,-12.26883983343035,18.627143688711772,30.89598352214212,0.0,0.0
음성군,2017-07-01,5268.0,4835.0,5318.0,6782.0,22203.0,82.0,115.0,117.0,126.0,440.0,91.0,160.0,142.0,152.0,545.0,-9.0,-45.0,-25.0,-26.0,-105.0,18.0,17438.0,97074.0,44778.0,1768.0,1581.0,187.0,,2017,7,2017-07,0.0,0.0,,0.0,0.0,0.0,0.0,0.0,0,control,0,0,-4.729090663423862,19.817141827680945,24.546232491104806,0.0,0.0
음성군,2017-08-01,5239.0,4843.0,5288.0,6787.0,22157.0,91.0,111.0,114.0,120.0,436.0,108.0,141.0,110.0,111.0,470.0,-17.0,-30.0,4.0,9.0,-34.0,18.0,17510.0,97082.0,44826.0,1658.0,1615.0,43.0,,2017,8,2017-08,0.0,0.0,,0.0,0.0,0.0,0.0,0.0,0,control,0,0,-1.5345037685607257,19.67775420860225,21.212257977162974,0.0,0.0
음성군,2017-09-01,5249.0,4872.0,5274.0,6805.0,22200.0,82.0,134.0,104.0,114.0,434.0,91.0,102.0,98.0,92.0,383.0,-9.0,32.0,6.0,22.0,51.0,18.1,17575.0,97219.0,45130.0,2034.0,1688.0,346.0,,2017,9,2017-09,0.0,0.0,,0.0,0.0,0.0,0.0,0.0,0,control,0,0,2.2972972972972974,19.54954954954955,17.25225225225225,0.0,0.0
음성군,2017-10-01,5230.0,4901.0,5259.0,6771.0,22161.0,50.0,92.0,94.0,77.0,313.0,68.0,83.0,74.0,86.0,311.0,-18.0,9.0,20.0,-9.0,2.0,18.1,17613.0,97250.0,45429.0,1510.0,1155.0,355.0,,2017,10,2017-10,0.0,0.0,,0.0,0.0,0.0,0.0,0.0,0,control,0,0,0.09024863498939578,14.123911375840441,14.033662740851044,0.0,0.0
음성군,2017-11-01,5220.0,4911.0,5230.0,6755.0,22116.0,71.0,110.0,89.0,101.0,371.0,74.0,97.0,105.0,95.0,371.0,-3.0,13.0,-16.0,6.0,0.0,18.1,17646.0,97319.0,45373.0,1566.0,1610.0,-44.0,,2017,11,2017-11,0.0,0.0,,0.0,0.0,0.0,0.0,0.0,0,control,0,0,0.0,16.775185386145775,16.775185386145775,0.0,0.0
음성군,2017-12-01,5204.0,4901.0,5224.0,6691.0,22020.0,70.0,135.0,105.0,87.0,397.0,95.0,138.0,98.0,110.0,441.0,-25.0,-3.0,7.0,-23.0,-44.0,18.2,17685.0,97306.0,45556.0,1553.0,1531.0,22.0,,2017,12,2017-12,0.0,0.0,,0.0,0.0,0.0,0.0,0.0,0,control,0,0,-1.9981834695731153,18.029064486830155,20.02724795640327,0.0,0.0
음성군,2018-01-01,5195.0,4894.0,5189.0,6719.0,21997.0,76.0,116.0,105.0,123.0,420.0,96.0,122.0,106.0,111.0,435.0,-20.0,-6.0,-1.0,12.0,-15.0,18.2,17744.0,97416.0,44444.0,2128.0,3129.0,-1001.0,0.5520361990950295,2018,1,2018-01,0.0,0.0,,0.0,0.0,0.0,0.0,0.0,0,control,0,0,-0.6819111697049598,19.093512751738874,19.775423921443835,0.0,0.0
음성군,2018-02-01,5157.0,4906.0,5182.0,6706.0,21951.0,80.0,124.0,129.0,123.0,456.0,102.0,128.0,100.0,132.0,462.0,-22.0,-4.0,29.0,-9.0,-6.0,18.3,17781.0,97356.0,44667.0,1707.0,1442.0,265.0,0.7193109046631285,2018,2,2018-02,0.0,0.0,,0.0,0.0,0.0,0.0,0.0,0,control,0,0,-0.2733360666940003,20.77354106874402,21.04687713543802,0.0,0.0
음성군,2018-03-01,5131.0,4937.0,5159.0,6638.0,21865.0,90.0,171.0,104.0,84.0,449.0,132.0,159.0,115.0,130.0,536.0,-42.0,12.0,-11.0,-46.0,-87.0,18.4,17851.0,97111.0,45166.0,2437.0,1866.0,571.0,1.5696680759197612,2018,3,2018-03,0.0,0.0,,0.0,0.0,0.0,0.0,0.0,0,control,0,0,-3.9789618111136518,20.535101760804938,24.51406357191859,0.0,0.0
음성군,2018-04-01,5106.0,4980.0,5069.0,6601.0,21756.0,72.0,145.0,96.0,89.0,402.0,113.0,112.0,141.0,133.0,499.0,-41.0,33.0,-45.0,-44.0,-97.0,18.5,17889.0,96913.0,45403.0,1946.0,1684.0,262.0,1.6340966579365679,2018,4,2018-04,0.0,0.0,,0.0,0.0,0.0,0.0,0.0,0,control,0,0,-4.458540172825887,18.477661334804193,22.93620150763008,0.0,0.0
음성군,2018-05-01,5107.0,4992.0,5049.0,6607.0,21755.0,64.0,122.0,96.0,82.0,364.0,65.0,117.0,95.0,81.0,358.0,-1.0,5.0,1.0,1.0,6.0,18.5,17965.0,96932.0,45529.0,1813.0,1724.0,89.0,2.3031637605608557,2018,5,2018-05,0.0,0.0,,0.0,0.0,0.0,0.0,0.0,0,control,0,0,0.2757986669731096,16.73178579636865,16.45598712939554,0.0,0.0
음성군,2018-06-01,5087.0,4994.0,5027.0,6595.0,21703.0,56.0,119.0,96.0,74.0,345.0,76.0,132.0,92.0,93.0,393.0,-20.0,-13.0,4.0,-19.0,-48.0,18.6,18018.0,96885.0,45620.0,1757.0,1709.0,48.0,2.4984272490338855,2018,6,2018-06,0.0,0.0,,0.0,0.0,0.0,0.0,0.0,0,control,0,0,-2.211675805188223,15.896419849790352,18.108095654978573,0.0,0.0
음성군,2018-07-01,5097.0,4993.0,5037.0,6594.0,21721.0,75.0,111.0,114.0,85.0,385.0,69.0,115.0,90.0,93.0,367.0,6.0,-4.0,24.0,-8.0,18.0,18.7,18075.0,96912.0,45585.0,1718.0,1826.0,-108.0,1.8022243065791255,2018,7,2018-07,0.0,0.0,,0.0,0.0,0.0,0.0,0.0,0,control,0,0,0.8286911284010865,17.724782468578795,16.89609134017771,0.0,0.0
음성군,2018-08-01,5074.0,5005.0,4966.0,6510.0,21555.0,89.0,130.0,74.0,72.0,365.0,109.0,134.0,128.0,136.0,507.0,-20.0,-4.0,-54.0,-64.0,-142.0,18.8,18123.0,96655.0,45576.0,1725.0,1689.0,36.0,1.6731361263552458,2018,8,2018-08,0.0,0.0,,0.0,0.0,0.0,0.0,0.0,0,control,0,0,-6.5877986546045,16.93342611922988,23.521224773834376,0.0,0.0
음성군,2018-09-01,5104.0,4973.0,4943.0,6475.0,21495.0,73.0,85.0,63.0,60.0,281.0,50.0,119.0,80.0,90.0,339.0,23.0,-34.0,-17.0,-30.0,-58.0,18.8,18182.0,96538.0,45954.0,1858.0,1438.0,420.0,1.8258364724130338,2018,9,2018-09,0.0,0.0,,0.0,0.0,0.0,0.0,0.0,0,control,0,0,-2.698301930681554,13.072807629681321,15.771109560362875,0.0,0.0
음성군,2018-10-01,5080.0,4953.0,4913.0,6443.0,21389.0,56.0,124.0,111.0,98.0,389.0,86.0,140.0,126.0,136.0,488.0,-30.0,-16.0,-15.0,-38.0,-99.0,18.9,18232.0,96317.0,46214.0,1769.0,1517.0,252.0,1.7279711197693004,2018,10,2018-10,0.0,0.0,,0.0,0.0,0.0,0.0,0.0,0,control,0,0,-4.6285473841694325,18.186918509514236,22.81546589368367,0.0,0.0
음성군,2018-11-01,5062.0,4953.0,4878.0,6387.0,21280.0,68.0,116.0,95.0,82.0,361.0,93.0,120.0,108.0,120.0,441.0,-25.0,-4.0,-13.0,-38.0,-80.0,19.0,18279.0,96132.0,46240.0,2442.0,2476.0,-34.0,1.9108280254777066,2018,11,2018-11,0.0,0.0,,0.0,0.0,0.0,0.0,0.0,0,control,0,0,-3.7593984962406015,16.964285714285715,20.723684210526315,0.0,0.0
음성군,2018-12-01,5077.0,4948.0,4820.0,6329.0,21174.0,88.0,123.0,93.0,100.0,404.0,100.0,133.0,127.0,139.0,499.0,-12.0,-10.0,-34.0,-39.0,-95.0,19.1,18303.0,95830.0,46324.0,1656.0,1599.0,57.0,1.6858372113442766,2018,12,2018-12,0.0,0.0,,0.0,0.0,0.0,0.0,0.0,0,control,0,0,-4.486634551808822,19.08000377821857,23.56663833002739,0.0,0.0
음성군,2019-01-01,5047.0,4934.0,4798.0,6322.0,21101.0,73.0,138.0,110.0,90.0,411.0,100.0,146.0,116.0,104.0,466.0,-27.0,-8.0,-6.0,-14.0,-55.0,19.2,18346.0,95595.0,45922.0,2494.0,2952.0,-458.0,3.325533255332558,2019,1,2019-01,0.0,0.0,,0.0,0.0,0.0,0.0,0.0,0,control,0,0,-2.606511539737453,19.477749869674422,22.084261409411877,0.0,0.0
음성군,2019-02-01,5018.0,4888.0,4763.0,6235.0,20904.0,94.0,134.0,85.0,87.0,400.0,128.0,153.0,108.0,141.0,530.0,-34.0,-19.0,-23.0,-54.0,-130.0,19.3,18397.0,95363.0,46517.0,2027.0,1437.0,590.0,4.141760136118378,2019,2,2019-02,0.0,0.0,,0.0,0.0,0.0,0.0,0.0,0,control,0,0,-6.218905472636816,19.135093761959432,25.353999234596248,0.0,0.0
음성군,2019-03-01,5043.0,4864.0,4729.0,6231.0,20867.0,109.0,133.0,87.0,113.0,442.0,105.0,161.0,106.0,94.0,466.0,4.0,-28.0,-19.0,19.0,-24.0,19.4,18501.0,95391.0,47456.0,2526.0,1939.0,587.0,5.070185537793925,2019,3,2019-03,0.0,0.0,,0.0,0.0,0.0,0.0,0.0,0,control,0,0,-1.1501413715435855,21.181770259261032,22.33191163080462,0.0,0.0
음성군,2019-04-01,5051.0,4871.0,4706.0,6218.0,20846.0,74.0,126.0,90.0,83.0,373.0,86.0,128.0,103.0,78.0,395.0,-12.0,-2.0,-13.0,5.0,-22.0,19.5,18596.0,95375.0,47443.0,2044.0,1788.0,256.0,4.4930951699226895,2019,4,2019-04,0.0,0.0,,0.0,0.0,0.0,0.0,0.0,0,control,0,0,-1.0553583421279862,17.893120982442674,18.948479324570663,0.0,0.0
음성군,2019-05-01,5051.0,4874.0,4669.0,6214.0,20808.0,69.0,118.0,73.0,78.0,338.0,76.0,128.0,87.0,76.0,367.0,-7.0,-10.0,-14.0,2.0,-29.0,19.6,18665.0,95473.0,47853.0,2012.0,1671.0,341.0,5.10443892903425,2019,5,2019-05,0.0,0.0,,0.0,0.0,0.0,0.0,0.0,0,control,0,0,-1.3936947327950788,16.243752402921952,17.637447135717032,0.0,0.0
음성군,2019-06-01,5035.0,4893.0,4642.0,6170.0,20740.0,57.0,93.0,75.0,58.0,283.0,75.0,102.0,87.0,68.0,332.0,-18.0,-9.0,-12.0,-10.0,-49.0,19.6,18724.0,95381.0,47903.0,1630.0,1625.0,5.0,5.004384042086807,2019,6,2019-06,0.0,0.0,,0.0,0.0,0.0,0.0,0.0,0,control,0,0,-2.3625843780135005,13.645130183220829,16.00771456123433,0.0,0.0
음성군,2019-07-01,5024.0,4888.0,4628.0,6148.0,20688.0,66.0,114.0,79.0,80.0,339.0,98.0,121.0,84.0,84.0,387.0,-32.0,-7.0,-5.0,-4.0,-48.0,19.7,18792.0,95378.0,48266.0,2245.0,1911.0,334.0,5.881320609849738,2019,7,2019-07,0.0,0.0,,0.0,0.0,0.0,0.0,0.0,0,control,0,0,-2.320185614849188,16.38631090487239,18.70649651972158,0.0,0.0
음성군,2019-08-01,5014.0,4892.0,4620.0,6068.0,20594.0,86.0,127.0,71.0,68.0,352.0,91.0,124.0,93.0,101.0,409.0,-5.0,3.0,-22.0,-33.0,-57.0,19.8,18829.0,95278.0,48197.0,1636.0,1746.0,-110.0,5.7508337721607905,2019,8,2019-08,0.0,0.0,,0.0,0.0,0.0,0.0,0.0,0,control,0,0,-2.76779644556667,17.092356997183646,19.860153442750317,0.0,0.0
음성군,2019-09-01,5021.0,4875.0,4605.0,6024.0,20525.0,75.0,119.0,65.0,58.0,317.0,88.0,122.0,84.0,87.0,381.0,-13.0,-3.0,-19.0,-29.0,-64.0,19.8,18888.0,95184.0,48425.0,1682.0,1443.0,239.0,5.377116246681468,2019,9,2019-09,0.0,0.0,,0.0,0.0,0.0,0.0,0.0,0,control,0,0,-3.1181485992691838,15.444579780755177,18.56272838002436,0.0,0.0
음성군,2019-10-01,5025.0,4892.0,4615.0,5957.0,20489.0,72.0,114.0,119.0,79.0,384.0,83.0,112.0,104.0,99.0,398.0,-11.0,2.0,15.0,-20.0,-14.0,19.9,18917.0,95115.0,48276.0,1681.0,1822.0,-141.0,4.461851387025573,2019,10,2019-10,0.0,0.0,,0.0,0.0,0.0,0.0,0.0,0,control,0,0,-0.683293474547318,18.741763873297867,19.425057347845186,0.0,0.0
음성군,2019-11-01,4999.0,4914.0,4588.0,5936.0,20437.0,68.0,126.0,83.0,70.0,347.0,91.0,121.0,105.0,74.0,391.0,-23.0,5.0,-22.0,-4.0,-44.0,20.0,18985.0,95014.0,48235.0,1640.0,1684.0,-44.0,4.314446366781999,2019,11,2019-11,0.0,0.0,,0.0,0.0,0.0,0.0,0.0,0,control,0,0,-2.1529578705289425,16.979008660762343,19.131966531291287,0.0,0.0
음성군,2019-12-01,5001.0,4949.0,4594.0,5870.0,20414.0,94.0,163.0,91.0,74.0,422.0,101.0,130.0,93.0,91.0,415.0,-7.0,33.0,-2.0,-17.0,7.0,20.1,19067.0,94982.0,47674.0,1527.0,2072.0,-545.0,2.9142561091442865,2019,12,2019-12,0.0,0.0,,0.0,0.0,0.0,0.0,0.0,0,control,0,0,0.3429019300480063,20.672087782894092,20.329185852846084,0.0,0.0
음성군,2020-01-01,4959.0,4972.0,4576.0,5828.0,20335.0,67.0,162.0,87.0,78.0,394.0,122.0,138.0,82.0,87.0,429.0,-55.0,24.0,5.0,-9.0,-35.0,20.2,19179.0,95006.0,47739.0,2488.0,2757.0,-269.0,3.9567092025608597,2020,1,2020-01,0.0,0.0,,0.0,0.0,0.0,0.0,0.0,0,control,0,0,-1.721170395869191,19.375461027784606,21.0966314236538,0.0,0.0
음성군,2020-02-01,4938.0,4957.0,4558.0,5786.0,20239.0,86.0,157.0,93.0,69.0,405.0,123.0,142.0,114.0,76.0,455.0,-37.0,15.0,-21.0,-7.0,-50.0,20.3,19295.0,94909.0,47868.0,3122.0,2520.0,602.0,2.9043145516692848,2020,2,2020-02,0.0,0.0,,0.0,0.0,0.0,0.0,0.0,0,control,0,0,-2.470477790404664,20.01087010227778,22.481347892682443,0.0,0.0
음성군,2020-03-01,4876.0,4955.0,4533.0,5726.0,20090.0,89.0,129.0,99.0,80.0,397.0,137.0,152.0,126.0,102.0,517.0,-48.0,-23.0,-27.0,-22.0,-120.0,20.5,19437.0,94709.0,47904.0,2199.0,2190.0,9.0,0.9440323668240103,2020,3,2020-03,0.0,0.0,,0.0,0.0,0.0,0.0,0.0,0,control,0,0,-5.973120955699353,19.761075161772027,25.734196117471377,0.0,0.0
음성군,2020-04-01,4819.0,4949.0,4523.0,5696.0,19987.0,75.0,111.0,60.0,58.0,304.0,112.0,125.0,78.0,80.0,395.0,-37.0,-14.0,-18.0,-22.0,-91.0,20.6,19470.0,94461.0,47888.0,1773.0,1735.0,38.0,0.9379676664629244,2020,4,2020-04,0.0,0.0,,0.0,0.0,0.0,0.0,0.0,0,control,0,0,-4.5529594236253565,15.209886426177015,19.76284584980237,0.0,0.0
음성군,2020-05-01,4783.0,4899.0,4517.0,5680.0,19879.0,74.0,106.0,71.0,47.0,298.0,116.0,144.0,80.0,71.0,411.0,-42.0,-38.0,-9.0,-24.0,-113.0,20.7,19551.0,94336.0,48028.0,1719.0,1522.0,197.0,0.3657032996886356,2020,5,2020-05,0.0,0.0,,0.0,0.0,0.0,0.0,0.0,0,control,0,0,-5.684390562905579,14.990693696866039,20.67508425977162,0.0,0.0
음성군,2020-06-01,4767.0,4876.0,4505.0,5660.0,19808.0,70.0,107.0,79.0,103.0,359.0,96.0,136.0,89.0,88.0,409.0,-26.0,-29.0,-10.0,15.0,-50.0,20.8,19586.0,94288.0,48252.0,1657.0,1527.0,130.0,0.7285556228211254,2020,6,2020-06,0.0,0.0,,0.0,0.0,0.0,0.0,0.0,0,control,0,0,-2.524232633279483,18.123990306946688,20.648222940226173,0.0,0.0
음성군,2020-07-01,4751.0,4894.0,4503.0,5654.0,19802.0,84.0,123.0,73.0,76.0,356.0,89.0,106.0,75.0,66.0,336.0,-5.0,17.0,-2.0,10.0,20.0,20.8,19635.0,94315.0,48365.0,1752.0,1643.0,109.0,0.2051133302946262,2020,7,2020-07,0.0,0.0,,0.0,0.0,0.0,0.0,0.0,0,control,0,0,1.00999899000101,17.97798202201798,16.967983032016967,0.0,0.0
음성군,2020-08-01,4721.0,4866.0,4472.0,5607.0,19666.0,64.0,98.0,69.0,66.0,297.0,80.0,127.0,105.0,90.0,402.0,-16.0,-29.0,-36.0,-24.0,-105.0,20.9,19700.0,94179.0,48538.0,1562.0,1416.0,146.0,0.7075129157416482,2020,8,2020-08,0.0,0.0,,0.0,0.0,0.0,0.0,0.0,0,control,0,0,-5.339164039458964,15.102206854469642,20.441370893928607,0.0,0.0
음성군,2020-09-01,4704.0,4843.0,4416.0,5512.0,19475.0,60.0,101.0,67.0,61.0,289.0,98.0,141.0,122.0,94.0,455.0,-38.0,-40.0,-55.0,-33.0,-166.0,21.1,19794.0,93813.0,48939.0,1982.0,1675.0,307.0,1.0614352090862145,2020,9,2020-09,0.0,0.0,,0.0,0.0,0.0,0.0,0.0,0,control,0,0,-8.523748395378691,14.839537869062902,23.36328626444159,0.0,0.0
음성군,2020-10-01,4712.0,4820.0,4397.0,5452.0,19381.0,70.0,107.0,85.0,74.0,336.0,76.0,121.0,109.0,117.0,423.0,-6.0,-14.0,-24.0,-43.0,-87.0,21.2,19869.0,93579.0,49142.0,1811.0,1705.0,106.0,1.7938520175656558,2020,10,2020-10,0.0,0.0,,0.0,0.0,0.0,0.0,0.0,0,control,0,0,-4.488932459625406,17.33656674062226,21.825499200247666,0.0,0.0
음성군,2020-11-01,4684.0,4815.0,4370.0,5377.0,19246.0,66.0,124.0,101.0,64.0,355.0,90.0,152.0,125.0,117.0,484.0,-24.0,-28.0,-24.0,-53.0,-129.0,21.4,19929.0,93310.0,49261.0,1904.0,1605.0,299.0,2.127086140769152,2020,11,2020-11,0.0,0.0,,0.0,0.0,0.0,0.0,0.0,0,control,0,0,-6.702691468357061,18.445391250129898,25.148082718486958,0.0,0.0
음성군,2020-12-01,4688.0,4812.0,4328.0,5346.0,19174.0,99.0,144.0,87.0,80.0,410.0,105.0,154.0,117.0,87.0,463.0,-6.0,-10.0,-30.0,-7.0,-53.0,21.4,19978.0,93153.0,48632.0,1817.0,2456.0,-639.0,2.009481058858076,2020,12,2020-12,0.0,0.0,,0.0,0.0,0.0,0.0,0.0,0,control,0,0,-2.7641597997287994,21.38312297903411,24.147282778762907,0.0,0.0
음성군,2021-01-01,4640.0,4791.0,4317.0,5270.0,19018.0,77.0,134.0,88.0,61.0,360.0,123.0,142.0,106.0,93.0,464.0,-46.0,-8.0,-18.0,-32.0,-104.0,21.6,20073.0,92945.0,48874.0,2840.0,2531.0,309.0,2.3775110496658813,2021,1,2021-01,0.0,0.0,,0.0,0.0,0.0,0.0,0.0,0,control,0,0,-5.4685035229782315,18.929435271847723,24.397938794825954,0.0,0.0
음성군,2021-02-01,4606.0,4762.0,4258.0,5223.0,18849.0,93.0,117.0,82.0,79.0,371.0,134.0,134.0,109.0,97.0,474.0,-41.0,-17.0,-27.0,-18.0,-103.0,21.8,20171.0,92733.0,49464.0,2055.0,1405.0,650.0,3.334168964652795,2021,2,2021-02,0.0,0.0,,0.0,0.0,0.0,0.0,0.0,0,control,0,0,-5.46448087431694,19.682741790015385,25.147222664332325,0.0,0.0
음성군,2021-03-01,4543.0,4771.0,4234.0,5175.0,18723.0,73.0,145.0,99.0,78.0,395.0,125.0,157.0,122.0,77.0,481.0,-52.0,-12.0,-23.0,1.0,-86.0,21.8,20165.0,92407.0,50063.0,2282.0,2144.0,138.0,4.506930527722108,2021,3,2021-03,0.0,0.0,,0.0,0.0,0.0,0.0,0.0,0,control,0,0,-4.59328099129413,21.09704641350211,25.69032740479624,0.0,0.0
음성군,2021-04-01,4531.0,4767.0,4243.0,5107.0,18648.0,73.0,109.0,83.0,58.0,323.0,107.0,101.0,96.0,69.0,373.0,-34.0,8.0,-13.0,-11.0,-50.0,21.9,20240.0,92349.0,50094.0,2547.0,2285.0,262.0,4.606582024724348,2021,4,2021-04,0.0,0.0,,0.0,0.0,0.0,0.0,0.0,0,control,0,0,-2.681252681252681,17.32089232089232,20.002145002145003,0.0,0.0
음성군,2021-05-01,4526.0,4720.0,4227.0,5060.0,18533.0,68.0,81.0,89.0,69.0,307.0,77.0,112.0,119.0,65.0,373.0,-9.0,-31.0,-30.0,4.0,-66.0,22.0,20263.0,92213.0,50170.0,1803.0,1658.0,145.0,4.459898392604322,2021,5,2021-05,0.0,0.0,,0.0,0.0,0.0,0.0,0.0,0,control,0,0,-3.561215129768521,16.56504613392327,20.12626126369179,0.0,0.0
음성군,2021-06-01,4516.0,4738.0,4225.0,5028.0,18507.0,69.0,138.0,95.0,62.0,364.0,74.0,130.0,93.0,76.0,373.0,-5.0,8.0,2.0,-14.0,-9.0,22.1,20350.0,92232.0,50437.0,1990.0,1841.0,149.0,4.528309707369638,2021,6,2021-06,0.0,0.0,,0.0,0.0,0.0,0.0,0.0,0,control,0,0,-0.4863024801426487,19.668233641324903,20.154536121467554,0.0,0.0
음성군,2021-07-01,4512.0,4729.0,4247.0,5005.0,18493.0,66.0,101.0,94.0,58.0,319.0,76.0,110.0,89.0,63.0,338.0,-10.0,-9.0,5.0,-5.0,-19.0,22.1,20408.0,92231.0,50355.0,2087.0,2085.0,2.0,4.114545642510081,2021,7,2021-07,0.0,0.0,,0.0,0.0,0.0,0.0,0.0,0,control,0,0,-1.027415778943384,17.249770183312606,18.277185962255988,0.0,0.0
음성군,2021-08-01,4493.0,4731.0,4251.0,4978.0,18453.0,77.0,130.0,75.0,71.0,353.0,97.0,134.0,81.0,58.0,370.0,-20.0,-4.0,-6.0,13.0,-17.0,22.2,20479.0,92224.0,50538.0,1888.0,1697.0,191.0,4.120482920598301,2021,8,2021-08,0.0,0.0,,0.0,0.0,0.0,0.0,0.0,0,control,0,0,-0.921259415813147,19.129680810708287,20.050940226521433,0.0,0.0
음성군,2021-09-01,4410.0,4712.0,4207.0,4948.0,18277.0,76.0,145.0,73.0,65.0,359.0,159.0,166.0,98.0,65.0,488.0,-83.0,-21.0,-25.0,0.0,-129.0,22.3,20562.0,92027.0,50973.0,1924.0,1548.0,376.0,4.156194446147254,2021,9,2021-09,0.0,0.0,,0.0,0.0,0.0,0.0,0.0,0,control,0,0,-7.058051102478525,19.64217322317667,26.700224325655196,0.0,0.0
음성군,2021-10-01,4393.0,4709.0,4189.0,4918.0,18209.0,64.0,108.0,71.0,66.0,309.0,66.0,103.0,85.0,71.0,325.0,-2.0,5.0,-14.0,-5.0,-16.0,22.5,20661.0,92004.0,51179.0,1902.0,1730.0,172.0,4.145130438321609,2021,10,2021-10,0.0,0.0,,0.0,0.0,0.0,0.0,0.0,0,control,0,0,-0.8786863638859904,16.96963040254819,17.84831676643418,0.0,0.0
음성군,2021-11-01,4408.0,4718.0,4186.0,4918.0,18230.0,82.0,132.0,98.0,65.0,377.0,70.0,113.0,95.0,60.0,338.0,12.0,19.0,3.0,5.0,39.0,22.5,20712.0,92086.0,51407.0,2006.0,1825.0,181.0,4.356387405858597,2021,11,2021-11,0.0,0.0,,0.0,0.0,0.0,0.0,0.0,0,control,0,0,2.1393307734503564,20.68019747668678,18.540866703236425,0.0,0.0
음성군,2021-12-01,4399.0,4762.0,4217.0,4903.0,18281.0,87.0,152.0,101.0,78.0,418.0,88.0,105.0,85.0,64.0,342.0,-1.0,47.0,16.0,14.0,76.0,22.5,20783.0,92197.0,51318.0,1822.0,1908.0,-86.0,5.523112354005599,2021,12,2021-12,0.0,0.0,,0.0,0.0,0.0,0.0,0.0,0,control,0,0,4.157321809529019,22.865269952409605,18.707948142880586,0.0,0.0
음성군,2022-01-01,4377.0,4754.0,4217.0,4845.0,18193.0,73.0,107.0,68.0,56.0,304.0,102.0,109.0,76.0,60.0,347.0,-29.0,-2.0,-8.0,-4.0,-43.0,22.7,20913.0,92113.0,51263.0,3023.0,3066.0,-43.0,4.888079551499769,2022,1,2022-01,0.0,0.0,,0.0,0.0,0.0,0.0,0.0,0,control,1,0,-2.3635464189523443,16.70972352003518,19.073269938987522,0.0,0.0
음성군,2022-02-01,4327.0,4749.0,4237.0,4807.0,18120.0,96.0,145.0,104.0,83.0,428.0,143.0,126.0,89.0,66.0,424.0,-47.0,19.0,15.0,17.0,4.0,22.8,21023.0,92171.0,51778.0,1979.0,1546.0,433.0,4.678149765486017,2022,2,2022-02,0.0,0.0,,0.0,0.0,0.0,0.0,0.0,0,control,1,0,0.22075055187637968,23.620309050772626,23.399558498896248,0.0,0.0
음성군,2022-03-01,4286.0,4748.0,4265.0,4756.0,18055.0,88.0,125.0,93.0,74.0,380.0,122.0,127.0,98.0,66.0,413.0,-34.0,-2.0,-5.0,8.0,-33.0,22.9,21124.0,92155.0,52105.0,2528.0,2139.0,389.0,4.078860635599146,2022,3,2022-03,0.0,0.0,,0.0,0.0,0.0,0.0,0.0,0,control,1,0,-1.827748546109111,21.04680144004431,22.87454998615342,0.0,0.0
음성군,2022-04-01,4312.0,4735.0,4258.0,4732.0,18037.0,96.0,107.0,66.0,55.0,324.0,84.0,112.0,87.0,51.0,334.0,12.0,-5.0,-21.0,4.0,-10.0,23.0,21192.0,92175.0,52169.0,2020.0,2020.0,0.0,4.1422126402363535,2022,4,2022-04,0.0,0.0,,0.0,0.0,0.0,0.0,0.0,0,control,1,0,-0.5544159228253035,17.963075899539835,18.517491822365137,0.0,0.0
음성군,2022-05-01,4272.0,4754.0,4256.0,4718.0,18000.0,69.0,119.0,73.0,52.0,313.0,95.0,106.0,76.0,60.0,337.0,-26.0,13.0,-3.0,-8.0,-24.0,23.1,21260.0,92186.0,52417.0,2098.0,1853.0,245.0,4.478772174606349,2022,5,2022-05,0.0,0.0,,0.0,0.0,0.0,0.0,0.0,0,control,1,0,-1.3333333333333333,17.38888888888889,18.72222222222222,0.0,0.0
음성군,2022-06-01,4239.0,4759.0,4263.0,4718.0,17979.0,63.0,118.0,84.0,81.0,346.0,76.0,117.0,90.0,77.0,360.0,-13.0,1.0,-6.0,4.0,-14.0,23.1,21339.0,92240.0,52413.0,1938.0,1954.0,-16.0,3.9177587881912057,2022,6,2022-06,0.0,0.0,,0.0,0.0,0.0,0.0,0.0,0,control,1,0,-0.7786862450636854,19.244674342288224,20.02336058735191,0.0,0.0
음성군,2022-07-01,4232.0,4774.0,4275.0,4724.0,18005.0,66.0,121.0,81.0,76.0,344.0,79.0,98.0,76.0,58.0,311.0,-13.0,23.0,5.0,18.0,33.0,23.2,21420.0,92311.0,52867.0,2578.0,2165.0,413.0,4.988581074371967,2022,7,2022-07,0.0,0.0,,0.0,0.0,0.0,0.0,0.0,0,control,1,0,1.8328242154956957,19.10580394334907,17.272979727853375,0.0,0.0
음성군,2022-08-01,4179.0,4758.0,4297.0,4693.0,17927.0,86.0,111.0,95.0,65.0,357.0,109.0,121.0,92.0,63.0,385.0,-23.0,-10.0,3.0,2.0,-28.0,23.3,21511.0,92277.0,53229.0,2008.0,1792.0,216.0,5.32470616170011,2022,8,2022-08,0.0,0.0,,0.0,0.0,0.0,0.0,0.0,0,control,1,0,-1.5618898867629831,19.914096056228036,21.47598594299102,0.0,0.0
음성군,2022-09-01,4118.0,4769.0,4304.0,4662.0,17853.0,55.0,112.0,90.0,43.0,300.0,86.0,92.0,85.0,40.0,303.0,-31.0,20.0,5.0,3.0,-3.0,23.4,21578.0,92199.0,53439.0,1849.0,1636.0,213.0,4.837855335177443,2022,9,2022-09,0.0,0.0,,0.0,0.0,0.0,0.0,0.0,0,control,1,0,-0.16803898504453033,16.803898504453034,16.971937489497563,0.0,0.0
음성군,2022-10-01,4081.0,4759.0,4305.0,4633.0,17778.0,46.0,102.0,69.0,54.0,271.0,67.0,108.0,81.0,47.0,303.0,-21.0,-6.0,-12.0,7.0,-32.0,23.5,21657.0,92133.0,53508.0,1828.0,1735.0,93.0,4.55069462084059,2022,10,2022-10,0.0,0.0,,0.0,0.0,0.0,0.0,0.0,0,control,1,0,-1.7999775002812466,15.243559455506807,17.043536955788053,0.0,0.0
음성군,2022-11-01,4078.0,4708.0,4327.0,4610.0,17723.0,50.0,83.0,80.0,48.0,261.0,57.0,105.0,80.0,59.0,301.0,-7.0,-22.0,0.0,-11.0,-40.0,23.6,21731.0,92035.0,53444.0,1940.0,1930.0,10.0,3.9624953800066143,2022,11,2022-11,0.0,0.0,,0.0,0.0,0.0,0.0,0.0,0,control,1,0,-2.256954240252779,14.726626417649381,16.98358065790216,0.0,0.0
음성군,2022-12-01,4065.0,4705.0,4312.0,4612.0,17694.0,62.0,106.0,80.0,60.0,308.0,64.0,98.0,97.0,46.0,305.0,-2.0,8.0,-17.0,14.0,3.0,23.7,21808.0,92058.0,53250.0,2030.0,1966.0,64.0,3.764760902607267,2022,12,2022-12,0.0,0.0,,0.0,0.0,0.0,0.0,0.0,0,control,1,0,0.169548999660902,17.407030631852606,17.237481632191702,0.0,0.0
음성군,2023-01-01,4044.0,4705.0,4353.0,4595.0,17697.0,91.0,150.0,113.0,66.0,420.0,102.0,126.0,91.0,66.0,385.0,-11.0,24.0,22.0,0.0,35.0,23.8,21902.0,92018.0,53249.0,2653.0,2826.0,-173.0,3.8741392427286803,2023,1,2023-01,0.0,0.0,,0.0,0.0,0.0,0.0,0.0,0,control,1,0,1.9777363394925693,23.732836073910832,21.755099734418263,0.0,0.0
음성군,2023-02-01,3987.0,4699.0,4373.0,4555.0,17614.0,94.0,140.0,98.0,69.0,401.0,149.0,127.0,92.0,69.0,437.0,-55.0,13.0,6.0,0.0,-36.0,23.9,21965.0,91905.0,55031.0,3208.0,1716.0,1492.0,6.282591061840925,2023,2,2023-02,0.0,0.0,,0.0,0.0,0.0,0.0,0.0,0,control,1,0,-2.043828772567276,22.765981605541047,24.809810378108324,0.0,0.0
음성군,2023-03-01,3949.0,4675.0,4407.0,4530.0,17561.0,104.0,143.0,89.0,47.0,383.0,119.0,148.0,90.0,64.0,421.0,-15.0,-5.0,-1.0,-17.0,-38.0,24.0,22054.0,91825.0,56120.0,3467.0,2385.0,1082.0,7.705594472699362,2023,3,2023-03,0.0,0.0,,0.0,0.0,0.0,0.0,0.0,0,control,1,0,-2.1638858834918286,21.80969193098343,23.97357781447526,0.0,0.0
음성군,2023-04-01,3919.0,4660.0,4460.0,4501.0,17540.0,57.0,109.0,90.0,49.0,305.0,70.0,103.0,72.0,42.0,287.0,-13.0,6.0,18.0,7.0,18.0,24.1,22155.0,91822.0,56197.0,2158.0,2082.0,76.0,7.721060399854318,2023,4,2023-04,0.0,0.0,,0.0,0.0,0.0,0.0,0.0,0,control,1,0,1.0262257696693273,17.388825541619156,16.362599771949828,0.0,0.0
음성군,2023-05-01,3887.0,4643.0,4502.0,4458.0,17490.0,65.0,85.0,88.0,45.0,283.0,95.0,88.0,80.0,61.0,324.0,-30.0,-3.0,8.0,-16.0,-41.0,24.2,22223.0,91787.0,56340.0,2131.0,1969.0,162.0,7.4842131369593945,2023,5,2023-05,0.0,0.0,,0.0,0.0,0.0,0.0,0.0,0,control,1,0,-2.3441966838193253,16.18067467124071,18.524871355060036,0.0,0.0
음성군,2023-06-01,3861.0,4621.0,4534.0,4443.0,17459.0,59.0,104.0,91.0,58.0,312.0,80.0,99.0,84.0,57.0,320.0,-21.0,5.0,7.0,1.0,-8.0,24.3,22294.0,91800.0,56825.0,2218.0,1758.0,460.0,8.417758952931532,2023,6,2023-06,0.0,0.0,,0.0,0.0,0.0,0.0,0.0,0,control,1,0,-0.45821639269144854,17.870439314966493,18.32865570765794,0.0,0.0
음성군,2023-07-01,3843.0,4607.0,4530.0,4411.0,17391.0,37.0,98.0,79.0,33.0,247.0,57.0,98.0,98.0,51.0,304.0,-20.0,0.0,-19.0,-18.0,-57.0,24.4,22354.0,91698.0,56964.0,2238.0,1988.0,250.0,7.749635878714511,2023,7,2023-07,0.0,0.0,,0.0,0.0,0.0,0.0,0.0,0,control,1,0,-3.2775573572537517,14.202748548099592,17.480305905353344,0.0,0.0
음성군,2023-08-01,3793.0,4566.0,4523.0,4383.0,17265.0,54.0,94.0,71.0,35.0,254.0,89.0,112.0,97.0,52.0,350.0,-35.0,-18.0,-26.0,-17.0,-96.0,24.5,22445.0,91546.0,56946.0,1835.0,1753.0,82.0,6.983035563320739,2023,8,2023-08,0.0,0.0,,0.0,0.0,0.0,0.0,0.0,0,control,1,0,-5.560382276281494,14.711844772661454,20.27222704894295,0.0,0.0
음성군,2023-09-01,3742.0,4578.0,4504.0,4386.0,17210.0,38.0,85.0,64.0,46.0,233.0,60.0,87.0,81.0,49.0,277.0,-22.0,-2.0,-17.0,-3.0,-44.0,24.7,22554.0,91425.0,57402.0,2033.0,1713.0,320.0,7.415932184359741,2023,9,2023-09,0.0,0.0,,0.0,0.0,0.0,0.0,0.0,0,control,1,0,-2.5566531086577573,13.538640325392214,16.09529343404997,0.0,0.0
음성군,2023-10-01,3717.0,4563.0,4493.0,4355.0,17128.0,49.0,95.0,80.0,54.0,278.0,69.0,95.0,99.0,58.0,321.0,-20.0,0.0,-19.0,-4.0,-43.0,24.8,22667.0,91339.0,57459.0,1835.0,1657.0,178.0,7.383942588024217,2023,10,2023-10,0.0,0.0,,0.0,0.0,0.0,0.0,0.0,0,control,1,0,-2.510509107893508,16.230733302195237,18.741242410088745,0.0,0.0
음성군,2023-11-01,3701.0,4525.0,4507.0,4333.0,17066.0,51.0,71.0,70.0,40.0,232.0,58.0,93.0,77.0,48.0,276.0,-7.0,-22.0,-7.0,-8.0,-44.0,24.9,22729.0,91227.0,57356.0,1897.0,1928.0,-31.0,7.319811391362929,2023,11,2023-11,0.0,0.0,,0.0,0.0,0.0,0.0,0.0,0,control,1,0,-2.5782257119418728,13.594281026602602,16.172506738544474,0.0,0.0
음성군,2023-12-01,3677.0,4540.0,4537.0,4285.0,17039.0,57.0,125.0,88.0,49.0,319.0,65.0,106.0,96.0,63.0,330.0,-8.0,19.0,-8.0,-14.0,-11.0,25.0,22823.0,91183.0,57065.0,1676.0,1905.0,-229.0,7.164319248826301,2023,12,2023-12,0.0,0.0,,0.0,0.0,0.0,0.0,0.0,0,control,1,0,-0.6455777921239509,18.721755971594575,19.367333763718527,0.0,0.0
음성군,2024-01-01,3668.0,4504.0,4515.0,4221.0,16908.0,93.0,113.0,77.0,49.0,332.0,99.0,129.0,106.0,83.0,417.0,-6.0,-16.0,-29.0,-34.0,-85.0,25.1,22865.0,90976.0,56721.0,2753.0,2797.0,-44.0,6.520310240567895,2024,1,2024-01,0.0,0.0,,0.0,0.0,0.0,0.0,0.0,0,control,1,0,-5.027206056304708,19.635675419919565,24.66288147622427,0.0,0.0
음성군,2024-02-01,3632.0,4517.0,4496.0,4199.0,16844.0,99.0,143.0,94.0,66.0,402.0,123.0,124.0,103.0,61.0,411.0,-24.0,19.0,-9.0,5.0,-9.0,25.3,22977.0,90876.0,57405.0,2244.0,1488.0,756.0,4.313932147335131,2024,2,2024-02,0.0,0.0,,0.0,0.0,0.0,0.0,0.0,0,control,1,0,-0.5343148895749228,23.866065067679887,24.40037995725481,0.0,0.0
음성군,2024-03-01,3602.0,4510.0,4453.0,4139.0,16704.0,119.0,151.0,120.0,57.0,447.0,142.0,145.0,177.0,104.0,568.0,-23.0,6.0,-57.0,-47.0,-121.0,25.5,23099.0,90542.0,57685.0,2472.0,2194.0,278.0,2.7886671418389186,2024,3,2024-03,0.0,0.0,,0.0,0.0,0.0,0.0,0.0,0,control,1,0,-7.243773946360153,26.760057471264368,34.00383141762452,0.0,0.0
음성군,2024-04-01,3548.0,4468.0,4420.0,4127.0,16563.0,56.0,107.0,96.0,57.0,316.0,87.0,124.0,150.0,71.0,432.0,-31.0,-17.0,-54.0,-14.0,-116.0,25.7,23189.0,90283.0,57710.0,1993.0,1863.0,130.0,2.6923145363631606,2024,4,2024-04,0.0,0.0,,0.0,0.0,0.0,0.0,0.0,0,control,1,0,-7.00356215661414,19.078669323190244,26.082231479804385,0.0,0.0
음성군,2024-05-01,3552.0,4459.0,4431.0,4098.0,16540.0,78.0,127.0,82.0,53.0,340.0,86.0,106.0,96.0,68.0,356.0,-8.0,21.0,-14.0,-15.0,-16.0,25.7,23225.0,90214.0,57804.0,1901.0,1846.0,55.0,2.5985090521831733,2024,5,2024-05,0.0,0.0,,0.0,0.0,0.0,0.0,0.0,0,control,1,0,-0.9673518742442564,20.556227327690447,21.523579201934705,0.0,0.0
음성군,2024-06-01,3548.0,4483.0,4434.0,4081.0,16546.0,59.0,115.0,75.0,54.0,303.0,51.0,73.0,92.0,55.0,271.0,8.0,42.0,-17.0,-1.0,32.0,25.8,23283.0,90245.0,58002.0,1755.0,1572.0,183.0,2.071271447426315,2024,6,2024-06,0.0,0.0,,0.0,0.0,0.0,0.0,0.0,0,control,1,0,1.9340021757524477,18.31258310165599,16.37858092590354,0.0,0.0
음성군,2024-07-01,3536.0,4490.0,4455.0,4066.0,16547.0,64.0,105.0,92.0,48.0,309.0,70.0,98.0,86.0,48.0,302.0,-6.0,7.0,6.0,0.0,7.0,25.9,23395.0,90219.0,58213.0,2090.0,1932.0,158.0,2.192612878309097,2024,7,2024-07,0.0,0.0,,0.0,0.0,0.0,0.0,0.0,0,control,1,0,0.4230374085937028,18.674079893636307,18.251042485042607,0.0,0.0
음성군,2024-08-01,3539.0,4507.0,4483.0,4096.0,16625.0,67.0,135.0,93.0,84.0,379.0,62.0,93.0,80.0,61.0,296.0,5.0,42.0,13.0,23.0,83.0,26.0,23504.0,90377.0,58428.0,1926.0,1755.0,171.0,2.60246549362555,2024,8,2024-08,0.0,0.0,,0.0,0.0,0.0,0.0,0.0,0,control,1,0,4.992481203007519,22.796992481203006,17.804511278195488,0.0,0.0
음성군,2024-09-01,3521.0,4489.0,4516.0,4084.0,16610.0,48.0,98.0,91.0,59.0,296.0,58.0,101.0,79.0,57.0,295.0,-10.0,-3.0,12.0,2.0,1.0,26.1,23616.0,90377.0,58614.0,1769.0,1583.0,186.0,2.111424689035224,2024,9,2024-09,0.0,0.0,,0.0,0.0,0.0,0.0,0.0,0,control,1,0,0.060204695966285374,17.82059000602047,17.760385310054183,0.0,0.0
음성군,2024-10-01,3500.0,4498.0,4558.0,4094.0,16650.0,57.0,109.0,130.0,74.0,370.0,58.0,89.0,113.0,53.0,313.0,-1.0,20.0,17.0,21.0,57.0,26.2,23757.0,90554.0,58758.0,1940.0,1735.0,205.0,2.2607424424372136,2024,10,2024-10,0.0,0.0,,0.0,0.0,0.0,0.0,0.0,0,control,1,0,3.4234234234234235,22.22222222222222,18.7987987987988,0.0,0.0
음성군,2024-11-01,3501.0,4504.0,4647.0,4135.0,16787.0,58.0,127.0,200.0,150.0,535.0,60.0,99.0,128.0,102.0,389.0,-2.0,28.0,72.0,48.0,146.0,26.3,23886.0,90977.0,58890.0,1830.0,1757.0,73.0,2.6745240253853053,2024,11,2024-11,0.0,0.0,,0.0,0.0,0.0,0.0,0.0,0,control,1,0,8.697206171442188,31.86989932686007,23.172693155417882,0.0,0.0
음성군,2024-12-01,3482.0,4541.0,4707.0,4166.0,16896.0,89.0,154.0,161.0,113.0,517.0,90.0,105.0,114.0,75.0,384.0,-1.0,49.0,47.0,38.0,133.0,26.3,23968.0,91236.0,58279.0,1555.0,2054.0,-499.0,2.127398580566031,2024,12,2024-12,0.0,0.0,,0.0,0.0,0.0,0.0,0.0,0,control,1,0,7.871685606060606,30.598958333333332,22.727272727272727,0.0,0.0
제천시,2017-01-01,9409.0,6448.0,6829.0,8087.0,30773.0,112.0,146.0,95.0,99.0,452.0,209.0,159.0,105.0,108.0,581.0,-97.0,-13.0,-10.0,-9.0,-129.0,17.8,24290.0,136389.0,20034.0,1150.0,1291.0,-141.0,,2017,1,2017-01,0.0,0.0,,0.0,0.0,0.0,0.0,0.0,1,treatment,0,0,-4.191986481655997,14.688200695414812,18.88018717707081,0.0,0.0
제천시,2017-02-01,9263.0,6438.0,6789.0,8092.0,30582.0,120.0,168.0,147.0,142.0,577.0,278.0,207.0,144.0,140.0,769.0,-158.0,-39.0,3.0,2.0,-192.0,18.0,24457.0,136226.0,20190.0,1104.0,900.0,204.0,,2017,2,2017-02,0.0,0.0,,0.0,0.0,0.0,0.0,0.0,1,treatment,0,0,-6.278202864430057,18.86730756654241,25.145510430972468,0.0,0.0
제천시,2017-03-01,9212.0,6425.0,6717.0,8106.0,30460.0,120.0,134.0,130.0,134.0,518.0,228.0,197.0,128.0,126.0,679.0,-108.0,-63.0,2.0,8.0,-161.0,18.1,24660.0,136013.0,20713.0,1631.0,1097.0,534.0,,2017,3,2017-03,0.0,0.0,,0.0,0.0,0.0,0.0,0.0,1,treatment,0,0,-5.2856204858831255,17.0059093893631,22.291529875246226,0.0,0.0
제천시,2017-04-01,9473.0,6441.0,6693.0,8114.0,30721.0,353.0,135.0,106.0,109.0,703.0,146.0,149.0,108.0,104.0,507.0,207.0,-14.0,-2.0,5.0,196.0,18.1,24777.0,136534.0,20893.0,1162.0,887.0,275.0,,2017,4,2017-04,0.0,0.0,,0.0,0.0,0.0,0.0,0.0,1,treatment,0,0,6.380000651020475,22.883369681976497,16.503369030956023,0.0,0.0
제천시,2017-05-01,9598.0,6431.0,6662.0,8127.0,30818.0,244.0,135.0,94.0,108.0,581.0,178.0,161.0,106.0,114.0,559.0,66.0,-26.0,-12.0,-6.0,22.0,18.3,25023.0,136609.0,20985.0,908.0,795.0,113.0,,2017,5,2017-05,0.0,0.0,,0.0,0.0,0.0,0.0,0.0,1,treatment,0,0,0.7138685183983386,18.85261859951976,18.138750081121422,0.0,0.0
제천시,2017-06-01,9566.0,6454.0,6596.0,8133.0,30749.0,84.0,108.0,77.0,85.0,354.0,159.0,128.0,96.0,85.0,468.0,-75.0,-20.0,-19.0,0.0,-114.0,18.4,25116.0,136507.0,20854.0,765.0,871.0,-106.0,,2017,6,2017-06,0.0,0.0,,0.0,0.0,0.0,0.0,0.0,1,treatment,0,0,-3.7074376402484632,11.512569514455755,15.220007154704218,0.0,0.0
제천시,2017-07-01,9490.0,6479.0,6581.0,8149.0,30699.0,108.0,135.0,174.0,183.0,600.0,177.0,167.0,162.0,158.0,664.0,-69.0,-32.0,12.0,25.0,-64.0,18.5,25227.0,136483.0,20714.0,1052.0,1297.0,-245.0,,2017,7,2017-07,0.0,0.0,,0.0,0.0,0.0,0.0,0.0,1,treatment,0,0,-2.084758461187661,19.54461057363432,21.62936903482198,0.0,0.0
제천시,2017-08-01,9451.0,6503.0,6529.0,8202.0,30685.0,152.0,179.0,204.0,218.0,753.0,215.0,176.0,214.0,202.0,807.0,-63.0,3.0,-10.0,16.0,-54.0,18.6,25348.0,136492.0,20822.0,885.0,824.0,61.0,,2017,8,2017-08,0.0,0.0,,0.0,0.0,0.0,0.0,0.0,1,treatment,0,0,-1.759817500407365,24.539677366791594,26.299494867198955,0.0,0.0
제천시,2017-09-01,9427.0,6534.0,6514.0,8236.0,30711.0,130.0,178.0,205.0,207.0,720.0,168.0,180.0,199.0,174.0,721.0,-38.0,-2.0,6.0,33.0,-1.0,18.6,25422.0,136569.0,21004.0,1132.0,975.0,157.0,,2017,9,2017-09,0.0,0.0,,0.0,0.0,0.0,0.0,0.0,1,treatment,0,0,-0.032561622871283905,23.444368467324413,23.476930090195694,0.0,0.0
제천시,2017-10-01,9413.0,6576.0,6492.0,8225.0,30706.0,105.0,148.0,190.0,169.0,612.0,134.0,159.0,183.0,148.0,624.0,-29.0,-11.0,7.0,21.0,-12.0,18.7,25533.0,136656.0,21234.0,814.0,701.0,113.0,,2017,10,2017-10,0.0,0.0,,0.0,0.0,0.0,0.0,0.0,1,treatment,0,0,-0.3908031003712629,19.93095811893441,20.321761219305674,0.0,0.0
제천시,2017-11-01,9375.0,6607.0,6492.0,8183.0,30657.0,125.0,140.0,155.0,135.0,555.0,186.0,141.0,158.0,120.0,605.0,-61.0,-1.0,-3.0,15.0,-50.0,18.8,25623.0,136631.0,21412.0,1046.0,837.0,209.0,,2017,11,2017-11,0.0,0.0,,0.0,0.0,0.0,0.0,0.0,1,treatment,0,0,-1.6309488860619108,18.10353263528721,19.73448152134912,0.0,0.0
제천시,2017-12-01,9326.0,6589.0,6441.0,8148.0,30504.0,132.0,130.0,147.0,129.0,538.0,216.0,189.0,160.0,147.0,712.0,-84.0,-59.0,-13.0,-18.0,-174.0,18.8,25691.0,136432.0,20937.0,696.0,1201.0,-505.0,,2017,12,2017-12,0.0,0.0,,0.0,0.0,0.0,0.0,0.0,1,treatment,0,0,-5.704169944925256,17.637031209021767,23.341201153947022,0.0,0.0
제천시,2018-01-01,9167.0,6615.0,6384.0,8183.0,30349.0,172.0,190.0,197.0,198.0,757.0,342.0,240.0,192.0,191.0,965.0,-170.0,-50.0,5.0,7.0,-208.0,18.9,25770.0,136266.0,20463.0,1326.0,1789.0,-463.0,2.1413596885295094,2018,1,2018-01,0.0,0.0,,0.0,0.0,0.0,0.0,0.0,1,treatment,0,0,-6.853603084121388,24.94316122442255,31.79676430854394,0.0,0.0
제천시,2018-02-01,9053.0,6609.0,6348.0,8193.0,30203.0,136.0,197.0,139.0,181.0,653.0,259.0,233.0,143.0,158.0,793.0,-123.0,-36.0,-4.0,23.0,-140.0,19.0,25858.0,136087.0,20725.0,1054.0,771.0,283.0,2.6498266468548692,2018,2,2018-02,0.0,0.0,,0.0,0.0,0.0,0.0,0.0,1,treatment,0,0,-4.635301129026918,21.620368837532695,26.255669966559612,0.0,0.0
제천시,2018-03-01,9002.0,6604.0,6274.0,8152.0,30032.0,158.0,158.0,128.0,152.0,596.0,241.0,241.0,153.0,175.0,810.0,-83.0,-83.0,-25.0,-23.0,-214.0,19.1,26008.0,135849.0,21362.0,1817.0,1124.0,693.0,3.1332979288369645,2018,3,2018-03,0.0,0.0,,0.0,0.0,0.0,0.0,0.0,1,treatment,0,0,-7.125732551944592,19.845498135322323,26.971230687266914,0.0,0.0
제천시,2018-04-01,9056.0,6651.0,6261.0,8169.0,30137.0,187.0,142.0,124.0,102.0,555.0,165.0,162.0,116.0,87.0,530.0,22.0,-20.0,8.0,15.0,25.0,19.2,26075.0,135916.0,21553.0,1241.0,912.0,329.0,3.158952759297362,2018,4,2018-04,0.0,0.0,,0.0,0.0,0.0,0.0,0.0,1,treatment,0,0,0.8295450774795102,18.415900720045126,17.586355642565618,0.0,0.0
제천시,2018-05-01,9071.0,6678.0,6192.0,8185.0,30126.0,148.0,160.0,103.0,129.0,540.0,172.0,178.0,130.0,116.0,596.0,-24.0,-18.0,-27.0,13.0,-56.0,19.2,26145.0,135947.0,21489.0,988.0,1043.0,-55.0,2.4017155110793498,2018,5,2018-05,0.0,0.0,,0.0,0.0,0.0,0.0,0.0,1,treatment,0,0,-1.8588594569474872,17.924716191993628,19.783575648941113,0.0,0.0
제천시,2018-06-01,9040.0,6689.0,6186.0,8200.0,30115.0,87.0,131.0,104.0,110.0,432.0,153.0,155.0,93.0,98.0,499.0,-66.0,-24.0,11.0,12.0,-67.0,19.3,26221.0,135857.0,21537.0,866.0,821.0,45.0,3.2751510501582537,2018,6,2018-06,0.0,0.0,,0.0,0.0,0.0,0.0,0.0,1,treatment,0,0,-2.224804914494438,14.345010791964137,16.569815706458577,0.0,0.0
제천시,2018-07-01,9036.0,6693.0,6167.0,8169.0,30065.0,99.0,136.0,105.0,94.0,434.0,141.0,172.0,112.0,112.0,537.0,-42.0,-36.0,-7.0,-18.0,-103.0,19.4,26297.0,135710.0,21480.0,1194.0,1256.0,-62.0,3.697982041131609,2018,7,2018-07,0.0,0.0,,0.0,0.0,0.0,0.0,0.0,1,treatment,0,0,-3.425910527191086,14.435389988358557,17.861300515549644,0.0,0.0
제천시,2018-08-01,8980.0,6705.0,6140.0,8199.0,30024.0,116.0,144.0,97.0,122.0,479.0,192.0,164.0,110.0,92.0,558.0,-76.0,-20.0,-13.0,30.0,-79.0,19.4,26350.0,135600.0,21435.0,797.0,794.0,3.0,2.9440015368360495,2018,8,2018-08,0.0,0.0,,0.0,0.0,0.0,0.0,0.0,1,treatment,0,0,-2.631228350652811,15.9539035438316,18.585131894484412,0.0,0.0
제천시,2018-09-01,8932.0,6719.0,6159.0,8169.0,29979.0,81.0,122.0,107.0,96.0,406.0,130.0,138.0,95.0,111.0,474.0,-49.0,-16.0,12.0,-15.0,-68.0,19.5,26450.0,135556.0,21653.0,1035.0,802.0,233.0,3.08988764044944,2018,9,2018-09,0.0,0.0,,0.0,0.0,0.0,0.0,0.0,1,treatment,0,0,-2.268254444778011,13.542813302645184,15.811067747423197,0.0,0.0
제천시,2018-10-01,8928.0,6736.0,6135.0,8161.0,29960.0,97.0,153.0,114.0,131.0,495.0,134.0,172.0,115.0,126.0,547.0,-37.0,-19.0,-1.0,5.0,-52.0,19.6,26510.0,135556.0,21845.0,1062.0,782.0,280.0,2.877460676273902,2018,10,2018-10,0.0,0.0,,0.0,0.0,0.0,0.0,0.0,1,treatment,0,0,-1.7356475300400533,16.52202937249666,18.257676902536716,0.0,0.0
제천시,2018-11-01,8921.0,6762.0,6103.0,8161.0,29947.0,146.0,178.0,114.0,150.0,588.0,165.0,189.0,123.0,146.0,623.0,-19.0,-11.0,-9.0,4.0,-35.0,19.6,26544.0,135473.0,21968.0,1042.0,920.0,122.0,2.596674761815798,2018,11,2018-11,0.0,0.0,,0.0,0.0,0.0,0.0,0.0,1,treatment,0,0,-1.1687314255184158,19.634687948709388,20.803419374227804,0.0,0.0
제천시,2018-12-01,8816.0,6785.0,6076.0,8170.0,29847.0,116.0,154.0,124.0,123.0,517.0,208.0,186.0,125.0,113.0,632.0,-92.0,-32.0,-1.0,10.0,-115.0,19.7,26619.0,135386.0,21868.0,814.0,1080.0,-266.0,4.446673353393504,2018,12,2018-12,0.0,0.0,,0.0,0.0,0.0,0.0,0.0,1,treatment,0,0,-3.852983549435454,17.321673870070693,21.174657419506147,0.0,0.0
제천시,2019-01-01,8763.0,6751.0,6045.0,8105.0,29664.0,172.0,159.0,118.0,111.0,560.0,247.0,218.0,127.0,138.0,730.0,-75.0,-59.0,-9.0,-27.0,-170.0,19.8,26716.0,135159.0,21506.0,1629.0,2005.0,-376.0,5.097004349313394,2019,1,2019-01,0.0,0.0,,0.0,0.0,0.0,0.0,0.0,1,treatment,0,0,-5.730852211434736,18.878101402373247,24.608953613807984,0.0,0.0
제천시,2019-02-01,8653.0,6725.0,6035.0,8085.0,29498.0,145.0,241.0,184.0,162.0,732.0,259.0,271.0,177.0,152.0,859.0,-114.0,-30.0,7.0,10.0,-127.0,19.8,26793.0,134992.0,21854.0,1133.0,748.0,385.0,5.447527141133901,2019,2,2019-02,0.0,0.0,,0.0,0.0,0.0,0.0,0.0,1,treatment,0,0,-4.305376635704116,24.815241711302463,29.120618347006577,0.0,0.0
제천시,2019-03-01,8618.0,6688.0,6032.0,8020.0,29358.0,157.0,180.0,132.0,137.0,606.0,221.0,239.0,131.0,154.0,745.0,-64.0,-59.0,1.0,-17.0,-139.0,20.0,26923.0,134842.0,22442.0,1782.0,1239.0,543.0,5.055706394532344,2019,3,2019-03,0.0,0.0,,0.0,0.0,0.0,0.0,0.0,1,treatment,0,0,-4.734654949247224,20.64173308808502,25.376388037332244,0.0,0.0
제천시,2019-04-01,8840.0,6702.0,6024.0,7972.0,29538.0,382.0,207.0,165.0,173.0,927.0,182.0,218.0,162.0,186.0,748.0,200.0,-11.0,3.0,-13.0,179.0,20.0,26999.0,135243.0,22813.0,1279.0,834.0,445.0,5.846053913608307,2019,4,2019-04,0.0,0.0,,0.0,0.0,0.0,0.0,0.0,1,treatment,0,0,6.059990520685219,31.38330286410725,25.32331234342203,0.0,0.0
제천시,2019-05-01,8876.0,6721.0,6011.0,7955.0,29563.0,179.0,164.0,157.0,124.0,624.0,176.0,176.0,151.0,125.0,628.0,3.0,-12.0,6.0,-1.0,-4.0,20.1,27113.0,135225.0,22750.0,990.0,960.0,30.0,5.868118572292791,2019,5,2019-05,0.0,0.0,,0.0,0.0,0.0,0.0,0.0,1,treatment,0,0,-0.13530426546696886,21.10746541284714,21.242769678314108,0.0,0.0
제천시,2019-06-01,8815.0,6742.0,6018.0,7929.0,29504.0,88.0,117.0,119.0,103.0,427.0,156.0,139.0,105.0,90.0,490.0,-68.0,-22.0,14.0,13.0,-63.0,20.1,27222.0,135176.0,22790.0,816.0,779.0,37.0,5.817894785717592,2019,6,2019-06,0.0,0.0,,0.0,0.0,0.0,0.0,0.0,1,treatment,0,0,-2.1353036876355747,14.47261388286334,16.607917570498916,0.0,0.0
제천시,2019-07-01,8763.0,6781.0,5997.0,7895.0,29436.0,103.0,163.0,92.0,117.0,475.0,148.0,172.0,96.0,114.0,530.0,-45.0,-9.0,-4.0,3.0,-55.0,20.2,27314.0,135116.0,23005.0,1581.0,1456.0,125.0,7.099627560521404,2019,7,2019-07,0.0,0.0,,0.0,0.0,0.0,0.0,0.0,1,treatment,0,0,-1.8684603886397608,16.1367033564343,18.00516374507406,0.0,0.0
제천시,2019-08-01,8741.0,6800.0,5988.0,7878.0,29407.0,125.0,145.0,127.0,111.0,508.0,166.0,159.0,131.0,91.0,547.0,-41.0,-14.0,-4.0,20.0,-39.0,20.3,27410.0,135057.0,22854.0,1041.0,1158.0,-117.0,6.620013995801255,2019,8,2019-08,0.0,0.0,,0.0,0.0,0.0,0.0,0.0,1,treatment,0,0,-1.3262148468051824,17.274798517359812,18.601013364164995,0.0,0.0
제천시,2019-09-01,8699.0,6794.0,5982.0,7853.0,29328.0,92.0,140.0,107.0,93.0,432.0,167.0,170.0,105.0,110.0,552.0,-75.0,-30.0,2.0,-17.0,-120.0,20.4,27514.0,134916.0,23100.0,1077.0,794.0,283.0,6.6826767653442865,2019,9,2019-09,0.0,0.0,,0.0,0.0,0.0,0.0,0.0,1,treatment,0,0,-4.091653027823241,14.729950900163667,18.821603927986907,0.0,0.0
제천시,2019-10-01,8664.0,6752.0,5953.0,7854.0,29223.0,80.0,117.0,110.0,110.0,417.0,150.0,173.0,111.0,94.0,528.0,-70.0,-56.0,-1.0,16.0,-111.0,20.5,27608.0,134863.0,23283.0,1090.0,886.0,204.0,6.582742046234835,2019,10,2019-10,0.0,0.0,,0.0,0.0,0.0,0.0,0.0,1,treatment,0,0,-3.798377989939431,14.269582178421107,18.06796016836054,0.0,0.0
제천시,2019-11-01,8662.0,6735.0,5953.0,7787.0,29137.0,109.0,135.0,101.0,102.0,447.0,142.0,170.0,115.0,101.0,528.0,-33.0,-35.0,-14.0,1.0,-81.0,20.6,27697.0,134768.0,23490.0,1056.0,873.0,183.0,6.928259286234528,2019,11,2019-11,0.0,0.0,,0.0,0.0,0.0,0.0,0.0,1,treatment,0,0,-2.7799704842639943,15.341318598345746,18.12128908260974,0.0,0.0
제천시,2019-12-01,8594.0,6738.0,5926.0,7767.0,29025.0,135.0,147.0,111.0,96.0,489.0,218.0,176.0,117.0,94.0,605.0,-83.0,-29.0,-6.0,2.0,-116.0,20.6,27790.0,134617.0,23088.0,789.0,1162.0,-373.0,5.578928114139381,2019,12,2019-12,0.0,0.0,,0.0,0.0,0.0,0.0,0.0,1,treatment,0,0,-3.996554694229113,16.847545219638242,20.844099913867357,0.0,0.0
제천시,2020-01-01,8513.0,6728.0,5893.0,7730.0,28864.0,109.0,167.0,124.0,118.0,518.0,235.0,179.0,137.0,125.0,676.0,-126.0,-12.0,-13.0,-7.0,-158.0,20.8,27914.0,134359.0,22657.0,1362.0,1870.0,-508.0,5.351994792151027,2020,1,2020-01,0.0,0.0,,0.0,0.0,0.0,0.0,0.0,1,treatment,0,0,-5.473946784922394,17.946230598669622,23.42017738359202,0.0,0.0
제천시,2020-02-01,8432.0,6665.0,5893.0,7663.0,28653.0,173.0,186.0,135.0,126.0,620.0,263.0,248.0,145.0,134.0,790.0,-90.0,-62.0,-10.0,-8.0,-170.0,20.9,28062.0,134171.0,23065.0,1722.0,1171.0,551.0,5.541319666880207,2020,2,2020-02,0.0,0.0,,0.0,0.0,0.0,0.0,0.0,1,treatment,0,0,-5.933061110529438,21.6382228736956,27.571283984225037,0.0,0.0
제천시,2020-03-01,8328.0,6665.0,5866.0,7634.0,28493.0,152.0,209.0,149.0,135.0,645.0,285.0,246.0,169.0,141.0,841.0,-133.0,-37.0,-20.0,-6.0,-196.0,21.1,28279.0,133839.0,23246.0,1840.0,1573.0,267.0,3.582568398538455,2020,3,2020-03,0.0,0.0,,0.0,0.0,0.0,0.0,0.0,1,treatment,0,0,-6.878882532551855,22.63713894640789,29.516021478959743,0.0,0.0
제천시,2020-04-01,8259.0,6650.0,5849.0,7602.0,28360.0,116.0,143.0,119.0,109.0,487.0,214.0,189.0,129.0,112.0,644.0,-98.0,-46.0,-10.0,-3.0,-157.0,21.2,28392.0,133638.0,23374.0,924.0,809.0,115.0,2.459124183579542,2020,4,2020-04,0.0,0.0,,0.0,0.0,0.0,0.0,0.0,1,treatment,0,0,-5.535966149506347,17.172073342736248,22.708039492242595,0.0,0.0
제천시,2020-05-01,8253.0,6607.0,5837.0,7551.0,28248.0,156.0,125.0,80.0,95.0,456.0,178.0,174.0,114.0,107.0,573.0,-22.0,-49.0,-34.0,-12.0,-117.0,21.4,28512.0,133513.0,23310.0,823.0,869.0,-46.0,2.4615384615384706,2020,5,2020-05,0.0,0.0,,0.0,0.0,0.0,0.0,0.0,1,treatment,0,0,-4.141886151231946,16.142735768903993,20.28462192013594,0.0,0.0
제천시,2020-06-01,8210.0,6588.0,5813.0,7523.0,28134.0,132.0,148.0,88.0,98.0,466.0,177.0,177.0,107.0,95.0,556.0,-45.0,-29.0,-19.0,3.0,-90.0,21.4,28607.0,133395.0,23334.0,1038.0,920.0,118.0,2.3870118473014568,2020,6,2020-06,0.0,0.0,,0.0,0.0,0.0,0.0,0.0,1,treatment,0,0,-3.198976327575176,16.563588540555912,19.762564868131086,0.0,0.0
제천시,2020-07-01,8179.0,6600.0,5791.0,7505.0,28075.0,94.0,135.0,103.0,99.0,431.0,145.0,146.0,116.0,100.0,507.0,-51.0,-11.0,-13.0,-1.0,-76.0,21.5,28701.0,133277.0,23351.0,1186.0,1119.0,67.0,1.504020865029343,2020,7,2020-07,0.0,0.0,,0.0,0.0,0.0,0.0,0.0,1,treatment,0,0,-2.707034728406055,15.35173642030276,18.058771148708814,0.0,0.0
제천시,2020-08-01,8105.0,6645.0,5778.0,7448.0,27976.0,91.0,132.0,102.0,113.0,438.0,153.0,133.0,100.0,111.0,497.0,-62.0,-1.0,2.0,2.0,-59.0,21.6,28780.0,133170.0,23690.0,1189.0,830.0,359.0,3.658002975409125,2020,8,2020-08,0.0,0.0,,0.0,0.0,0.0,0.0,0.0,1,treatment,0,0,-2.1089505290248787,15.656276808693166,17.765227337718045,0.0,0.0
제천시,2020-09-01,8097.0,6660.0,5775.0,7422.0,27954.0,101.0,139.0,119.0,98.0,457.0,117.0,161.0,99.0,100.0,477.0,-16.0,-22.0,20.0,-2.0,-20.0,21.7,28887.0,133246.0,23961.0,1284.0,1056.0,228.0,3.7272727272727346,2020,9,2020-09,0.0,0.0,,0.0,0.0,0.0,0.0,0.0,1,treatment,0,0,-0.7154611146884167,16.34828647063032,17.063747585318737,0.0,0.0
제천시,2020-10-01,8071.0,6697.0,5751.0,7365.0,27884.0,105.0,148.0,103.0,107.0,463.0,128.0,145.0,131.0,111.0,515.0,-23.0,3.0,-28.0,-4.0,-52.0,21.8,29018.0,133203.0,24336.0,1205.0,822.0,383.0,4.522613065326642,2020,10,2020-10,0.0,0.0,,0.0,0.0,0.0,0.0,0.0,1,treatment,0,0,-1.8648687419308565,16.60450437526897,18.46937311719983,0.0,0.0
제천시,2020-11-01,8048.0,6723.0,5711.0,7332.0,27814.0,111.0,131.0,104.0,107.0,453.0,148.0,165.0,107.0,100.0,520.0,-37.0,-34.0,-3.0,7.0,-67.0,21.9,29117.0,133115.0,24646.0,1215.0,901.0,314.0,4.9212430821626185,2020,11,2020-11,0.0,0.0,,0.0,0.0,0.0,0.0,0.0,1,treatment,0,0,-2.408858848062127,16.2867620622708,18.695620910332927,0.0,0.0
제천시,2020-12-01,8023.0,6716.0,5695.0,7316.0,27750.0,125.0,191.0,119.0,94.0,529.0,197.0,214.0,124.0,103.0,638.0,-72.0,-23.0,-5.0,-9.0,-109.0,22.0,29256.0,133018.0,23646.0,924.0,1920.0,-996.0,2.416839916839919,2020,12,2020-12,0.0,0.0,,0.0,0.0,0.0,0.0,0.0,1,treatment,0,0,-3.9279279279279278,19.063063063063062,22.99099099099099,0.0,0.0
제천시,2021-01-01,7941.0,6708.0,5667.0,7280.0,27596.0,139.0,188.0,112.0,93.0,532.0,231.0,216.0,120.0,106.0,673.0,-92.0,-28.0,-8.0,-13.0,-141.0,22.2,29411.0,132759.0,23231.0,1738.0,2181.0,-443.0,2.533433375998584,2021,1,2021-01,0.0,0.0,,0.0,0.0,0.0,0.0,0.0,1,treatment,0,0,-5.109436150166691,19.27815625452964,24.38759240469633,0.0,0.0
제천시,2021-02-01,7869.0,6675.0,5640.0,7199.0,27383.0,141.0,166.0,95.0,95.0,497.0,234.0,205.0,122.0,118.0,679.0,-93.0,-39.0,-27.0,-23.0,-182.0,22.3,29528.0,132506.0,23735.0,1412.0,860.0,552.0,2.9048341643182374,2021,2,2021-02,0.0,0.0,,0.0,0.0,0.0,0.0,0.0,1,treatment,0,0,-6.646459482160465,18.149947047438193,24.796406529598656,0.0,0.0
제천시,2021-03-01,7938.0,6688.0,5642.0,7160.0,27428.0,269.0,201.0,138.0,119.0,727.0,217.0,218.0,146.0,118.0,699.0,52.0,-17.0,-8.0,1.0,28.0,22.4,29711.0,132542.0,24314.0,1861.0,1248.0,613.0,4.594338810978238,2021,3,2021-03,0.0,0.0,,0.0,0.0,0.0,0.0,0.0,1,treatment,0,0,1.0208546011375237,26.505760536677847,25.484905935540322,0.0,0.0
제천시,2021-04-01,7963.0,6702.0,5662.0,7109.0,27436.0,203.0,155.0,117.0,82.0,557.0,180.0,176.0,93.0,94.0,543.0,23.0,-21.0,24.0,-12.0,14.0,22.5,29858.0,132643.0,24718.0,1435.0,1000.0,435.0,5.749978608710538,2021,4,2021-04,0.0,0.0,,0.0,0.0,0.0,0.0,0.0,1,treatment,0,0,0.5102784662487243,20.301793264324246,19.79151479807552,0.0,0.0
제천시,2021-05-01,8011.0,6685.0,5665.0,7083.0,27444.0,160.0,142.0,109.0,91.0,502.0,152.0,171.0,106.0,84.0,513.0,8.0,-29.0,3.0,7.0,-11.0,22.6,29967.0,132659.0,24679.0,957.0,988.0,-31.0,5.873015873015874,2021,5,2021-05,0.0,0.0,,0.0,0.0,0.0,0.0,0.0,1,treatment,0,0,-0.4008162075499198,18.29179419909634,18.69261040664626,0.0,0.0
제천시,2021-06-01,7997.0,6678.0,5638.0,7049.0,27362.0,111.0,125.0,102.0,99.0,437.0,143.0,146.0,103.0,91.0,483.0,-32.0,-21.0,-1.0,8.0,-46.0,22.6,29966.0,132313.0,24726.0,1174.0,1085.0,89.0,5.965543841604526,2021,6,2021-06,0.0,0.0,,0.0,0.0,0.0,0.0,0.0,1,treatment,0,0,-1.6811636576273665,15.97105474745998,17.652218405087346,0.0,0.0
제천시,2021-07-01,7976.0,6650.0,5629.0,6997.0,27252.0,118.0,150.0,115.0,99.0,482.0,152.0,171.0,134.0,116.0,573.0,-34.0,-21.0,-19.0,-17.0,-91.0,22.7,30082.0,132269.0,24946.0,1521.0,1281.0,240.0,6.830542589182476,2021,7,2021-07,0.0,0.0,,0.0,0.0,0.0,0.0,0.0,1,treatment,0,0,-3.3392044620578307,17.68677528254807,21.025979744605902,0.0,0.0
제천시,2021-08-01,7888.0,6627.0,5617.0,6967.0,27099.0,93.0,135.0,111.0,110.0,449.0,172.0,178.0,114.0,111.0,575.0,-79.0,-43.0,-3.0,-1.0,-126.0,22.9,30198.0,132090.0,25017.0,1072.0,984.0,88.0,5.601519628535256,2021,8,2021-08,0.0,0.0,,0.0,0.0,0.0,0.0,0.0,1,treatment,0,0,-4.649618067087347,16.568877080335067,21.218495147422413,0.0,0.0
제천시,2021-09-01,7807.0,6627.0,5590.0,6929.0,26953.0,130.0,158.0,113.0,96.0,497.0,222.0,193.0,125.0,110.0,650.0,-92.0,-35.0,-12.0,-14.0,-153.0,23.0,30338.0,131879.0,25237.0,1460.0,1187.0,273.0,5.325320312173942,2021,9,2021-09,0.0,0.0,,0.0,0.0,0.0,0.0,0.0,1,treatment,0,0,-5.676548065150447,18.43950580640374,24.116053871554186,0.0,0.0
제천시,2021-10-01,7749.0,6666.0,5575.0,6883.0,26873.0,93.0,160.0,101.0,67.0,421.0,115.0,163.0,112.0,71.0,461.0,-22.0,-3.0,-11.0,-4.0,-40.0,23.1,30476.0,131902.0,25333.0,1167.0,1025.0,142.0,4.096811308349779,2021,10,2021-10,0.0,0.0,,0.0,0.0,0.0,0.0,0.0,1,treatment,0,0,-1.4884828638410301,15.66628214192684,17.15476500576787,0.0,0.0
제천시,2021-11-01,7684.0,6696.0,5560.0,6823.0,26763.0,80.0,136.0,103.0,93.0,412.0,144.0,146.0,114.0,99.0,503.0,-64.0,-10.0,-11.0,-6.0,-91.0,23.2,30556.0,131810.0,25422.0,1133.0,1025.0,108.0,3.148583948713779,2021,11,2021-11,0.0,0.0,,0.0,0.0,0.0,0.0,0.0,1,treatment,0,0,-3.400216717109442,15.394387774165827,18.79460449127527,0.0,0.0
제천시,2021-12-01,7592.0,6679.0,5559.0,6753.0,26583.0,124.0,165.0,111.0,78.0,478.0,194.0,188.0,113.0,109.0,604.0,-70.0,-23.0,-2.0,-31.0,-126.0,23.3,30632.0,131591.0,24817.0,1183.0,1627.0,-444.0,4.952211790577699,2021,12,2021-12,0.0,0.0,,0.0,0.0,0.0,0.0,0.0,1,treatment,0,0,-4.739871346349171,17.98141669488019,22.721288041229357,0.0,0.0
제천시,2022-01-01,7455.0,6691.0,5554.0,6689.0,26389.0,101.0,173.0,107.0,75.0,456.0,212.0,171.0,129.0,73.0,585.0,-111.0,2.0,-22.0,2.0,-129.0,23.5,30826.0,131407.0,24574.0,1892.0,2142.0,-250.0,5.7810683999827805,2022,1,2022-01,4800.0,4464.0,0.93,3.0,0.0,3.0,0.0,1.0,1,treatment,1,1,-4.888400469892758,17.27992724241161,22.168327712304368,36527.734443370595,33970.79303233465
제천시,2022-02-01,7549.0,6655.0,5549.0,6626.0,26379.0,373.0,190.0,102.0,71.0,736.0,268.0,225.0,119.0,82.0,694.0,105.0,-35.0,-17.0,-11.0,42.0,23.6,31003.0,131498.0,25049.0,1455.0,976.0,479.0,5.536128080893188,2022,2,2022-02,4800.0,4464.0,0.93,3.0,0.0,3.0,0.0,1.0,1,treatment,1,1,1.5921755942226772,27.90098184161644,26.30880624739376,36502.4563111226,33947.28436934402
제천시,2022-03-01,7923.0,6770.0,5582.0,6568.0,26843.0,586.0,274.0,142.0,120.0,1122.0,181.0,207.0,135.0,103.0,626.0,405.0,67.0,7.0,17.0,496.0,23.6,31212.0,132416.0,25410.0,1844.0,1447.0,397.0,4.507691042197903,2022,3,2022-03,4800.0,4464.0,0.93,3.0,0.0,3.0,0.0,1.0,1,treatment,1,1,18.477815445367508,41.798606713109564,23.320791267742056,36249.39584340261,33711.93813436443
제천시,2022-04-01,7853.0,6764.0,5601.0,6529.0,26747.0,76.0,127.0,110.0,72.0,385.0,131.0,157.0,115.0,76.0,479.0,-55.0,-30.0,-5.0,-4.0,-94.0,23.7,31276.0,132243.0,25596.0,1349.0,1158.0,191.0,3.5520673193624175,2022,4,2022-04,4800.0,4464.0,0.93,3.0,0.0,3.0,0.0,1.0,1,treatment,1,1,-3.5144128313455716,14.394137660298352,17.908550491643922,36296.817222839774,33756.040017240986
제천시,2022-05-01,7789.0,6751.0,5606.0,6491.0,26637.0,107.0,140.0,105.0,87.0,439.0,158.0,184.0,110.0,86.0,538.0,-51.0,-44.0,-5.0,1.0,-99.0,23.7,31364.0,132131.0,25759.0,1082.0,908.0,174.0,4.376190283236769,2022,5,2022-05,4800.0,4464.0,0.93,3.0,0.0,3.0,0.0,1.0,1,treatment,1,1,-3.716634756166235,16.480834928858354,20.19746968502459,36327.583988617356,33784.65310941414
제천시,2022-06-01,7720.0,6748.0,5614.0,6427.0,26509.0,80.0,134.0,90.0,62.0,366.0,128.0,173.0,90.0,81.0,472.0,-48.0,-39.0,0.0,-19.0,-106.0,23.8,31460.0,131969.0,25582.0,1078.0,1254.0,-176.0,3.4619428941195407,2022,6,2022-06,4800.0,4464.0,0.93,3.0,0.0,3.0,0.0,1.0,1,treatment,1,1,-3.9986419706514766,13.806631709985288,17.805273680636766,36372.178314604185,33826.12583258189
제천시,2022-07-01,7686.0,6728.0,5649.0,6368.0,26431.0,90.0,156.0,93.0,67.0,406.0,138.0,163.0,94.0,90.0,485.0,-48.0,-7.0,-1.0,-23.0,-79.0,23.9,31562.0,131816.0,25529.0,1398.0,1416.0,-18.0,2.3370480237312696,2022,7,2022-07,4800.0,4464.0,0.93,3.0,0.0,3.0,0.0,1.0,1,treatment,1,1,-2.988914532178124,15.36075063372555,18.349665165903673,36414.39582448261,33865.38811676883
제천시,2022-08-01,7684.0,6733.0,5630.0,6313.0,26360.0,129.0,150.0,107.0,66.0,452.0,142.0,168.0,128.0,66.0,504.0,-13.0,-18.0,-21.0,0.0,-52.0,24.1,31744.0,131693.0,25559.0,1034.0,991.0,43.0,2.166526761801979,2022,8,2022-08,4800.0,4464.0,0.93,3.0,0.0,3.0,0.0,1.0,1,treatment,1,1,-1.9726858877086495,17.147192716236724,19.11987860394537,36448.4065212274,33897.01806474148
제천시,2022-09-01,7654.0,6706.0,5610.0,6290.0,26260.0,106.0,127.0,83.0,73.0,389.0,135.0,146.0,102.0,72.0,455.0,-29.0,-19.0,-19.0,1.0,-66.0,24.2,31753.0,131356.0,25578.0,1121.0,1013.0,108.0,1.3511907120497657,2022,9,2022-09,4800.0,4464.0,0.93,3.0,0.0,3.0,0.0,1.0,1,treatment,1,1,-2.5133282559025134,14.813404417364813,17.326732673267326,36541.9166235269,33983.98245988002
제천시,2022-10-01,7666.0,6680.0,5629.0,6280.0,26255.0,129.0,111.0,104.0,89.0,433.0,114.0,157.0,98.0,69.0,438.0,15.0,-46.0,6.0,20.0,-5.0,24.3,31907.0,131360.0,25696.0,1065.0,891.0,174.0,1.43291359096831,2022,10,2022-10,4800.0,4464.0,0.93,3.0,0.0,3.0,0.0,1.0,1,treatment,1,1,-0.19043991620643688,16.492096743477433,16.68253665968387,36540.80389768575,33982.947624847744
제천시,2022-11-01,7623.0,6667.0,5637.0,6263.0,26190.0,88.0,124.0,99.0,58.0,369.0,127.0,145.0,107.0,62.0,441.0,-39.0,-21.0,-8.0,-4.0,-72.0,24.4,32016.0,131216.0,25862.0,1097.0,975.0,122.0,1.730784360003157,2022,11,2022-11,4800.0,4464.0,0.93,3.0,0.0,3.0,0.0,1.0,1,treatment,1,1,-2.7491408934707904,14.0893470790378,16.83848797250859,36580.904767711254,34020.24143397147
제천시,2022-12-01,7545.0,6637.0,5641.0,6228.0,26051.0,99.0,145.0,88.0,74.0,406.0,175.0,183.0,94.0,75.0,527.0,-76.0,-38.0,-6.0,-1.0,-121.0,24.5,32145.0,130988.0,25298.0,958.0,1450.0,-492.0,1.9381875327396436,2022,12,2022-12,4800.0,4464.0,0.93,3.0,0.0,3.0,0.0,1.0,1,treatment,1,1,-4.644735326858854,15.584814402518138,20.22954972937699,36644.578129294285,34079.45766024369
제천시,2023-01-01,7382.0,6616.0,5644.0,6152.0,25794.0,100.0,137.0,87.0,77.0,401.0,237.0,177.0,103.0,95.0,612.0,-137.0,-40.0,-16.0,-18.0,-211.0,24.7,32293.0,130628.0,24818.0,1606.0,2022.0,-416.0,0.9929193456498675,2023,1,2023-01,6400.0,3193.0,0.499,2.0,0.0,2.0,0.0,1.0,1,treatment,1,1,-8.180196945025974,15.546251066139412,23.726448011165388,48994.09008788315,24443.457757907952
제천시,2023-02-01,7342.0,6605.0,5603.0,6104.0,25654.0,257.0,165.0,98.0,71.0,591.0,286.0,189.0,141.0,71.0,687.0,-29.0,-24.0,-43.0,0.0,-96.0,24.9,32476.0,130488.0,25648.0,1950.0,1092.0,858.0,2.3913130264681115,2023,2,2023-02,6400.0,3193.0,0.499,2.0,0.0,2.0,0.0,1.0,1,treatment,1,1,-3.7421064941139783,23.03734310438918,26.779449598503156,49046.65563116915,24469.683035987982
제천시,2023-03-01,7972.0,6612.0,5639.0,6034.0,26257.0,881.0,225.0,96.0,66.0,1268.0,257.0,223.0,120.0,80.0,680.0,624.0,2.0,-24.0,-14.0,588.0,24.8,32638.0,131551.0,25966.0,1727.0,1370.0,357.0,2.18811491538764,2023,3,2023-03,6400.0,3193.0,0.499,2.0,0.0,2.0,0.0,1.0,1,treatment,1,1,22.3940282591309,48.291884069010166,25.89785580987927,48650.33333079946,24271.955363319168
제천시,2023-04-01,7891.0,6615.0,5685.0,6002.0,26193.0,78.0,130.0,85.0,59.0,352.0,143.0,144.0,78.0,52.0,417.0,-65.0,-14.0,7.0,7.0,-65.0,25.0,32806.0,131459.0,26163.0,1292.0,1022.0,270.0,2.215189873417711,2023,4,2023-04,6400.0,3193.0,0.499,2.0,0.0,2.0,0.0,1.0,1,treatment,1,1,-2.4815790478372084,13.438704997518421,15.92028404535563,48684.38068142919,24288.941799344284
제천시,2023-05-01,7886.0,6595.0,5707.0,5970.0,26158.0,132.0,129.0,102.0,69.0,432.0,158.0,161.0,108.0,57.0,484.0,-26.0,-32.0,-6.0,12.0,-52.0,25.0,32885.0,131415.0,26133.0,1092.0,1070.0,22.0,1.4519197173803233,2023,5,2023-05,6400.0,3193.0,0.499,2.0,0.0,2.0,0.0,1.0,1,treatment,1,1,-1.9879195657160333,16.515024084410122,18.502943650126156,48700.681048586535,24297.074154396378
제천시,2023-06-01,7826.0,6586.0,5714.0,5937.0,26063.0,78.0,125.0,104.0,82.0,389.0,144.0,167.0,106.0,84.0,501.0,-66.0,-42.0,-2.0,-2.0,-112.0,25.1,32957.0,131231.0,26482.0,1147.0,1050.0,97.0,3.5180986631225153,2023,6,2023-06,6400.0,3193.0,0.499,2.0,0.0,2.0,0.0,1.0,1,treatment,1,1,-4.297279668495569,14.925373134328359,19.222652802823927,48768.96465012078,24331.14126997432
제천시,2023-07-01,7786.0,6583.0,5724.0,5943.0,26036.0,93.0,151.0,87.0,74.0,405.0,145.0,162.0,86.0,72.0,465.0,-52.0,-11.0,1.0,2.0,-60.0,25.2,33043.0,131117.0,26593.0,1458.0,1328.0,130.0,4.167809158212221,2023,7,2023-07,6400.0,3193.0,0.499,2.0,0.0,2.0,0.0,1.0,1,treatment,1,1,-2.304501459517591,15.555384851743739,17.85988631126133,48811.366947077804,24352.296040940535
제천시,2023-08-01,7692.0,6541.0,5709.0,5919.0,25861.0,89.0,122.0,96.0,63.0,370.0,185.0,171.0,115.0,72.0,543.0,-96.0,-49.0,-19.0,-9.0,-173.0,25.3,33161.0,130858.0,26608.0,992.0,965.0,27.0,4.104229429946393,2023,8,2023-08,6400.0,3193.0,0.499,2.0,0.0,2.0,0.0,1.0,1,treatment,1,1,-6.689609837206604,14.307258033332044,20.996867870538647,48907.97658530621,24400.495193262926
제천시,2023-09-01,7692.0,6525.0,5708.0,5931.0,25856.0,73.0,113.0,90.0,78.0,354.0,108.0,125.0,88.0,75.0,396.0,-35.0,-12.0,2.0,3.0,-42.0,25.5,33304.0,130751.0,26658.0,1132.0,1072.0,60.0,4.2223786066150515,2023,9,2023-09,6400.0,3193.0,0.499,2.0,0.0,2.0,0.0,1.0,1,treatment,1,1,-1.624381188118812,13.691212871287128,15.31559405940594,48948.000397702504,24420.463323416265
제천시,2023-10-01,7692.0,6520.0,5727.0,5918.0,25857.0,82.0,126.0,87.0,78.0,373.0,104.0,147.0,88.0,65.0,404.0,-22.0,-21.0,-1.0,13.0,-31.0,25.6,33485.0,130645.0,26725.0,989.0,924.0,65.0,4.004514321295138,2023,10,2023-10,6400.0,3193.0,0.499,2.0,0.0,2.0,0.0,1.0,1,treatment,1,1,-1.1989016513903392,14.425494063503113,15.624395714893453,48987.7147996479,24440.277086761835
제천시,2023-11-01,7662.0,6507.0,5732.0,5890.0,25791.0,73.0,110.0,80.0,58.0,321.0,100.0,118.0,106.0,69.0,393.0,-27.0,-8.0,-26.0,-11.0,-72.0,25.7,33596.0,130508.0,26794.0,1032.0,973.0,59.0,3.603742943314514,2023,11,2023-11,6400.0,3193.0,0.499,2.0,0.0,2.0,0.0,1.0,1,treatment,1,1,-2.7916715133185996,12.446202163545422,15.237873676864023,49039.13936310418,24465.933122873692
제천시,2023-12-01,7561.0,6450.0,5751.0,5836.0,25598.0,82.0,131.0,108.0,72.0,393.0,206.0,171.0,124.0,83.0,584.0,-124.0,-40.0,-16.0,-11.0,-191.0,25.9,33722.0,130194.0,25885.0,908.0,1806.0,-898.0,2.320341528974623,2023,12,2023-12,6400.0,3193.0,0.499,2.0,0.0,2.0,0.0,1.0,1,treatment,1,1,-7.461520431283694,15.352761934526136,22.814282365809827,49157.41124783016,24524.939705362765
제천시,2024-01-01,7350.0,6428.0,5762.0,5795.0,25335.0,111.0,170.0,94.0,73.0,448.0,342.0,216.0,90.0,77.0,725.0,-231.0,-46.0,4.0,-4.0,-277.0,26.1,33885.0,129852.0,25731.0,2119.0,2364.0,-245.0,3.6787815295350246,2024,1,2024-01,6400.0,4093.0,0.64,4.0,1.0,1.0,0.25,0.25,1,treatment,1,1,-10.933491217683047,17.68304716794948,28.616538385632524,49286.880448510616,31520.50026183655
제천시,2024-02-01,7205.0,6373.0,5740.0,5760.0,25078.0,162.0,176.0,120.0,81.0,539.0,303.0,239.0,126.0,81.0,749.0,-141.0,-63.0,-6.0,0.0,-210.0,26.3,34030.0,129541.0,26921.0,2111.0,848.0,1263.0,4.963349968808495,2024,2,2024-02,6400.0,4093.0,0.64,4.0,1.0,1.0,0.25,0.25,1,treatment,1,1,-8.37387351463434,21.49294202089481,29.86681553552915,49405.20761766545,31596.174184235108
제천시,2024-03-01,7589.0,6400.0,5738.0,5735.0,25462.0,650.0,195.0,114.0,77.0,1036.0,318.0,190.0,125.0,84.0,717.0,332.0,5.0,-11.0,-7.0,319.0,26.3,34192.0,130200.0,27282.0,1790.0,1384.0,406.0,5.068166063313573,2024,3,2024-03,6400.0,4093.0,0.64,4.0,1.0,1.0,0.25,0.25,1,treatment,1,1,12.528473804100228,40.688084203911714,28.159610399811484,49155.14592933948,31436.251920122886
제천시,2024-04-01,7484.0,6401.0,5736.0,5701.0,25322.0,89.0,152.0,102.0,76.0,419.0,206.0,169.0,115.0,94.0,584.0,-117.0,-17.0,-13.0,-18.0,-165.0,26.4,34301.0,129900.0,27428.0,1197.0,1014.0,183.0,4.835072430531673,2024,4,2024-04,6400.0,4093.0,0.64,4.0,1.0,1.0,0.25,0.25,1,treatment,1,1,-6.516072980017376,16.54687623410473,23.062949214122106,49268.66820631255,31508.85296381832
제천시,2024-05-01,7412.0,6453.0,5739.0,5672.0,25276.0,109.0,170.0,120.0,70.0,469.0,191.0,138.0,127.0,72.0,528.0,-82.0,32.0,-7.0,-2.0,-59.0,26.5,34418.0,129775.0,27404.0,1039.0,1069.0,-30.0,4.8635824436536135,2024,5,2024-05,6400.0,4093.0,0.64,4.0,1.0,1.0,0.25,0.25,1,treatment,1,1,-2.3342300996993197,18.55515113150815,20.88938123120747,49316.124060874594,31539.202465806204
제천시,2024-06-01,7356.0,6444.0,5766.0,5656.0,25222.0,91.0,129.0,101.0,53.0,374.0,144.0,145.0,101.0,53.0,443.0,-53.0,-16.0,0.0,0.0,-69.0,26.6,34490.0,129618.0,27432.0,1044.0,1009.0,35.0,3.587342345744271,2024,6,2024-06,6400.0,4093.0,0.64,4.0,1.0,1.0,0.25,0.25,1,treatment,1,1,-2.735706922527952,14.828324478629767,17.56403140115772,49375.858291286706,31577.40437284945
제천시,2024-07-01,7294.0,6389.0,5789.0,5630.0,25102.0,89.0,144.0,97.0,54.0,384.0,172.0,183.0,107.0,65.0,527.0,-83.0,-39.0,-10.0,-11.0,-143.0,26.7,34591.0,129385.0,27560.0,1487.0,1389.0,98.0,3.6362952656714187,2024,7,2024-07,6400.0,4093.0,0.64,4.0,1.0,1.0,0.25,0.25,1,treatment,1,1,-5.6967572304995615,15.297585849733089,20.99434308023265,49464.77566951347,31634.269814893534
제천시,2024-08-01,7216.0,6367.0,5806.0,5606.0,24995.0,82.0,130.0,93.0,65.0,370.0,165.0,159.0,104.0,63.0,491.0,-83.0,-29.0,-11.0,2.0,-121.0,26.9,34745.0,129175.0,27550.0,962.0,901.0,61.0,3.540288634997002,2024,8,2024-08,6400.0,4093.0,0.64,4.0,1.0,1.0,0.25,0.25,1,treatment,1,1,-4.840968193638727,14.802960592118424,19.64392878575715,49545.190632862395,31685.69769692278
제천시,2024-09-01,7157.0,6385.0,5804.0,5596.0,24942.0,79.0,120.0,85.0,55.0,339.0,134.0,134.0,86.0,64.0,418.0,-55.0,-14.0,-1.0,-9.0,-79.0,27.0,34874.0,129066.0,27554.0,994.0,972.0,22.0,3.3610923550153826,2024,9,2024-09,6400.0,4093.0,0.64,4.0,1.0,1.0,0.25,0.25,1,treatment,1,1,-3.1673482479352097,13.591532355063748,16.758880602998957,49587.03299087289,31712.457192444177
제천시,2024-10-01,7143.0,6368.0,5790.0,5568.0,24869.0,84.0,116.0,105.0,61.0,366.0,124.0,135.0,120.0,66.0,445.0,-40.0,-19.0,-15.0,-5.0,-79.0,27.2,35018.0,128897.0,27676.0,1105.0,930.0,175.0,3.5584658559401294,2024,10,2024-10,6400.0,4093.0,0.64,4.0,1.0,1.0,0.25,0.25,1,treatment,1,1,-3.17664562306486,14.71711769673087,17.89376331979573,49652.04775906344,31754.03616841354
제천시,2024-11-01,7123.0,6347.0,5778.0,5574.0,24822.0,63.0,99.0,98.0,57.0,317.0,99.0,123.0,121.0,62.0,405.0,-36.0,-24.0,-23.0,-5.0,-88.0,27.3,35160.0,128725.0,27688.0,1119.0,1103.0,16.0,3.3365678883332084,2024,11,2024-11,6400.0,4093.0,0.64,4.0,1.0,1.0,0.25,0.25,1,treatment,1,1,-3.545242123922327,12.770929014583837,16.316171138506164,49718.391920761314,31796.465333074382
제천시,2024-12-01,6980.0,6339.0,5810.0,5549.0,24678.0,116.0,184.0,207.0,134.0,641.0,238.0,209.0,189.0,141.0,777.0,-122.0,-25.0,18.0,-7.0,-136.0,27.5,35347.0,128569.0,26597.0,825.0,1916.0,-1091.0,2.7506277767046505,2024,12,2024-12,6400.0,4093.0,0.64,4.0,1.0,1.0,0.25,0.25,1,treatment,1,1,-5.510981440959559,25.974552232757922,31.48553367371748,49778.71804245191,31835.045773086826
증평군,2017-01-01,2365.0,2111.0,2678.0,2932.0,10086.0,51.0,54.0,42.0,41.0,188.0,30.0,45.0,36.0,37.0,148.0,21.0,9.0,6.0,4.0,40.0,14.3,5350.0,37417.0,6322.0,393.0,424.0,-31.0,,2017,1,2017-01,0.0,0.0,,0.0,0.0,0.0,0.0,0.0,0,control,0,0,3.96589331746976,18.639698592107873,14.673805274638113,0.0,0.0
증평군,2017-02-01,2365.0,2114.0,2650.0,2935.0,10064.0,43.0,50.0,38.0,32.0,163.0,43.0,34.0,42.0,45.0,164.0,0.0,16.0,-4.0,-13.0,-1.0,14.4,5393.0,37448.0,6626.0,361.0,239.0,122.0,,2017,2,2017-02,0.0,0.0,,0.0,0.0,0.0,0.0,0.0,0,control,0,0,-0.09936406995230525,16.196343402225754,16.295707472178062,0.0,0.0
증평군,2017-03-01,2386.0,2126.0,2621.0,2918.0,10051.0,53.0,55.0,41.0,31.0,180.0,39.0,50.0,50.0,48.0,187.0,14.0,5.0,-9.0,-17.0,-7.0,14.5,5448.0,37452.0,6560.0,333.0,377.0,-44.0,,2017,3,2017-03,0.0,0.0,,0.0,0.0,0.0,0.0,0.0,0,control,0,0,-0.6964481146154612,17.90866580439757,18.605113919013032,0.0,0.0
증평군,2017-04-01,2387.0,2137.0,2618.0,2909.0,10051.0,33.0,42.0,37.0,25.0,137.0,31.0,31.0,30.0,34.0,126.0,2.0,11.0,7.0,-9.0,11.0,14.6,5486.0,37479.0,6570.0,258.0,247.0,11.0,,2017,4,2017-04,0.0,0.0,,0.0,0.0,0.0,0.0,0.0,0,control,0,0,1.0944184658242961,13.630484528902597,12.5360660630783,0.0,0.0
증평군,2017-05-01,2389.0,2137.0,2616.0,2932.0,10074.0,34.0,35.0,39.0,33.0,141.0,22.0,48.0,34.0,26.0,130.0,12.0,-13.0,5.0,7.0,11.0,14.7,5524.0,37531.0,6527.0,331.0,304.0,27.0,,2017,5,2017-05,0.0,0.0,,0.0,0.0,0.0,0.0,0.0,0,control,0,0,1.0919197935278935,13.99642644431209,12.904506650784198,0.0,0.0
증평군,2017-06-01,2404.0,2157.0,2595.0,2952.0,10108.0,40.0,47.0,26.0,43.0,156.0,28.0,32.0,28.0,37.0,125.0,12.0,15.0,-2.0,6.0,31.0,14.8,5546.0,37595.0,6489.0,233.0,263.0,-30.0,,2017,6,2017-06,0.0,0.0,,0.0,0.0,0.0,0.0,0.0,0,control,0,0,3.0668777206173328,15.433320142461417,12.366442421844084,0.0,0.0
증평군,2017-07-01,2389.0,2159.0,2581.0,2965.0,10094.0,24.0,35.0,37.0,31.0,127.0,32.0,45.0,25.0,27.0,129.0,-8.0,-10.0,12.0,4.0,-2.0,14.8,5577.0,37627.0,6404.0,378.0,470.0,-92.0,,2017,7,2017-07,0.0,0.0,,0.0,0.0,0.0,0.0,0.0,0,control,0,0,-0.19813750743015654,12.58173172181494,12.779869229245095,0.0,0.0
증평군,2017-08-01,2388.0,2177.0,2581.0,2948.0,10094.0,23.0,38.0,45.0,28.0,134.0,16.0,32.0,36.0,46.0,130.0,7.0,6.0,9.0,-18.0,4.0,14.9,5601.0,37690.0,6441.0,261.0,233.0,28.0,,2017,8,2017-08,0.0,0.0,,0.0,0.0,0.0,0.0,0.0,0,control,0,0,0.3962750148603131,13.275212997820487,12.878937982960174,0.0,0.0
증평군,2017-09-01,2395.0,2185.0,2580.0,2948.0,10108.0,33.0,44.0,32.0,21.0,130.0,31.0,31.0,35.0,25.0,122.0,2.0,13.0,-3.0,-4.0,8.0,14.9,5616.0,37719.0,6460.0,315.0,245.0,70.0,,2017,9,2017-09,0.0,0.0,,0.0,0.0,0.0,0.0,0.0,0,control,0,0,0.7914523149980214,12.861100118717847,12.069647803719826,0.0,0.0
증평군,2017-10-01,2405.0,2197.0,2567.0,2938.0,10107.0,17.0,25.0,30.0,37.0,109.0,15.0,26.0,23.0,23.0,87.0,2.0,-1.0,7.0,14.0,22.0,14.9,5630.0,37772.0,6415.0,237.0,271.0,-34.0,,2017,10,2017-10,0.0,0.0,,0.0,0.0,0.0,0.0,0.0,0,control,0,0,2.1767092114376174,10.784604729395468,8.607895517957852,0.0,0.0
증평군,2017-11-01,2385.0,2237.0,2558.0,2909.0,10089.0,26.0,44.0,28.0,30.0,128.0,28.0,26.0,39.0,31.0,124.0,-2.0,18.0,-11.0,-1.0,4.0,14.9,5625.0,37787.0,6452.0,315.0,286.0,29.0,,2017,11,2017-11,0.0,0.0,,0.0,0.0,0.0,0.0,0.0,0,control,0,0,0.39647140449995044,12.687084943998414,12.290613539498464,0.0,0.0
증평군,2017-12-01,2408.0,2246.0,2550.0,2903.0,10107.0,37.0,65.0,41.0,32.0,175.0,25.0,51.0,30.0,40.0,146.0,12.0,14.0,11.0,-8.0,29.0,14.9,5626.0,37783.0,6314.0,248.0,385.0,-137.0,,2017,12,2017-12,0.0,0.0,,0.0,0.0,0.0,0.0,0.0,0,control,0,0,2.86929850598595,17.31473236370832,14.44543385772237,0.0,0.0
증평군,2018-01-01,2418.0,2247.0,2518.0,2922.0,10105.0,41.0,44.0,39.0,34.0,158.0,34.0,51.0,50.0,41.0,176.0,7.0,-7.0,-11.0,-7.0,-18.0,14.9,5629.0,37753.0,6295.0,433.0,456.0,-23.0,-0.42708003796266825,2018,1,2018-01,0.0,0.0,,0.0,0.0,0.0,0.0,0.0,0,control,0,0,-1.781296387926769,15.635823849579417,17.417120237506186,0.0,0.0
증평군,2018-02-01,2415.0,2240.0,2508.0,2908.0,10071.0,41.0,37.0,36.0,31.0,145.0,42.0,39.0,33.0,38.0,152.0,-1.0,-2.0,3.0,-7.0,-7.0,15.0,5657.0,37743.0,6372.0,395.0,297.0,98.0,-3.833383640205257,2018,2,2018-02,0.0,0.0,,0.0,0.0,0.0,0.0,0.0,0,control,0,0,-0.6950650382285771,14.397775791877669,15.092840830106246,0.0,0.0
증평군,2018-03-01,2387.0,2283.0,2475.0,2911.0,10056.0,31.0,58.0,45.0,35.0,169.0,34.0,49.0,50.0,41.0,174.0,-3.0,9.0,-5.0,-6.0,-5.0,15.1,5687.0,37724.0,6383.0,385.0,347.0,38.0,-2.6981707317073167,2018,3,2018-03,0.0,0.0,,0.0,0.0,0.0,0.0,0.0,0,control,0,0,-0.4972155926809865,16.805887032617342,17.30310262529833,0.0,0.0
증평군,2018-04-01,2384.0,2286.0,2440.0,2915.0,10025.0,33.0,39.0,32.0,29.0,133.0,29.0,41.0,50.0,37.0,157.0,4.0,-2.0,-18.0,-8.0,-24.0,15.1,5719.0,37750.0,6476.0,364.0,273.0,91.0,-1.4307458143074547,2018,4,2018-04,0.0,0.0,,0.0,0.0,0.0,0.0,0.0,0,control,0,0,-2.3940149625935163,13.266832917705736,15.660847880299253,0.0,0.0
증평군,2018-05-01,2382.0,2305.0,2408.0,2920.0,10015.0,25.0,36.0,32.0,23.0,116.0,31.0,31.0,33.0,33.0,128.0,-6.0,5.0,-1.0,-10.0,-12.0,15.2,5742.0,37733.0,6484.0,258.0,242.0,16.0,-0.6588018998008316,2018,5,2018-05,0.0,0.0,,0.0,0.0,0.0,0.0,0.0,0,control,0,0,-1.1982026959560659,11.582626060908638,12.780828756864702,0.0,0.0
증평군,2018-06-01,2365.0,2313.0,2402.0,2945.0,10025.0,26.0,41.0,31.0,31.0,129.0,22.0,51.0,34.0,20.0,127.0,4.0,-10.0,-3.0,11.0,2.0,15.3,5754.0,37730.0,6452.0,228.0,257.0,-29.0,-0.5701957158267823,2018,6,2018-06,0.0,0.0,,0.0,0.0,0.0,0.0,0.0,0,control,0,0,0.19950124688279303,12.86783042394015,12.668329177057357,0.0,0.0
증평군,2018-07-01,2338.0,2329.0,2411.0,2949.0,10027.0,19.0,45.0,38.0,28.0,130.0,40.0,43.0,28.0,17.0,128.0,-21.0,2.0,10.0,11.0,2.0,15.3,5757.0,37739.0,6452.0,359.0,357.0,2.0,0.7495315427857641,2018,7,2018-07,0.0,0.0,,0.0,0.0,0.0,0.0,0.0,0,control,0,0,0.1994614540740002,12.964994514810012,12.765533060736013,0.0,0.0
증평군,2018-08-01,2320.0,2343.0,2399.0,2942.0,10004.0,29.0,32.0,33.0,24.0,118.0,29.0,31.0,33.0,36.0,129.0,0.0,1.0,0.0,-12.0,-11.0,15.3,5772.0,37719.0,6411.0,253.0,294.0,-41.0,-0.4657661853749384,2018,8,2018-08,0.0,0.0,,0.0,0.0,0.0,0.0,0.0,0,control,0,0,-1.099560175929628,11.795281887245102,12.89484206317473,0.0,0.0
증평군,2018-09-01,2323.0,2329.0,2393.0,2949.0,9994.0,27.0,28.0,24.0,18.0,97.0,30.0,37.0,23.0,23.0,113.0,-3.0,-9.0,1.0,-5.0,-16.0,15.4,5793.0,37680.0,6408.0,248.0,243.0,5.0,-0.804953560371513,2018,9,2018-09,0.0,0.0,,0.0,0.0,0.0,0.0,0.0,0,control,0,0,-1.6009605763458075,9.705823494096459,11.306784070442266,0.0,0.0
증평군,2018-10-01,2317.0,2342.0,2342.0,2951.0,9952.0,33.0,36.0,29.0,38.0,136.0,25.0,51.0,58.0,41.0,175.0,8.0,-15.0,-29.0,-3.0,-39.0,15.4,5808.0,37624.0,6396.0,286.0,292.0,-6.0,-0.29618082618861896,2018,10,2018-10,0.0,0.0,,0.0,0.0,0.0,0.0,0.0,0,control,0,0,-3.9188102893890675,13.665594855305466,17.584405144694532,0.0,0.0
증평군,2018-11-01,2304.0,2342.0,2323.0,2923.0,9892.0,24.0,40.0,43.0,23.0,130.0,33.0,47.0,50.0,47.0,177.0,-9.0,-7.0,-7.0,-24.0,-47.0,15.5,5826.0,37476.0,6409.0,341.0,321.0,20.0,-0.6664600123992614,2018,11,2018-11,0.0,0.0,,0.0,0.0,0.0,0.0,0.0,0,control,0,0,-4.751314193287505,13.141932875050546,17.893247068338052,0.0,0.0
증평군,2018-12-01,2258.0,2330.0,2299.0,2904.0,9791.0,27.0,46.0,31.0,35.0,139.0,66.0,57.0,50.0,41.0,214.0,-39.0,-11.0,-19.0,-6.0,-75.0,15.7,5846.0,37317.0,6412.0,276.0,267.0,9.0,1.55210643015522,2018,12,2018-12,0.0,0.0,,0.0,0.0,0.0,0.0,0.0,0,control,0,0,-7.660096006536615,14.19671126544786,21.856807271984476,0.0,0.0
증평군,2019-01-01,2261.0,2316.0,2271.0,2884.0,9732.0,52.0,49.0,35.0,24.0,160.0,42.0,60.0,52.0,43.0,197.0,10.0,-11.0,-17.0,-19.0,-37.0,15.7,5851.0,37220.0,6174.0,563.0,790.0,-227.0,-1.9221604447974605,2019,1,2019-01,0.0,0.0,,0.0,0.0,0.0,0.0,0.0,0,control,0,0,-3.8018906699547883,16.440608302507194,20.24249897246198,0.0,0.0
증평군,2019-02-01,2235.0,2310.0,2276.0,2865.0,9686.0,43.0,45.0,30.0,28.0,146.0,49.0,51.0,33.0,33.0,166.0,-6.0,-6.0,-3.0,-5.0,-20.0,15.8,5864.0,37162.0,6598.0,608.0,186.0,422.0,3.5467671060891437,2019,2,2019-02,0.0,0.0,,0.0,0.0,0.0,0.0,0.0,0,control,0,0,-2.0648358455502787,15.073301672517035,17.138137518067314,0.0,0.0
증평군,2019-03-01,2223.0,2311.0,2263.0,2844.0,9641.0,36.0,65.0,41.0,24.0,166.0,42.0,62.0,57.0,25.0,186.0,-6.0,3.0,-16.0,-1.0,-20.0,15.9,5919.0,37187.0,6733.0,653.0,539.0,114.0,5.483315055616478,2019,3,2019-03,0.0,0.0,,0.0,0.0,0.0,0.0,0.0,0,control,0,0,-2.0744736023234105,17.218130899284308,19.292604501607716,0.0,0.0
증평군,2019-04-01,2230.0,2340.0,2272.0,2857.0,9699.0,50.0,65.0,59.0,50.0,224.0,34.0,51.0,39.0,34.0,158.0,16.0,14.0,20.0,16.0,66.0,15.9,5938.0,37378.0,6890.0,426.0,285.0,141.0,6.392835083384796,2019,4,2019-04,0.0,0.0,,0.0,0.0,0.0,0.0,0.0,0,control,0,0,6.804825239715434,23.095164449943294,16.29033921022786,0.0,0.0
증평군,2019-05-01,2231.0,2366.0,2266.0,2865.0,9728.0,39.0,59.0,35.0,32.0,165.0,27.0,42.0,37.0,22.0,128.0,12.0,17.0,-2.0,10.0,37.0,15.9,5973.0,37480.0,6937.0,300.0,245.0,55.0,6.986428130783473,2019,5,2019-05,0.0,0.0,,0.0,0.0,0.0,0.0,0.0,0,control,0,0,3.8034539473684212,16.961348684210527,13.157894736842104,0.0,0.0
증평군,2019-06-01,2219.0,2357.0,2269.0,2869.0,9714.0,27.0,25.0,46.0,33.0,131.0,32.0,44.0,28.0,28.0,132.0,-5.0,-19.0,18.0,5.0,-1.0,16.0,6004.0,37540.0,6926.0,261.0,242.0,19.0,7.346559206447623,2019,6,2019-06,0.0,0.0,,0.0,0.0,0.0,0.0,0.0,0,control,0,0,-0.10294420424130121,13.48569075561046,13.58863495985176,0.0,0.0
증평군,2019-07-01,2216.0,2357.0,2253.0,2853.0,9679.0,32.0,40.0,20.0,18.0,110.0,31.0,47.0,32.0,33.0,143.0,1.0,-7.0,-12.0,-15.0,-33.0,16.1,6038.0,37494.0,6971.0,407.0,366.0,41.0,8.044017358958456,2019,7,2019-07,0.0,0.0,,0.0,0.0,0.0,0.0,0.0,0,control,0,0,-3.4094431242896994,11.364810414298997,14.774253538588697,0.0,0.0
증평군,2019-08-01,2213.0,2361.0,2233.0,2827.0,9634.0,26.0,31.0,29.0,24.0,110.0,31.0,35.0,40.0,28.0,134.0,-5.0,-4.0,-11.0,-4.0,-24.0,16.2,6058.0,37487.0,6995.0,309.0,241.0,68.0,9.109343316175323,2019,8,2019-08,0.0,0.0,,0.0,0.0,0.0,0.0,0.0,0,control,0,0,-2.491177081170853,11.41789495536641,13.909072036537264,0.0,0.0
증평군,2019-09-01,2208.0,2374.0,2214.0,2814.0,9610.0,32.0,48.0,24.0,15.0,119.0,29.0,44.0,31.0,28.0,132.0,3.0,4.0,-7.0,-13.0,-13.0,16.2,6080.0,37469.0,7064.0,296.0,224.0,72.0,10.237203495630464,2019,9,2019-09,0.0,0.0,,0.0,0.0,0.0,0.0,0.0,0,control,0,0,-1.352757544224766,12.382934443288242,13.735691987513007,0.0,0.0
증평군,2019-10-01,2197.0,2383.0,2219.0,2790.0,9589.0,31.0,47.0,28.0,23.0,129.0,27.0,49.0,31.0,42.0,149.0,4.0,-2.0,-3.0,-19.0,-20.0,16.3,6105.0,37447.0,7094.0,359.0,301.0,58.0,10.913070669168224,2019,10,2019-10,0.0,0.0,,0.0,0.0,0.0,0.0,0.0,0,control,0,0,-2.085723224528105,13.452914798206278,15.538638022734384,0.0,0.0
증평군,2019-11-01,2205.0,2386.0,2215.0,2778.0,9584.0,38.0,42.0,35.0,30.0,145.0,30.0,48.0,34.0,40.0,152.0,8.0,-6.0,1.0,-10.0,-7.0,16.4,6142.0,37419.0,7155.0,360.0,283.0,77.0,11.639881416757692,2019,11,2019-11,0.0,0.0,,0.0,0.0,0.0,0.0,0.0,0,control,0,0,-0.7303839732888147,15.129382303839733,15.859766277128548,0.0,0.0
증평군,2019-12-01,2196.0,2399.0,2222.0,2768.0,9585.0,46.0,67.0,40.0,37.0,190.0,55.0,49.0,38.0,27.0,169.0,-9.0,18.0,2.0,10.0,21.0,16.4,6143.0,37392.0,7077.0,286.0,364.0,-78.0,10.371179039301314,2019,12,2019-12,0.0,0.0,,0.0,0.0,0.0,0.0,0.0,0,control,0,0,2.190923317683881,19.8226395409494,17.63171622326552,0.0,0.0
증평군,2020-01-01,2198.0,2388.0,2223.0,2758.0,9567.0,47.0,49.0,28.0,25.0,149.0,50.0,53.0,28.0,21.0,152.0,-3.0,-4.0,0.0,4.0,-3.0,16.5,6164.0,37424.0,6930.0,392.0,540.0,-148.0,12.244897959183664,2020,1,2020-01,0.0,0.0,,0.0,0.0,0.0,0.0,0.0,0,control,0,0,-0.31357792411414237,15.574370231002405,15.887948155116547,0.0,0.0
증평군,2020-02-01,2184.0,2390.0,2198.0,2745.0,9517.0,38.0,50.0,36.0,32.0,156.0,43.0,57.0,40.0,32.0,172.0,-5.0,-7.0,-4.0,0.0,-16.0,16.6,6207.0,37419.0,7045.0,399.0,231.0,168.0,6.774780236435274,2020,2,2020-02,0.0,0.0,,0.0,0.0,0.0,0.0,0.0,0,control,0,0,-1.6812020594725228,16.391720079857098,18.07292213932962,0.0,0.0
증평군,2020-03-01,2168.0,2409.0,2177.0,2725.0,9479.0,45.0,57.0,37.0,35.0,174.0,46.0,51.0,48.0,45.0,190.0,-1.0,6.0,-11.0,-10.0,-16.0,16.7,6238.0,37341.0,7037.0,471.0,437.0,34.0,4.515075003713065,2020,3,2020-03,0.0,0.0,,0.0,0.0,0.0,0.0,0.0,0,control,0,0,-1.6879417660090728,18.356366705348666,20.044308471357738,0.0,0.0
증평군,2020-04-01,2176.0,2384.0,2197.0,2691.0,9448.0,34.0,37.0,35.0,21.0,127.0,27.0,59.0,29.0,39.0,154.0,7.0,-22.0,6.0,-18.0,-27.0,16.8,6266.0,37320.0,7155.0,343.0,257.0,86.0,3.8461538461538547,2020,4,2020-04,0.0,0.0,,0.0,0.0,0.0,0.0,0.0,0,control,0,0,-2.8577476714648604,13.4419983065199,16.29974597798476,0.0,0.0
증평군,2020-05-01,2183.0,2377.0,2179.0,2671.0,9410.0,41.0,40.0,33.0,20.0,134.0,39.0,49.0,49.0,30.0,167.0,2.0,-9.0,-16.0,-10.0,-33.0,16.9,6286.0,37302.0,7176.0,312.0,290.0,22.0,3.445293354476009,2020,5,2020-05,0.0,0.0,,0.0,0.0,0.0,0.0,0.0,0,control,0,0,-3.5069075451647183,14.240170031880977,17.747077577045697,0.0,0.0
증평군,2020-06-01,2174.0,2367.0,2174.0,2667.0,9382.0,26.0,52.0,40.0,33.0,151.0,35.0,60.0,39.0,39.0,173.0,-9.0,-8.0,1.0,-6.0,-22.0,16.9,6295.0,37178.0,7182.0,297.0,300.0,-3.0,3.6962171527577192,2020,6,2020-06,0.0,0.0,,0.0,0.0,0.0,0.0,0.0,0,control,0,0,-2.3449157962055,16.094649328501387,18.439565124706885,0.0,0.0
증평군,2020-07-01,2159.0,2367.0,2178.0,2664.0,9368.0,28.0,57.0,35.0,27.0,147.0,40.0,57.0,28.0,22.0,147.0,-12.0,0.0,7.0,5.0,0.0,17.0,6322.0,37166.0,7317.0,514.0,396.0,118.0,4.963419882369813,2020,7,2020-07,0.0,0.0,,0.0,0.0,0.0,0.0,0.0,0,control,0,0,0.0,15.691716481639624,15.691716481639624,0.0,0.0
증평군,2020-08-01,2156.0,2366.0,2169.0,2650.0,9341.0,29.0,45.0,35.0,23.0,132.0,33.0,52.0,33.0,33.0,151.0,-4.0,-7.0,2.0,-10.0,-19.0,17.1,6355.0,37136.0,7328.0,263.0,227.0,36.0,4.7605432451751195,2020,8,2020-08,0.0,0.0,,0.0,0.0,0.0,0.0,0.0,0,control,0,0,-2.0340434642971843,14.131249330906755,16.16529279520394,0.0,0.0
증평군,2020-09-01,2156.0,2388.0,2165.0,2650.0,9359.0,38.0,57.0,29.0,28.0,152.0,31.0,45.0,34.0,30.0,140.0,7.0,12.0,-5.0,-2.0,12.0,17.2,6370.0,37122.0,7398.0,337.0,281.0,56.0,4.728199320498305,2020,9,2020-09,0.0,0.0,,0.0,0.0,0.0,0.0,0.0,0,control,0,0,1.282188267977348,16.241051394379742,14.958863126402393,0.0,0.0
증평군,2020-10-01,2150.0,2384.0,2161.0,2642.0,9337.0,29.0,39.0,32.0,38.0,138.0,35.0,46.0,32.0,37.0,150.0,-6.0,-7.0,0.0,1.0,-12.0,17.2,6382.0,37011.0,7379.0,305.0,327.0,-22.0,4.017479560191717,2020,10,2020-10,0.0,0.0,,0.0,0.0,0.0,0.0,0.0,0,control,0,0,-1.285209382028489,14.779907893327621,16.06511727535611,0.0,0.0
증평군,2020-11-01,2139.0,2394.0,2162.0,2614.0,9309.0,34.0,61.0,38.0,39.0,172.0,41.0,56.0,36.0,47.0,180.0,-7.0,5.0,2.0,-8.0,-8.0,17.3,6391.0,36960.0,7450.0,339.0,249.0,90.0,4.122990915443747,2020,11,2020-11,0.0,0.0,,0.0,0.0,0.0,0.0,0.0,0,control,0,0,-0.8593833924159415,18.476742936942742,19.336126329358684,0.0,0.0
증평군,2020-12-01,2122.0,2394.0,2173.0,2580.0,9269.0,69.0,81.0,57.0,39.0,246.0,67.0,90.0,57.0,66.0,280.0,2.0,-9.0,0.0,-27.0,-34.0,17.4,6416.0,36807.0,7229.0,283.0,496.0,-213.0,2.1478027412745515,2020,12,2020-12,0.0,0.0,,0.0,0.0,0.0,0.0,0.0,0,control,0,0,-3.668141115546445,26.540079836012517,30.20822095155896,0.0,0.0
증평군,2021-01-01,2131.0,2381.0,2162.0,2563.0,9237.0,55.0,67.0,50.0,40.0,212.0,49.0,73.0,50.0,51.0,223.0,6.0,-6.0,0.0,-11.0,-11.0,17.6,6463.0,36807.0,7103.0,529.0,656.0,-127.0,2.4963924963924855,2021,1,2021-01,0.0,0.0,,0.0,0.0,0.0,0.0,0.0,0,control,0,0,-1.1908628342535454,22.951174623795605,24.14203745804915,0.0,0.0
증평군,2021-02-01,2124.0,2359.0,2123.0,2537.0,9143.0,40.0,42.0,31.0,27.0,140.0,44.0,53.0,55.0,50.0,202.0,-4.0,-11.0,-24.0,-23.0,-62.0,17.7,6495.0,36685.0,7058.0,330.0,380.0,-50.0,0.18452803406672214,2021,2,2021-02,0.0,0.0,,0.0,0.0,0.0,0.0,0.0,0,control,0,0,-6.781144044624303,15.312260745925846,22.09340479055015,0.0,0.0
증평군,2021-03-01,2100.0,2353.0,2088.0,2529.0,9070.0,48.0,52.0,31.0,31.0,162.0,56.0,69.0,52.0,37.0,214.0,-8.0,-17.0,-21.0,-6.0,-52.0,17.8,6501.0,36536.0,7115.0,447.0,392.0,55.0,1.1084268864572921,2021,3,2021-03,0.0,0.0,,0.0,0.0,0.0,0.0,0.0,0,control,0,0,-5.733186328555678,17.861080485115767,23.594266813671446,0.0,0.0
증평군,2021-04-01,2084.0,2358.0,2089.0,2519.0,9050.0,33.0,53.0,30.0,30.0,146.0,31.0,45.0,39.0,31.0,146.0,2.0,8.0,-9.0,-1.0,0.0,17.9,6526.0,36532.0,7159.0,387.0,340.0,47.0,0.05590496156533398,2021,4,2021-04,0.0,0.0,,0.0,0.0,0.0,0.0,0.0,0,control,0,0,0.0,16.132596685082873,16.132596685082873,0.0,0.0
증평군,2021-05-01,2086.0,2349.0,2080.0,2500.0,9015.0,32.0,34.0,24.0,22.0,112.0,29.0,43.0,33.0,30.0,135.0,3.0,-9.0,-9.0,-8.0,-23.0,17.9,6546.0,36536.0,7217.0,311.0,227.0,84.0,0.5713489409141514,2021,5,2021-05,0.0,0.0,,0.0,0.0,0.0,0.0,0.0,0,control,0,0,-2.5513033832501386,12.423738214087631,14.97504159733777,0.0,0.0
증평군,2021-06-01,2097.0,2352.0,2038.0,2475.0,8962.0,37.0,55.0,24.0,18.0,134.0,27.0,52.0,59.0,28.0,166.0,10.0,3.0,-35.0,-10.0,-32.0,18.0,6574.0,36499.0,7356.0,422.0,285.0,137.0,2.4227234753550597,2021,6,2021-06,0.0,0.0,,0.0,0.0,0.0,0.0,0.0,0,control,0,0,-3.5706315554563712,14.952019638473555,18.522651193929928,0.0,0.0
증평군,2021-07-01,2106.0,2350.0,2019.0,2464.0,8939.0,45.0,59.0,30.0,24.0,158.0,36.0,60.0,47.0,21.0,164.0,9.0,-1.0,-17.0,3.0,-6.0,18.1,6605.0,36470.0,7400.0,401.0,372.0,29.0,1.134344676780108,2021,7,2021-07,0.0,0.0,,0.0,0.0,0.0,0.0,0.0,0,control,0,0,-0.6712160196890032,17.67535518514375,18.346571204832756,0.0,0.0
증평군,2021-08-01,2078.0,2338.0,2014.0,2440.0,8870.0,30.0,40.0,28.0,27.0,125.0,47.0,51.0,35.0,44.0,177.0,-17.0,-11.0,-7.0,-17.0,-52.0,18.2,6642.0,36406.0,7414.0,335.0,323.0,12.0,1.173580786026207,2021,8,2021-08,0.0,0.0,,0.0,0.0,0.0,0.0,0.0,0,control,0,0,-5.862457722660654,14.092446448703495,19.95490417136415,0.0,0.0
증평군,2021-09-01,2059.0,2346.0,1986.0,2435.0,8826.0,36.0,61.0,19.0,23.0,139.0,45.0,56.0,43.0,22.0,166.0,-9.0,5.0,-24.0,1.0,-27.0,18.3,6671.0,36388.0,7448.0,339.0,294.0,45.0,0.6758583400919171,2021,9,2021-09,0.0,0.0,,0.0,0.0,0.0,0.0,0.0,0,control,0,0,-3.059143439836846,15.748923634715613,18.808067074552458,0.0,0.0
증평군,2021-10-01,2057.0,2338.0,1959.0,2431.0,8785.0,36.0,26.0,28.0,20.0,110.0,30.0,39.0,43.0,30.0,142.0,6.0,-13.0,-15.0,-10.0,-32.0,18.4,6707.0,36371.0,7462.0,371.0,351.0,20.0,1.1248136603875913,2021,10,2021-10,0.0,0.0,,0.0,0.0,0.0,0.0,0.0,0,control,0,0,-3.642572566875356,12.521343198634035,16.16391576550939,0.0,0.0
증평군,2021-11-01,2060.0,2343.0,1952.0,2421.0,8776.0,36.0,45.0,29.0,37.0,147.0,30.0,39.0,40.0,36.0,145.0,6.0,6.0,-11.0,1.0,2.0,18.5,6737.0,36351.0,7428.0,339.0,363.0,-24.0,-0.2953020134228157,2021,11,2021-11,0.0,0.0,,0.0,0.0,0.0,0.0,0.0,0,control,0,0,0.22789425706472197,16.750227894257065,16.522333637192343,0.0,0.0
증평군,2021-12-01,2043.0,2369.0,1995.0,2413.0,8820.0,45.0,81.0,69.0,50.0,245.0,62.0,51.0,32.0,37.0,182.0,-17.0,30.0,37.0,13.0,63.0,18.6,6782.0,36426.0,7290.0,314.0,476.0,-162.0,0.8438234887259588,2021,12,2021-12,0.0,0.0,,0.0,0.0,0.0,0.0,0.0,0,control,0,0,7.142857142857143,27.77777777777778,20.634920634920636,0.0,0.0
증평군,2022-01-01,2016.0,2376.0,2016.0,2395.0,8803.0,37.0,62.0,49.0,38.0,186.0,48.0,47.0,35.0,34.0,164.0,-11.0,15.0,14.0,4.0,22.0,18.7,6851.0,36583.0,7347.0,654.0,587.0,67.0,3.435168238772346,2022,1,2022-01,0.0,0.0,,0.0,0.0,0.0,0.0,0.0,0,control,1,0,2.4991480177212315,21.12916051346132,18.63001249574009,0.0,0.0
증평군,2022-02-01,2023.0,2394.0,2000.0,2387.0,8804.0,59.0,70.0,36.0,39.0,204.0,49.0,45.0,30.0,30.0,154.0,10.0,25.0,6.0,9.0,50.0,18.8,6899.0,36729.0,7476.0,383.0,263.0,120.0,5.922357608387641,2022,2,2022-02,0.0,0.0,,0.0,0.0,0.0,0.0,0.0,0,control,1,0,5.679236710586097,23.171285779191276,17.49204906860518,0.0,0.0
증평군,2022-03-01,2004.0,2427.0,2014.0,2365.0,8810.0,46.0,70.0,51.0,19.0,186.0,43.0,45.0,40.0,26.0,154.0,3.0,25.0,11.0,-7.0,32.0,18.9,6955.0,36822.0,7451.0,503.0,440.0,63.0,4.722417427969083,2022,3,2022-03,0.0,0.0,,0.0,0.0,0.0,0.0,0.0,0,control,1,0,3.6322360953461974,21.112372304199774,17.480136208853576,0.0,0.0
증평군,2022-04-01,2000.0,2418.0,2015.0,2378.0,8811.0,30.0,48.0,28.0,41.0,147.0,19.0,58.0,27.0,27.0,131.0,11.0,-10.0,1.0,14.0,16.0,19.0,6999.0,36916.0,7560.0,478.0,361.0,117.0,5.601340969409141,2022,4,2022-04,0.0,0.0,,0.0,0.0,0.0,0.0,0.0,0,control,1,0,1.8159119282714788,16.683690840994213,14.867778912722732,0.0,0.0
증평군,2022-05-01,2002.0,2439.0,2034.0,2376.0,8851.0,34.0,73.0,42.0,27.0,176.0,32.0,52.0,31.0,14.0,129.0,2.0,21.0,11.0,13.0,47.0,19.0,7044.0,37003.0,7603.0,357.0,299.0,58.0,5.348482749064698,2022,5,2022-05,0.0,0.0,,0.0,0.0,0.0,0.0,0.0,0,control,1,0,5.310134448084962,19.884758784318155,14.574624336233194,0.0,0.0
증평군,2022-06-01,1987.0,2441.0,2072.0,2352.0,8852.0,27.0,57.0,57.0,24.0,165.0,33.0,57.0,32.0,28.0,150.0,-6.0,0.0,25.0,-4.0,15.0,19.1,7061.0,37024.0,7611.0,331.0,296.0,35.0,3.466557911908641,2022,6,2022-06,0.0,0.0,,0.0,0.0,0.0,0.0,0.0,0,control,1,0,1.6945323090826931,18.639855399909624,16.945323090826932,0.0,0.0
증평군,2022-07-01,1976.0,2467.0,2100.0,2352.0,8895.0,29.0,62.0,47.0,33.0,171.0,21.0,37.0,26.0,18.0,102.0,8.0,25.0,21.0,15.0,69.0,19.1,7083.0,37112.0,7632.0,393.0,359.0,34.0,3.1351351351351253,2022,7,2022-07,0.0,0.0,,0.0,0.0,0.0,0.0,0.0,0,control,1,0,7.75716694772344,19.224283305227654,11.467116357504215,0.0,0.0
증평군,2022-08-01,1981.0,2476.0,2112.0,2362.0,8931.0,46.0,64.0,37.0,33.0,180.0,33.0,51.0,34.0,19.0,137.0,13.0,13.0,3.0,14.0,43.0,19.1,7117.0,37184.0,7625.0,278.0,267.0,11.0,2.845967089290524,2022,8,2022-08,0.0,0.0,,0.0,0.0,0.0,0.0,0.0,0,control,1,0,4.8146904042100545,20.154517971111858,15.339827566901803,0.0,0.0
증평군,2022-09-01,1954.0,2477.0,2142.0,2361.0,8934.0,23.0,47.0,50.0,19.0,139.0,37.0,48.0,28.0,18.0,131.0,-14.0,-1.0,22.0,1.0,8.0,19.2,7155.0,37213.0,7787.0,433.0,282.0,151.0,4.551557465091305,2022,9,2022-09,0.0,0.0,,0.0,0.0,0.0,0.0,0.0,0,control,1,0,0.8954555630176853,15.55854040743228,14.663084844414596,0.0,0.0
증평군,2022-10-01,1948.0,2490.0,2154.0,2357.0,8949.0,26.0,42.0,33.0,20.0,121.0,16.0,41.0,27.0,15.0,99.0,10.0,1.0,6.0,5.0,22.0,19.3,7199.0,37247.0,7807.0,333.0,318.0,15.0,4.623425355132671,2022,10,2022-10,0.0,0.0,,0.0,0.0,0.0,0.0,0.0,0,control,1,0,2.458375237456699,13.521063806011846,11.062688568555146,0.0,0.0
증평군,2022-11-01,1936.0,2508.0,2170.0,2357.0,8971.0,27.0,56.0,36.0,24.0,143.0,24.0,30.0,37.0,16.0,107.0,3.0,26.0,-1.0,8.0,36.0,19.4,7236.0,37273.0,7637.0,281.0,293.0,-12.0,2.8136779752288676,2022,11,2022-11,0.0,0.0,,0.0,0.0,0.0,0.0,0.0,0,control,1,0,4.012930554007357,15.940251922862558,11.9273213688552,0.0,0.0
증평군,2022-12-01,1916.0,2530.0,2166.0,2339.0,8951.0,32.0,65.0,49.0,32.0,178.0,34.0,51.0,51.0,37.0,173.0,-2.0,14.0,-2.0,-5.0,5.0,19.5,7264.0,37262.0,7493.0,339.0,480.0,-141.0,2.7846364883401975,2022,12,2022-12,0.0,0.0,,0.0,0.0,0.0,0.0,0.0,0,control,1,0,0.5585968048262764,19.88604625181544,19.327449446989164,0.0,0.0
증평군,2023-01-01,1912.0,2533.0,2191.0,2338.0,8974.0,37.0,59.0,52.0,32.0,180.0,24.0,59.0,30.0,21.0,134.0,13.0,0.0,22.0,11.0,46.0,19.6,7325.0,37312.0,7437.0,555.0,634.0,-79.0,1.2249897917517405,2023,1,2023-01,0.0,0.0,,0.0,0.0,0.0,0.0,0.0,0,control,1,0,5.125919322487185,20.057945174949854,14.93202585246267,0.0,0.0
증평군,2023-02-01,1883.0,2524.0,2203.0,2329.0,8939.0,36.0,66.0,44.0,27.0,173.0,49.0,64.0,29.0,28.0,170.0,-13.0,2.0,15.0,-1.0,3.0,19.8,7374.0,37315.0,7526.0,390.0,295.0,95.0,0.6688068485821264,2023,2,2023-02,0.0,0.0,,0.0,0.0,0.0,0.0,0.0,0,control,1,0,0.3356080098445016,19.35339523436626,19.017787224521758,0.0,0.0
증평군,2023-03-01,1875.0,2510.0,2201.0,2308.0,8894.0,42.0,53.0,31.0,24.0,150.0,48.0,52.0,43.0,22.0,165.0,-6.0,1.0,-12.0,2.0,-15.0,19.8,7405.0,37321.0,7635.0,517.0,382.0,135.0,2.4694671856126726,2023,3,2023-03,0.0,0.0,,0.0,0.0,0.0,0.0,0.0,0,control,1,0,-1.6865302451090622,16.865302451090624,18.551832696199686,0.0,0.0
증평군,2023-04-01,1854.0,2505.0,2204.0,2299.0,8862.0,27.0,42.0,28.0,21.0,118.0,28.0,40.0,39.0,17.0,124.0,-1.0,2.0,-11.0,4.0,-6.0,19.9,7444.0,37331.0,7572.0,396.0,367.0,29.0,0.15873015873015817,2023,4,2023-04,0.0,0.0,,0.0,0.0,0.0,0.0,0.0,0,control,1,0,-0.6770480704129993,13.31527871812232,13.992326788535319,0.0,0.0
증평군,2023-05-01,1856.0,2514.0,2218.0,2268.0,8856.0,28.0,45.0,41.0,29.0,143.0,16.0,41.0,34.0,33.0,124.0,12.0,4.0,7.0,-4.0,19.0,20.0,7464.0,37342.0,7541.0,310.0,260.0,50.0,-0.8154675785874033,2023,5,2023-05,0.0,0.0,,0.0,0.0,0.0,0.0,0.0,0,control,1,0,2.145438121047877,16.14724480578139,14.001806684733515,0.0,0.0
증평군,2023-06-01,1834.0,2510.0,2236.0,2258.0,8838.0,22.0,50.0,34.0,13.0,119.0,23.0,48.0,28.0,24.0,123.0,-1.0,2.0,6.0,-11.0,-4.0,20.0,7480.0,37349.0,7591.0,342.0,292.0,50.0,-0.2627775587964787,2023,6,2023-06,0.0,0.0,,0.0,0.0,0.0,0.0,0.0,0,control,1,0,-0.45259108395564607,13.46458474768047,13.917175831636117,0.0,0.0
증평군,2023-07-01,1812.0,2495.0,2267.0,2260.0,8834.0,29.0,48.0,41.0,30.0,148.0,27.0,47.0,34.0,23.0,131.0,2.0,1.0,7.0,7.0,17.0,20.1,7518.0,37410.0,7946.0,357.0,354.0,3.0,4.114255765199171,2023,7,2023-07,0.0,0.0,,0.0,0.0,0.0,0.0,0.0,0,control,1,0,1.9243830654290242,16.753452569617387,14.829069504188363,0.0,0.0
증평군,2023-08-01,1791.0,2491.0,2277.0,2252.0,8811.0,23.0,59.0,38.0,33.0,153.0,41.0,42.0,49.0,30.0,162.0,-18.0,17.0,-11.0,3.0,-9.0,20.2,7548.0,37407.0,7609.0,265.0,237.0,28.0,-0.20983606557376522,2023,8,2023-08,0.0,0.0,,0.0,0.0,0.0,0.0,0.0,0,control,1,0,-1.0214504596527068,17.364657814096017,18.38610827374872,0.0,0.0
증평군,2023-09-01,1792.0,2478.0,2305.0,2238.0,8813.0,39.0,35.0,41.0,22.0,137.0,24.0,44.0,24.0,18.0,110.0,15.0,-9.0,17.0,4.0,27.0,20.2,7572.0,37427.0,7628.0,312.0,287.0,25.0,-2.041864646205216,2023,9,2023-09,0.0,0.0,,0.0,0.0,0.0,0.0,0.0,0,control,1,0,3.0636559627822533,15.54521729263588,12.481561329853625,0.0,0.0
증평군,2023-10-01,1788.0,2465.0,2337.0,2217.0,8807.0,15.0,39.0,32.0,21.0,107.0,24.0,35.0,26.0,24.0,109.0,-9.0,4.0,6.0,-3.0,-2.0,20.3,7606.0,37435.0,7637.0,305.0,292.0,13.0,-2.1775329832201873,2023,10,2023-10,0.0,0.0,,0.0,0.0,0.0,0.0,0.0,0,control,1,0,-0.22709208584080845,12.149426592483252,12.37651867832406,0.0,0.0
증평군,2023-11-01,1780.0,2462.0,2336.0,2220.0,8798.0,25.0,42.0,34.0,36.0,137.0,18.0,46.0,41.0,20.0,125.0,7.0,-4.0,-7.0,16.0,12.0,20.4,7647.0,37444.0,7677.0,319.0,274.0,45.0,0.5237658766531261,2023,11,2023-11,0.0,0.0,,0.0,0.0,0.0,0.0,0.0,0,control,1,0,1.36394635144351,15.571720845646738,14.207774494203228,0.0,0.0
증평군,2023-12-01,1771.0,2480.0,2325.0,2220.0,8796.0,30.0,64.0,41.0,24.0,159.0,36.0,44.0,48.0,23.0,151.0,-6.0,20.0,-7.0,1.0,8.0,20.5,7694.0,37484.0,7491.0,231.0,382.0,-151.0,-0.02669157880688111,2023,12,2023-12,0.0,0.0,,0.0,0.0,0.0,0.0,0.0,0,control,1,0,0.9095043201455207,18.076398362892224,17.1668940427467,0.0,0.0
증평군,2024-01-01,1750.0,2473.0,2328.0,2225.0,8776.0,35.0,55.0,51.0,37.0,178.0,46.0,53.0,41.0,29.0,169.0,-11.0,2.0,10.0,8.0,9.0,20.6,7718.0,37499.0,7303.0,561.0,694.0,-133.0,-1.8018018018018056,2024,1,2024-01,0.0,0.0,,0.0,0.0,0.0,0.0,0.0,0,control,1,0,1.0255241567912488,20.282588878760254,19.257064721969005,0.0,0.0
증평군,2024-02-01,1721.0,2446.0,2345.0,2220.0,8732.0,28.0,49.0,37.0,26.0,140.0,52.0,45.0,37.0,25.0,159.0,-24.0,4.0,0.0,1.0,-19.0,20.7,7765.0,37465.0,7619.0,523.0,205.0,318.0,1.2357161838958186,2024,2,2024-02,0.0,0.0,,0.0,0.0,0.0,0.0,0.0,0,control,1,0,-2.1759047182775997,16.03298213467705,18.20888685295465,0.0,0.0
증평군,2024-03-01,1689.0,2434.0,2340.0,2215.0,8678.0,44.0,59.0,33.0,26.0,162.0,69.0,52.0,53.0,26.0,200.0,-25.0,7.0,-20.0,0.0,-38.0,20.9,7819.0,37400.0,7642.0,416.0,387.0,29.0,0.09168303863784644,2024,3,2024-03,0.0,0.0,,0.0,0.0,0.0,0.0,0.0,0,control,1,0,-4.378889144964277,18.66789582853192,23.046784973496198,0.0,0.0
증평군,2024-04-01,1675.0,2420.0,2335.0,2222.0,8652.0,38.0,45.0,37.0,28.0,148.0,46.0,54.0,44.0,21.0,165.0,-8.0,-9.0,-7.0,7.0,-17.0,21.0,7855.0,37387.0,7731.0,367.0,290.0,77.0,2.0998415213946187,2024,4,2024-04,0.0,0.0,,0.0,0.0,0.0,0.0,0.0,0,control,1,0,-1.9648636153490522,17.105871474803514,19.070735090152567,0.0,0.0
증평군,2024-05-01,1676.0,2412.0,2332.0,2217.0,8637.0,27.0,45.0,34.0,19.0,125.0,29.0,41.0,38.0,19.0,127.0,-2.0,4.0,-4.0,0.0,-2.0,21.1,7874.0,37370.0,7762.0,319.0,278.0,41.0,2.9306458029439098,2024,5,2024-05,0.0,0.0,,0.0,0.0,0.0,0.0,0.0,0,control,1,0,-0.2315618849137432,14.47261780710895,14.704179692022693,0.0,0.0
증평군,2024-06-01,1674.0,2389.0,2336.0,2213.0,8612.0,20.0,39.0,34.0,17.0,110.0,24.0,40.0,42.0,18.0,124.0,-4.0,-1.0,-8.0,-1.0,-14.0,21.1,7880.0,37316.0,7741.0,312.0,300.0,12.0,1.976024239230667,2024,6,2024-06,0.0,0.0,,0.0,0.0,0.0,0.0,0.0,0,control,1,0,-1.625638643752903,12.772875058058522,14.398513701811426,0.0,0.0
증평군,2024-07-01,1655.0,2376.0,2319.0,2202.0,8552.0,20.0,46.0,31.0,22.0,119.0,29.0,53.0,52.0,36.0,170.0,-9.0,-7.0,-21.0,-14.0,-51.0,21.3,7915.0,37235.0,7800.0,388.0,322.0,66.0,-1.8374024666498845,2024,7,2024-07,0.0,0.0,,0.0,0.0,0.0,0.0,0.0,0,control,1,0,-5.963517305893358,13.914873713751168,19.87839101964453,0.0,0.0
증평군,2024-08-01,1628.0,2366.0,2334.0,2188.0,8516.0,21.0,33.0,41.0,18.0,113.0,28.0,43.0,41.0,16.0,128.0,-7.0,-10.0,0.0,2.0,-15.0,21.4,7939.0,37181.0,7824.0,333.0,312.0,21.0,2.8256012616638237,2024,8,2024-08,0.0,0.0,,0.0,0.0,0.0,0.0,0.0,0,control,1,0,-1.7613903240958195,13.269140441521841,15.03053076561766,0.0,0.0
증평군,2024-09-01,1634.0,2346.0,2360.0,2172.0,8512.0,36.0,43.0,34.0,14.0,127.0,25.0,37.0,33.0,23.0,118.0,11.0,6.0,1.0,-9.0,9.0,21.4,7953.0,37207.0,7807.0,266.0,277.0,-11.0,2.346617724174105,2024,9,2024-09,0.0,0.0,,0.0,0.0,0.0,0.0,0.0,0,control,1,0,1.0573308270676691,14.920112781954888,13.862781954887218,0.0,0.0
증평군,2024-10-01,1629.0,2330.0,2370.0,2179.0,8508.0,24.0,39.0,24.0,21.0,108.0,20.0,35.0,30.0,17.0,102.0,4.0,4.0,-6.0,4.0,6.0,21.4,7989.0,37262.0,7764.0,347.0,386.0,-39.0,1.6629566583737043,2024,10,2024-10,0.0,0.0,,0.0,0.0,0.0,0.0,0.0,0,control,1,0,0.7052186177715092,12.693935119887165,11.988716502115656,0.0,0.0
증평군,2024-11-01,1616.0,2323.0,2391.0,2159.0,8489.0,17.0,43.0,37.0,16.0,113.0,24.0,35.0,34.0,28.0,121.0,-7.0,8.0,3.0,-12.0,-8.0,21.5,7999.0,37215.0,7767.0,319.0,312.0,7.0,1.172332942555676,2024,11,2024-11,0.0,0.0,,0.0,0.0,0.0,0.0,0.0,0,control,1,0,-0.9423960419366239,13.311344092354812,14.253740134291435,0.0,0.0
증평군,2024-12-01,1593.0,2304.0,2410.0,2152.0,8459.0,24.0,48.0,41.0,27.0,140.0,45.0,52.0,37.0,33.0,167.0,-21.0,-4.0,4.0,-6.0,-27.0,21.6,8044.0,37171.0,7661.0,235.0,350.0,-115.0,2.269389934588162,2024,12,2024-12,0.0,0.0,,0.0,0.0,0.0,0.0,0.0,0,control,1,0,-3.191866650904362,16.550419671355954,19.742286322260316,0.0,0.0
진천군,2017-01-01,4020.0,3315.0,4361.0,5387.0,17083.0,70.0,70.0,86.0,80.0,306.0,60.0,59.0,46.0,62.0,227.0,10.0,11.0,40.0,18.0,79.0,16.2,11375.0,70198.0,29811.0,1236.0,1416.0,-180.0,,2017,1,2017-01,0.0,0.0,,0.0,0.0,0.0,0.0,0.0,0,control,0,0,4.6244804776678565,17.91254463501727,13.288064157349412,0.0,0.0
진천군,2017-02-01,4035.0,3324.0,4350.0,5420.0,17129.0,70.0,88.0,100.0,86.0,344.0,71.0,70.0,66.0,76.0,283.0,-1.0,18.0,34.0,10.0,61.0,16.2,11444.0,70464.0,30794.0,1601.0,1040.0,561.0,,2017,2,2017-02,0.0,0.0,,0.0,0.0,0.0,0.0,0.0,0,control,0,0,3.5612119796835775,20.082900344445093,16.521688364761516,0.0,0.0
진천군,2017-03-01,4043.0,3372.0,4327.0,5438.0,17180.0,68.0,107.0,101.0,72.0,348.0,67.0,82.0,71.0,58.0,278.0,1.0,25.0,30.0,14.0,70.0,16.3,11526.0,70678.0,30764.0,1552.0,1526.0,26.0,,2017,3,2017-03,0.0,0.0,,0.0,0.0,0.0,0.0,0.0,0,control,0,0,4.074505238649593,20.256111757857976,16.181606519208383,0.0,0.0
진천군,2017-04-01,4042.0,3356.0,4318.0,5436.0,17152.0,50.0,63.0,75.0,50.0,238.0,65.0,69.0,79.0,53.0,266.0,-15.0,-6.0,-4.0,-3.0,-28.0,16.3,11558.0,70698.0,31197.0,1437.0,1068.0,369.0,,2017,4,2017-04,0.0,0.0,,0.0,0.0,0.0,0.0,0.0,0,control,0,0,-1.632462686567164,13.875932835820896,15.50839552238806,0.0,0.0
진천군,2017-05-01,4066.0,3390.0,4290.0,5475.0,17221.0,64.0,81.0,82.0,63.0,290.0,44.0,59.0,56.0,58.0,217.0,20.0,22.0,26.0,5.0,73.0,16.4,11611.0,70912.0,31102.0,1125.0,1156.0,-31.0,,2017,5,2017-05,0.0,0.0,,0.0,0.0,0.0,0.0,0.0,0,control,0,0,4.23901051042332,16.839904767435108,12.600894257011788,0.0,0.0
진천군,2017-06-01,4100.0,3478.0,4454.0,5640.0,17672.0,97.0,183.0,297.0,232.0,809.0,78.0,99.0,107.0,73.0,357.0,19.0,84.0,190.0,159.0,452.0,16.2,11668.0,71866.0,31332.0,1278.0,1150.0,128.0,,2017,6,2017-06,0.0,0.0,,0.0,0.0,0.0,0.0,0.0,0,control,0,0,25.57718424626528,45.77863286555002,20.201448619284744,0.0,0.0
진천군,2017-07-01,4109.0,3577.0,4506.0,5735.0,17927.0,94.0,149.0,167.0,169.0,579.0,80.0,81.0,74.0,79.0,314.0,14.0,68.0,93.0,90.0,265.0,16.2,11747.0,72550.0,31503.0,1448.0,1252.0,196.0,,2017,7,2017-07,0.0,0.0,,0.0,0.0,0.0,0.0,0.0,0,control,0,0,14.782172142578235,32.29765158699169,17.515479444413455,0.0,0.0
진천군,2017-08-01,4141.0,3706.0,4528.0,5792.0,18167.0,106.0,193.0,139.0,133.0,571.0,76.0,82.0,76.0,81.0,315.0,30.0,111.0,63.0,52.0,256.0,16.1,11790.0,73039.0,31687.0,1554.0,1389.0,165.0,,2017,8,2017-08,0.0,0.0,,0.0,0.0,0.0,0.0,0.0,0,control,0,0,14.091484559916331,31.43061595200088,17.33913139208455,0.0,0.0
진천군,2017-09-01,4149.0,3732.0,4524.0,5835.0,18240.0,63.0,102.0,98.0,95.0,358.0,64.0,86.0,67.0,60.0,277.0,-1.0,16.0,31.0,35.0,81.0,16.1,11814.0,73266.0,31951.0,1486.0,1263.0,223.0,,2017,9,2017-09,0.0,0.0,,0.0,0.0,0.0,0.0,0.0,0,control,0,0,4.440789473684211,19.62719298245614,15.18640350877193,0.0,0.0
진천군,2017-10-01,4168.0,3722.0,4495.0,5867.0,18252.0,55.0,66.0,87.0,70.0,278.0,46.0,71.0,79.0,46.0,242.0,9.0,-5.0,8.0,24.0,36.0,16.1,11838.0,73370.0,32338.0,1181.0,975.0,206.0,,2017,10,2017-10,0.0,0.0,,0.0,0.0,0.0,0.0,0.0,0,control,0,0,1.9723865877712032,15.231207538899847,13.258820951128643,0.0,0.0
진천군,2017-11-01,4185.0,3741.0,4483.0,5903.0,18312.0,74.0,92.0,91.0,90.0,347.0,65.0,75.0,62.0,57.0,259.0,9.0,17.0,29.0,33.0,88.0,16.1,11854.0,73520.0,32685.0,1396.0,1095.0,301.0,,2017,11,2017-11,0.0,0.0,,0.0,0.0,0.0,0.0,0.0,0,control,0,0,4.8055919615552645,18.949322848405416,14.143730886850152,0.0,0.0
진천군,2017-12-01,4186.0,3767.0,4459.0,5909.0,18321.0,68.0,95.0,91.0,71.0,325.0,64.0,81.0,69.0,61.0,275.0,4.0,14.0,22.0,10.0,50.0,16.1,11889.0,73677.0,32740.0,1194.0,1129.0,65.0,,2017,12,2017-12,0.0,0.0,,0.0,0.0,0.0,0.0,0.0,0,control,0,0,2.7291086731073633,17.73920637519786,15.010097702090498,0.0,0.0
진천군,2018-01-01,4187.0,3765.0,4422.0,5923.0,18297.0,86.0,75.0,78.0,62.0,301.0,75.0,80.0,60.0,56.0,271.0,11.0,-5.0,18.0,6.0,30.0,16.1,11906.0,73756.0,32572.0,1597.0,1714.0,-117.0,9.261681929489107,2018,1,2018-01,0.0,0.0,,0.0,0.0,0.0,0.0,0.0,0,control,0,0,1.6396130513198885,16.450784281576215,14.811171230256326,0.0,0.0
진천군,2018-02-01,4203.0,3793.0,4408.0,6043.0,18447.0,97.0,107.0,121.0,147.0,472.0,73.0,80.0,69.0,71.0,293.0,24.0,27.0,52.0,76.0,179.0,16.1,11945.0,74239.0,32926.0,1359.0,1064.0,295.0,6.923426641553543,2018,2,2018-02,0.0,0.0,,0.0,0.0,0.0,0.0,0.0,0,control,0,0,9.70347481975389,25.586816284490702,15.883341464736814,0.0,0.0
진천군,2018-03-01,4224.0,3859.0,4443.0,6114.0,18640.0,96.0,151.0,163.0,169.0,579.0,82.0,104.0,97.0,97.0,380.0,14.0,47.0,66.0,72.0,199.0,16.0,11996.0,74752.0,33692.0,1937.0,1608.0,329.0,9.517617995059169,2018,3,2018-03,0.0,0.0,,0.0,0.0,0.0,0.0,0.0,0,control,0,0,10.67596566523605,31.06223175965665,20.386266094420602,0.0,0.0
진천군,2018-04-01,4270.0,3895.0,4469.0,6179.0,18813.0,98.0,128.0,118.0,167.0,511.0,61.0,87.0,75.0,91.0,314.0,37.0,41.0,43.0,76.0,197.0,16.0,12013.0,75238.0,34072.0,1569.0,1200.0,369.0,9.215629707984752,2018,4,2018-04,0.0,0.0,,0.0,0.0,0.0,0.0,0.0,0,control,0,0,10.471482485515335,27.162068782225056,16.69058629670972,0.0,0.0
진천군,2018-05-01,4273.0,3932.0,4463.0,6200.0,18868.0,70.0,106.0,106.0,106.0,388.0,66.0,82.0,75.0,81.0,304.0,4.0,24.0,31.0,25.0,84.0,16.0,12084.0,75623.0,33984.0,1355.0,1397.0,-42.0,9.266285126358431,2018,5,2018-05,0.0,0.0,,0.0,0.0,0.0,0.0,0.0,0,control,0,0,4.451982192071232,20.56391774432902,16.11193555225779,0.0,0.0
진천군,2018-06-01,4299.0,3974.0,4446.0,6213.0,18932.0,62.0,116.0,94.0,117.0,389.0,64.0,72.0,90.0,94.0,320.0,-2.0,44.0,4.0,23.0,69.0,16.0,12121.0,75848.0,33937.0,1215.0,1186.0,29.0,8.314183582280087,2018,6,2018-06,0.0,0.0,,0.0,0.0,0.0,0.0,0.0,0,control,0,0,3.6446228607648425,20.54722163532643,16.90259877456159,0.0,0.0
진천군,2018-07-01,4292.0,4072.0,4481.0,6242.0,19087.0,87.0,147.0,137.0,120.0,491.0,74.0,69.0,81.0,77.0,301.0,13.0,78.0,56.0,43.0,190.0,15.9,12146.0,76299.0,34030.0,1348.0,1279.0,69.0,8.021458273815195,2018,7,2018-07,0.0,0.0,,0.0,0.0,0.0,0.0,0.0,0,control,0,0,9.95441923822497,25.72431497878137,15.7698957405564,0.0,0.0
진천군,2018-08-01,4311.0,4160.0,4549.0,6311.0,19331.0,99.0,146.0,168.0,173.0,586.0,68.0,72.0,81.0,100.0,321.0,31.0,74.0,87.0,73.0,265.0,15.8,12163.0,76887.0,34341.0,1239.0,1168.0,71.0,8.375674566857061,2018,8,2018-08,0.0,0.0,,0.0,0.0,0.0,0.0,0.0,0,control,0,0,13.708551032021106,30.314003414205164,16.60545238218406,0.0,0.0
진천군,2018-09-01,4313.0,4173.0,4556.0,6356.0,19398.0,51.0,95.0,84.0,121.0,351.0,55.0,67.0,75.0,81.0,278.0,-4.0,28.0,9.0,40.0,73.0,15.9,12228.0,77056.0,34598.0,1317.0,1121.0,196.0,8.284560733623358,2018,9,2018-09,0.0,0.0,,0.0,0.0,0.0,0.0,0.0,0,control,0,0,3.763274564388081,18.09464893287968,14.331374368491597,0.0,0.0
진천군,2018-10-01,4346.0,4188.0,4570.0,6427.0,19531.0,71.0,121.0,123.0,166.0,481.0,56.0,84.0,104.0,89.0,333.0,15.0,37.0,19.0,77.0,148.0,15.9,12301.0,77479.0,34618.0,1339.0,1331.0,8.0,7.050528789659216,2018,10,2018-10,0.0,0.0,,0.0,0.0,0.0,0.0,0.0,0,control,0,0,7.57769699452153,24.627515232194973,17.049818237673442,0.0,0.0
진천군,2018-11-01,4341.0,4183.0,4610.0,6462.0,19596.0,72.0,111.0,106.0,119.0,408.0,83.0,101.0,63.0,85.0,332.0,-11.0,10.0,43.0,34.0,76.0,15.9,12348.0,77674.0,34801.0,2626.0,2414.0,212.0,6.473917699250431,2018,11,2018-11,0.0,0.0,,0.0,0.0,0.0,0.0,0.0,0,control,0,0,3.8783425188814045,20.82057562767912,16.942233108797712,0.0,0.0
진천군,2018-12-01,4385.0,4235.0,4642.0,6539.0,19801.0,112.0,149.0,163.0,163.0,587.0,77.0,91.0,110.0,76.0,354.0,35.0,58.0,53.0,87.0,233.0,15.8,12395.0,78218.0,34708.0,1122.0,1255.0,-133.0,6.010995723885149,2018,12,2018-12,0.0,0.0,,0.0,0.0,0.0,0.0,0.0,0,control,0,0,11.767082470582293,29.644967425887582,17.877884955305287,0.0,0.0
진천군,2019-01-01,4423.0,4274.0,4659.0,6570.0,19926.0,129.0,149.0,147.0,148.0,573.0,88.0,104.0,98.0,75.0,365.0,41.0,45.0,49.0,73.0,208.0,15.8,12467.0,78781.0,34863.0,2046.0,1877.0,169.0,7.033648532481895,2019,1,2019-01,0.0,0.0,,0.0,0.0,0.0,0.0,0.0,0,control,0,0,10.438622904747566,28.756398675097863,18.317775770350295,0.0,0.0
진천군,2019-02-01,4411.0,4287.0,4686.0,6639.0,20023.0,105.0,137.0,141.0,170.0,553.0,127.0,113.0,89.0,97.0,426.0,-22.0,24.0,52.0,73.0,127.0,15.8,12513.0,79172.0,34973.0,1352.0,1345.0,7.0,6.216971390390569,2019,2,2019-02,0.0,0.0,,0.0,0.0,0.0,0.0,0.0,0,control,0,0,6.342705888228537,27.61823902512111,21.275533136892573,0.0,0.0
진천군,2019-03-01,4372.0,4377.0,4706.0,6660.0,20115.0,94.0,182.0,136.0,122.0,534.0,111.0,124.0,88.0,78.0,401.0,-17.0,58.0,48.0,44.0,133.0,15.8,12582.0,79526.0,35132.0,1879.0,1690.0,189.0,4.274011634809449,2019,3,2019-03,0.0,0.0,,0.0,0.0,0.0,0.0,0.0,0,control,0,0,6.611981108625404,26.547352721849368,19.93537161322396,0.0,0.0
진천군,2019-04-01,4374.0,4424.0,4733.0,6652.0,20183.0,86.0,124.0,119.0,101.0,430.0,82.0,87.0,81.0,84.0,334.0,4.0,37.0,38.0,17.0,96.0,15.8,12633.0,79919.0,35362.0,1484.0,1319.0,165.0,3.7861000234796993,2019,4,2019-04,0.0,0.0,,0.0,0.0,0.0,0.0,0.0,0,control,0,0,4.75647822424813,21.30505871277808,16.54858048852995,0.0,0.0
진천군,2019-05-01,4374.0,4479.0,4733.0,6652.0,20238.0,96.0,145.0,105.0,81.0,427.0,88.0,112.0,87.0,65.0,352.0,8.0,33.0,18.0,16.0,75.0,15.9,12731.0,80233.0,35267.0,1273.0,1254.0,19.0,3.775306026365355,2019,5,2019-05,0.0,0.0,,0.0,0.0,0.0,0.0,0.0,0,control,0,0,3.7058997924696118,21.098922818460323,17.39302302599071,0.0,0.0
진천군,2019-06-01,4383.0,4500.0,4707.0,6645.0,20235.0,66.0,97.0,77.0,63.0,303.0,61.0,86.0,66.0,50.0,263.0,5.0,11.0,11.0,13.0,40.0,15.9,12768.0,80382.0,35489.0,1289.0,1105.0,184.0,4.573179715354914,2019,6,2019-06,0.0,0.0,,0.0,0.0,0.0,0.0,0.0,0,control,0,0,1.9767729182110205,14.97405485544848,12.99728193723746,0.0,0.0
진천군,2019-07-01,4391.0,4538.0,4702.0,6644.0,20275.0,76.0,110.0,71.0,71.0,328.0,54.0,89.0,65.0,59.0,267.0,22.0,21.0,6.0,12.0,61.0,15.9,12817.0,80595.0,35593.0,1373.0,1280.0,93.0,4.59300617102556,2019,7,2019-07,0.0,0.0,,0.0,0.0,0.0,0.0,0.0,0,control,0,0,3.008631319358816,16.177558569667077,13.168927250308261,0.0,0.0
진천군,2019-08-01,4375.0,4561.0,4699.0,6625.0,20260.0,65.0,101.0,87.0,104.0,357.0,74.0,77.0,80.0,90.0,321.0,-9.0,24.0,7.0,14.0,36.0,15.9,12856.0,80731.0,35644.0,1136.0,1110.0,26.0,3.7942983605602665,2019,8,2019-08,0.0,0.0,,0.0,0.0,0.0,0.0,0.0,0,control,0,0,1.7769002961500493,17.620927936821325,15.844027640671273,0.0,0.0
진천군,2019-09-01,4384.0,4610.0,4719.0,6608.0,20321.0,68.0,120.0,90.0,83.0,361.0,64.0,77.0,59.0,58.0,258.0,4.0,43.0,31.0,25.0,103.0,16.0,12912.0,80933.0,35965.0,1090.0,1068.0,22.0,3.951095439042729,2019,9,2019-09,0.0,0.0,,0.0,0.0,0.0,0.0,0.0,0,control,0,0,5.068648196447025,17.764873775896856,12.69622557944983,0.0,0.0
진천군,2019-10-01,4363.0,4624.0,4696.0,6621.0,20304.0,65.0,109.0,97.0,105.0,376.0,78.0,97.0,96.0,78.0,349.0,-13.0,12.0,1.0,27.0,27.0,16.0,12942.0,80942.0,36134.0,1337.0,1142.0,195.0,4.379224680801896,2019,10,2019-10,0.0,0.0,,0.0,0.0,0.0,0.0,0.0,0,control,0,0,1.3297872340425532,18.51851851851852,17.188731284475967,0.0,0.0
진천군,2019-11-01,4349.0,4651.0,4710.0,6595.0,20305.0,59.0,123.0,93.0,70.0,345.0,68.0,90.0,65.0,64.0,287.0,-9.0,33.0,28.0,6.0,58.0,16.0,12966.0,80962.0,36150.0,1227.0,1113.0,114.0,3.8763253929484875,2019,11,2019-11,0.0,0.0,,0.0,0.0,0.0,0.0,0.0,0,control,0,0,2.856439300664861,16.99088894360995,14.134449642945087,0.0,0.0
진천군,2019-12-01,4329.0,4664.0,4768.0,6543.0,20304.0,74.0,127.0,100.0,104.0,405.0,91.0,99.0,65.0,111.0,366.0,-17.0,28.0,35.0,-7.0,39.0,16.0,13002.0,81084.0,35787.0,1003.0,1337.0,-334.0,3.1087933617609753,2019,12,2019-12,0.0,0.0,,0.0,0.0,0.0,0.0,0.0,0,control,0,0,1.92080378250591,19.9468085106383,18.02600472813239,0.0,0.0
진천군,2020-01-01,4303.0,4654.0,4808.0,6521.0,20286.0,70.0,128.0,98.0,93.0,389.0,94.0,114.0,65.0,71.0,344.0,-24.0,14.0,33.0,22.0,45.0,16.1,13060.0,81225.0,35453.0,1786.0,1745.0,41.0,1.6923385824513026,2020,1,2020-01,0.0,0.0,,0.0,0.0,0.0,0.0,0.0,0,control,0,0,2.218278615794144,19.175786256531598,16.957507640737454,0.0,0.0
진천군,2020-02-01,4283.0,4654.0,4824.0,6503.0,20264.0,89.0,123.0,101.0,124.0,437.0,110.0,99.0,75.0,109.0,393.0,-21.0,24.0,26.0,15.0,44.0,16.2,13141.0,81301.0,35589.0,2688.0,2552.0,136.0,1.761358762473919,2020,2,2020-02,0.0,0.0,,0.0,0.0,0.0,0.0,0.0,0,control,0,0,2.1713383339913146,21.56533754441374,19.393999210422425,0.0,0.0
진천군,2020-03-01,4261.0,4684.0,4819.0,6473.0,20237.0,100.0,153.0,115.0,100.0,468.0,120.0,125.0,109.0,78.0,432.0,-20.0,28.0,6.0,22.0,36.0,16.3,13250.0,81404.0,35532.0,1658.0,1696.0,-38.0,1.1385631333257429,2020,3,2020-03,0.0,0.0,,0.0,0.0,0.0,0.0,0.0,0,control,0,0,1.7789198003656668,23.12595740475367,21.347037604388003,0.0,0.0
진천군,2020-04-01,4242.0,4693.0,4821.0,6461.0,20217.0,73.0,128.0,82.0,88.0,371.0,91.0,116.0,80.0,58.0,345.0,-18.0,12.0,2.0,30.0,26.0,16.3,13300.0,81483.0,35689.0,1312.0,1175.0,137.0,0.9247214524065406,2020,4,2020-04,0.0,0.0,,0.0,0.0,0.0,0.0,0.0,0,control,0,0,1.2860463965969233,18.350892812979176,17.064846416382252,0.0,0.0
진천군,2020-05-01,4257.0,4707.0,4808.0,6442.0,20214.0,71.0,114.0,98.0,74.0,357.0,78.0,107.0,81.0,75.0,341.0,-7.0,7.0,17.0,-1.0,16.0,16.4,13365.0,81584.0,35664.0,1079.0,1036.0,43.0,1.1256982448180963,2020,5,2020-05,0.0,0.0,,0.0,0.0,0.0,0.0,0.0,0,control,0,0,0.7915306223409518,17.661027010982487,16.869496388641537,0.0,0.0
진천군,2020-06-01,4264.0,4705.0,4796.0,6425.0,20190.0,86.0,110.0,87.0,79.0,362.0,94.0,101.0,93.0,85.0,373.0,-8.0,9.0,-6.0,-6.0,-11.0,16.4,13401.0,81742.0,35630.0,1161.0,1189.0,-28.0,0.39730620755726864,2020,6,2020-06,0.0,0.0,,0.0,0.0,0.0,0.0,0.0,0,control,0,0,-0.5448241703813769,17.929668152550768,18.474492322932143,0.0,0.0
진천군,2020-07-01,4282.0,4694.0,4794.0,6406.0,20176.0,75.0,104.0,85.0,68.0,332.0,66.0,90.0,77.0,74.0,307.0,9.0,14.0,8.0,-6.0,25.0,16.4,13454.0,81865.0,35778.0,1362.0,1236.0,126.0,0.51976512235552,2020,7,2020-07,0.0,0.0,,0.0,0.0,0.0,0.0,0.0,0,control,0,0,1.239095955590801,16.455194290245835,15.216098334655035,0.0,0.0
진천군,2020-08-01,4243.0,4702.0,4802.0,6387.0,20134.0,75.0,114.0,86.0,81.0,356.0,94.0,96.0,80.0,70.0,340.0,-19.0,18.0,6.0,11.0,16.0,16.5,13509.0,81949.0,36833.0,1724.0,1042.0,682.0,3.335764785097073,2020,8,2020-08,0.0,0.0,,0.0,0.0,0.0,0.0,0.0,0,control,0,0,0.7946756729909605,17.681533724048872,16.886858051057914,0.0,0.0
진천군,2020-09-01,4254.0,4741.0,4875.0,6388.0,20258.0,91.0,147.0,145.0,117.0,500.0,86.0,105.0,73.0,68.0,332.0,5.0,42.0,72.0,49.0,168.0,16.5,13563.0,82362.0,36866.0,1387.0,1382.0,5.0,2.505213401918538,2020,9,2020-09,0.0,0.0,,0.0,0.0,0.0,0.0,0.0,0,control,0,0,8.2930200414651,24.68160726626518,16.38858722480008,0.0,0.0
진천군,2020-10-01,4313.0,4844.0,4930.0,6488.0,20575.0,84.0,176.0,162.0,199.0,621.0,50.0,87.0,85.0,73.0,295.0,34.0,89.0,77.0,126.0,326.0,16.4,13639.0,83090.0,37002.0,1237.0,1064.0,173.0,2.4021697016660237,2020,10,2020-10,0.0,0.0,,0.0,0.0,0.0,0.0,0.0,0,control,0,0,15.844471445929527,30.182260024301335,14.33778857837181,0.0,0.0
진천군,2020-11-01,4335.0,4881.0,4972.0,6559.0,20747.0,86.0,184.0,144.0,153.0,567.0,81.0,114.0,87.0,83.0,365.0,5.0,70.0,57.0,70.0,202.0,16.4,13679.0,83621.0,37125.0,1230.0,1149.0,81.0,2.6970954356846377,2020,11,2020-11,0.0,0.0,,0.0,0.0,0.0,0.0,0.0,0,control,0,0,9.736347423723911,27.32925242203692,17.59290499831301,0.0,0.0
진천군,2020-12-01,4300.0,4926.0,4953.0,6566.0,20745.0,87.0,157.0,112.0,109.0,465.0,111.0,126.0,111.0,96.0,444.0,-24.0,31.0,1.0,13.0,21.0,16.4,13762.0,83718.0,36841.0,1601.0,1860.0,-259.0,2.945203565540555,2020,12,2020-12,0.0,0.0,,0.0,0.0,0.0,0.0,0.0,0,control,0,0,1.0122921185827911,22.415039768618943,21.402747650036154,0.0,0.0
진천군,2021-01-01,4297.0,4970.0,4930.0,6580.0,20777.0,89.0,168.0,119.0,99.0,475.0,84.0,111.0,102.0,89.0,386.0,5.0,57.0,17.0,10.0,89.0,16.5,13823.0,83849.0,37174.0,2229.0,2050.0,179.0,4.854314162412199,2021,1,2021-01,0.0,0.0,,0.0,0.0,0.0,0.0,0.0,0,control,0,0,4.2835828079125955,22.86181835683689,18.57823554892429,0.0,0.0
진천군,2021-02-01,4315.0,4946.0,4974.0,6580.0,20815.0,115.0,125.0,125.0,107.0,472.0,113.0,98.0,83.0,82.0,376.0,2.0,27.0,42.0,25.0,96.0,16.5,13900.0,84116.0,37821.0,1734.0,1230.0,504.0,6.271600775520536,2021,2,2021-02,0.0,0.0,,0.0,0.0,0.0,0.0,0.0,0,control,0,0,4.612058611578189,22.67595484025943,18.06389622868124,0.0,0.0
진천군,2021-03-01,4269.0,4997.0,4956.0,6565.0,20787.0,94.0,183.0,114.0,92.0,483.0,109.0,140.0,103.0,84.0,436.0,-15.0,43.0,11.0,8.0,47.0,16.5,13917.0,84118.0,38050.0,1940.0,1603.0,337.0,7.086569852527291,2021,3,2021-03,0.0,0.0,,0.0,0.0,0.0,0.0,0.0,0,control,0,0,2.261028527445038,23.235676143743685,20.974647616298647,0.0,0.0
진천군,2021-04-01,4285.0,4988.0,5001.0,6535.0,20809.0,90.0,131.0,89.0,85.0,395.0,81.0,117.0,76.0,69.0,343.0,9.0,14.0,13.0,16.0,52.0,16.5,13971.0,84437.0,38345.0,1874.0,1509.0,365.0,7.442068984841277,2021,4,2021-04,0.0,0.0,,0.0,0.0,0.0,0.0,0.0,0,control,0,0,2.498918737084915,18.98217117593349,16.483252438848574,0.0,0.0
진천군,2021-05-01,4287.0,4984.0,5055.0,6473.0,20799.0,68.0,126.0,108.0,70.0,372.0,64.0,118.0,78.0,62.0,322.0,4.0,8.0,30.0,8.0,50.0,16.6,14025.0,84623.0,38547.0,1583.0,1389.0,194.0,8.08378196500672,2021,5,2021-05,0.0,0.0,,0.0,0.0,0.0,0.0,0.0,0,control,0,0,2.4039617289292754,17.885475263233808,15.481513534304534,0.0,0.0
진천군,2021-06-01,4265.0,5004.0,5089.0,6418.0,20776.0,66.0,117.0,98.0,65.0,346.0,85.0,94.0,66.0,70.0,315.0,-19.0,23.0,32.0,-5.0,31.0,16.6,14041.0,84746.0,38659.0,1451.0,1386.0,65.0,8.501262980634294,2021,6,2021-06,0.0,0.0,,0.0,0.0,0.0,0.0,0.0,0,control,0,0,1.4921062764728532,16.653831343858297,15.161725067385445,0.0,0.0
진천군,2021-07-01,4274.0,5004.0,5108.0,6382.0,20768.0,86.0,135.0,95.0,55.0,371.0,72.0,109.0,92.0,59.0,332.0,14.0,26.0,3.0,-4.0,39.0,16.6,14089.0,84845.0,38789.0,1731.0,1519.0,212.0,8.415786237352574,2021,7,2021-07,0.0,0.0,,0.0,0.0,0.0,0.0,0.0,0,control,0,0,1.8778890600924498,17.86402157164869,15.98613251155624,0.0,0.0
진천군,2021-08-01,4297.0,4994.0,5083.0,6362.0,20736.0,97.0,127.0,88.0,70.0,382.0,84.0,136.0,85.0,74.0,379.0,13.0,-9.0,3.0,-4.0,3.0,16.7,14188.0,84904.0,38876.0,1311.0,1247.0,64.0,5.546656530828331,2021,8,2021-08,0.0,0.0,,0.0,0.0,0.0,0.0,0.0,0,control,0,0,0.14467592592592593,18.422067901234566,18.277391975308642,0.0,0.0
진천군,2021-09-01,4254.0,4986.0,5113.0,6336.0,20689.0,82.0,168.0,109.0,81.0,440.0,132.0,155.0,83.0,66.0,436.0,-50.0,13.0,26.0,15.0,4.0,16.8,14251.0,84917.0,38952.0,1414.0,1267.0,147.0,5.65833016871915,2021,9,2021-09,0.0,0.0,,0.0,0.0,0.0,0.0,0.0,0,control,0,0,0.19333945574943207,21.26734013243753,21.074000676688094,0.0,0.0
진천군,2021-10-01,4254.0,5017.0,5100.0,6327.0,20698.0,65.0,116.0,82.0,80.0,343.0,48.0,89.0,82.0,76.0,295.0,17.0,27.0,0.0,4.0,48.0,16.8,14318.0,85051.0,38948.0,1331.0,1336.0,-5.0,5.25917517972001,2021,10,2021-10,0.0,0.0,,0.0,0.0,0.0,0.0,0.0,0,control,0,0,2.3190646439269496,16.571649434727995,14.252584790801043,0.0,0.0
진천군,2021-11-01,4226.0,5015.0,5104.0,6319.0,20664.0,64.0,109.0,81.0,69.0,323.0,86.0,92.0,83.0,58.0,319.0,-22.0,17.0,-2.0,11.0,4.0,16.9,14367.0,85104.0,38964.0,1404.0,1315.0,89.0,4.953535353535354,2021,11,2021-11,0.0,0.0,,0.0,0.0,0.0,0.0,0.0,0,control,0,0,0.19357336430507163,15.631049167634533,15.437475803329463,0.0,0.0
진천군,2021-12-01,4198.0,5025.0,5127.0,6271.0,20621.0,70.0,160.0,96.0,82.0,408.0,90.0,128.0,89.0,74.0,381.0,-20.0,32.0,7.0,8.0,27.0,16.9,14427.0,85176.0,38542.0,1289.0,1697.0,-408.0,4.617138514155417,2021,12,2021-12,0.0,0.0,,0.0,0.0,0.0,0.0,0.0,0,control,0,0,1.3093448426361476,19.785655399835118,18.47631055719897,0.0,0.0
진천군,2022-01-01,4204.0,5092.0,5161.0,6239.0,20696.0,90.0,171.0,95.0,78.0,434.0,67.0,93.0,61.0,56.0,277.0,23.0,78.0,34.0,22.0,157.0,17.0,14556.0,85458.0,38590.0,2453.0,2360.0,93.0,3.8091138968096017,2022,1,2022-01,0.0,0.0,,0.0,0.0,0.0,0.0,0.0,0,control,1,0,7.586006957866254,20.970235794356398,13.384228836490143,0.0,0.0
진천군,2022-02-01,4184.0,5088.0,5136.0,6217.0,20625.0,106.0,143.0,97.0,96.0,442.0,101.0,129.0,90.0,82.0,402.0,5.0,14.0,7.0,14.0,40.0,17.1,14643.0,85557.0,38999.0,1572.0,1166.0,406.0,3.11467174321145,2022,2,2022-02,0.0,0.0,,0.0,0.0,0.0,0.0,0.0,0,control,1,0,1.9393939393939394,21.43030303030303,19.490909090909092,0.0,0.0
진천군,2022-03-01,4158.0,5111.0,5160.0,6145.0,20574.0,96.0,141.0,88.0,61.0,386.0,118.0,110.0,91.0,70.0,389.0,-22.0,31.0,-3.0,-9.0,-3.0,17.2,14713.0,85596.0,38845.0,1928.0,1665.0,263.0,2.08935611038108,2022,3,2022-03,0.0,0.0,,0.0,0.0,0.0,0.0,0.0,0,control,1,0,-0.1458151064450277,18.7615436959269,18.907358802371927,0.0,0.0
진천군,2022-04-01,4159.0,5075.0,5168.0,6120.0,20522.0,73.0,111.0,85.0,61.0,330.0,59.0,112.0,95.0,76.0,342.0,14.0,-1.0,-10.0,-15.0,-12.0,17.2,14731.0,85625.0,38987.0,1593.0,1334.0,259.0,1.67427304733343,2022,4,2022-04,0.0,0.0,,0.0,0.0,0.0,0.0,0.0,0,control,1,0,-0.5847383295975052,16.08030406393139,16.665042393528896,0.0,0.0
진천군,2022-05-01,4124.0,5102.0,5184.0,6075.0,20485.0,58.0,141.0,97.0,60.0,356.0,73.0,106.0,88.0,54.0,321.0,-15.0,35.0,9.0,6.0,35.0,17.3,14788.0,85671.0,39164.0,1527.0,1387.0,140.0,1.6006433704309098,2022,5,2022-05,0.0,0.0,,0.0,0.0,0.0,0.0,0.0,0,control,1,0,1.7085672443251159,17.378569685135464,15.670002440810348,0.0,0.0
진천군,2022-06-01,4121.0,5111.0,5212.0,6066.0,20510.0,66.0,148.0,108.0,86.0,408.0,65.0,122.0,90.0,60.0,337.0,1.0,26.0,18.0,26.0,71.0,17.3,14841.0,85817.0,39205.0,1487.0,1502.0,-15.0,1.4123490002328154,2022,6,2022-06,0.0,0.0,,0.0,0.0,0.0,0.0,0.0,0,control,1,0,3.461725987323257,19.892735251097026,16.43100926377377,0.0,0.0
진천군,2022-07-01,4124.0,5127.0,5244.0,6030.0,20525.0,70.0,131.0,84.0,64.0,349.0,57.0,95.0,81.0,58.0,291.0,13.0,36.0,3.0,6.0,58.0,17.3,14878.0,85914.0,39274.0,1693.0,1693.0,0.0,1.250354481940752,2022,7,2022-07,0.0,0.0,,0.0,0.0,0.0,0.0,0.0,0,control,1,0,2.825822168087698,17.00365408038977,14.177831912302072,0.0,0.0
진천군,2022-08-01,4102.0,5095.0,5230.0,6010.0,20437.0,70.0,123.0,80.0,62.0,335.0,81.0,137.0,99.0,61.0,378.0,-11.0,-14.0,-19.0,1.0,-43.0,17.5,15002.0,85921.0,39364.0,1232.0,1250.0,-18.0,1.2552731762526914,2022,8,2022-08,0.0,0.0,,0.0,0.0,0.0,0.0,0.0,0,control,1,0,-2.104027009835103,16.39183833243627,18.49586534227137,0.0,0.0
진천군,2022-09-01,4059.0,5091.0,5282.0,5969.0,20401.0,61.0,121.0,104.0,50.0,336.0,65.0,105.0,84.0,50.0,304.0,-4.0,16.0,20.0,0.0,32.0,17.5,15058.0,85947.0,39430.0,1351.0,1151.0,200.0,1.2271513657835298,2022,9,2022-09,0.0,0.0,,0.0,0.0,0.0,0.0,0.0,0,control,1,0,1.5685505612469977,16.469780893093475,14.901230331846477,0.0,0.0
진천군,2022-10-01,4052.0,5080.0,5288.0,5938.0,20358.0,58.0,114.0,67.0,62.0,301.0,45.0,100.0,70.0,57.0,272.0,13.0,14.0,-3.0,5.0,29.0,17.6,15157.0,86082.0,39537.0,1326.0,1218.0,108.0,1.5122727739550257,2022,10,2022-10,0.0,0.0,,0.0,0.0,0.0,0.0,0.0,0,control,1,0,1.4245014245014245,14.785342371549268,13.360840947047844,0.0,0.0
진천군,2022-11-01,4067.0,5030.0,5304.0,5889.0,20290.0,62.0,112.0,86.0,62.0,322.0,43.0,125.0,87.0,60.0,315.0,19.0,-13.0,-1.0,2.0,7.0,17.7,15236.0,86120.0,40110.0,1940.0,1291.0,649.0,2.941176470588225,2022,11,2022-11,0.0,0.0,,0.0,0.0,0.0,0.0,0.0,0,control,1,0,0.34499753573188763,15.869886643666831,15.524889107934943,0.0,0.0
진천군,2022-12-01,4056.0,5038.0,5349.0,5826.0,20269.0,79.0,124.0,105.0,61.0,369.0,72.0,92.0,85.0,71.0,320.0,7.0,32.0,20.0,-10.0,49.0,17.7,15286.0,86147.0,40104.0,1397.0,1406.0,-9.0,4.052721706190643,2022,12,2022-12,0.0,0.0,,0.0,0.0,0.0,0.0,0.0,0,control,1,0,2.417484829049287,18.20514085549361,15.787656026444324,0.0,0.0
진천군,2023-01-01,4026.0,5009.0,5308.0,5792.0,20135.0,82.0,115.0,83.0,62.0,342.0,99.0,130.0,98.0,64.0,391.0,-17.0,-15.0,-15.0,-2.0,-49.0,17.8,15341.0,86076.0,39922.0,1921.0,2085.0,-164.0,3.4516714174656737,2023,1,2023-01,0.0,0.0,,0.0,0.0,0.0,0.0,0.0,0,control,1,0,-2.433573379687112,16.985348894959028,19.41892227464614,0.0,0.0
진천군,2023-02-01,3961.0,4974.0,5314.0,5729.0,19978.0,87.0,138.0,98.0,66.0,389.0,135.0,125.0,105.0,68.0,433.0,-48.0,13.0,-7.0,-2.0,-44.0,17.9,15399.0,85906.0,40710.0,2071.0,1230.0,841.0,4.387291981845687,2023,2,2023-02,0.0,0.0,,0.0,0.0,0.0,0.0,0.0,0,control,1,0,-2.2024226649314245,19.47141856041646,21.673841225347882,0.0,0.0
진천군,2023-03-01,3908.0,4967.0,5295.0,5714.0,19884.0,80.0,130.0,84.0,79.0,373.0,112.0,127.0,102.0,78.0,419.0,-32.0,3.0,-18.0,1.0,-46.0,18.0,15473.0,85842.0,41511.0,2524.0,1759.0,765.0,6.863174153687734,2023,3,2023-03,0.0,0.0,,0.0,0.0,0.0,0.0,0.0,0,control,1,0,-2.313417823375578,18.75880104606719,21.072218869442768,0.0,0.0
진천군,2023-04-01,3888.0,4962.0,5261.0,5699.0,19810.0,47.0,106.0,75.0,68.0,296.0,78.0,98.0,101.0,58.0,335.0,-31.0,8.0,-26.0,10.0,-39.0,18.1,15509.0,85802.0,41804.0,1630.0,1413.0,217.0,7.225485418216326,2023,4,2023-04,0.0,0.0,,0.0,0.0,0.0,0.0,0.0,0,control,1,0,-1.9687026754164563,14.941948510853104,16.91065118626956,0.0,0.0
진천군,2023-05-01,3849.0,4946.0,5289.0,5661.0,19745.0,48.0,118.0,98.0,62.0,326.0,82.0,103.0,81.0,61.0,327.0,-34.0,15.0,17.0,1.0,-1.0,18.1,15564.0,85847.0,42068.0,1527.0,1351.0,176.0,7.414972934327446,2023,5,2023-05,0.0,0.0,,0.0,0.0,0.0,0.0,0.0,0,control,1,0,-0.05064573309698658,16.510508989617623,16.561154722714612,0.0,0.0
진천군,2023-06-01,3837.0,4940.0,5299.0,5646.0,19722.0,56.0,124.0,81.0,65.0,326.0,63.0,112.0,76.0,47.0,298.0,-7.0,12.0,5.0,18.0,28.0,18.2,15587.0,85876.0,42289.0,1510.0,1277.0,233.0,7.866343578625168,2023,6,2023-06,0.0,0.0,,0.0,0.0,0.0,0.0,0.0,0,control,1,0,1.4197343068654296,16.5297637156475,15.11002940878207,0.0,0.0
진천군,2023-07-01,3822.0,4884.0,5325.0,5603.0,19634.0,46.0,84.0,74.0,51.0,255.0,71.0,99.0,77.0,61.0,308.0,-25.0,-15.0,-3.0,-10.0,-53.0,18.2,15618.0,85803.0,42306.0,1610.0,1518.0,92.0,7.720120181290424,2023,7,2023-07,0.0,0.0,,0.0,0.0,0.0,0.0,0.0,0,control,1,0,-2.69939900173169,12.98767444229398,15.68707344402567,0.0,0.0
진천군,2023-08-01,3789.0,4872.0,5330.0,5551.0,19542.0,59.0,124.0,104.0,53.0,340.0,90.0,116.0,110.0,72.0,388.0,-31.0,8.0,-6.0,-19.0,-48.0,18.3,15659.0,85754.0,42457.0,1328.0,1276.0,52.0,7.857433187684171,2023,8,2023-08,0.0,0.0,,0.0,0.0,0.0,0.0,0.0,0,control,1,0,-2.4562480810561866,17.398423907481323,19.854671988537508,0.0,0.0
진천군,2023-09-01,3769.0,4843.0,5347.0,5530.0,19489.0,54.0,71.0,84.0,46.0,255.0,55.0,88.0,70.0,48.0,261.0,-1.0,-17.0,14.0,-2.0,-6.0,18.3,15710.0,85758.0,42480.0,1373.0,1325.0,48.0,7.735226984529553,2023,9,2023-09,0.0,0.0,,0.0,0.0,0.0,0.0,0.0,0,control,1,0,-0.3078659756785879,13.084303966339986,13.392169942018574,0.0,0.0
진천군,2023-10-01,3752.0,4837.0,5354.0,5521.0,19464.0,52.0,105.0,72.0,64.0,293.0,59.0,89.0,67.0,64.0,279.0,-7.0,16.0,5.0,0.0,14.0,18.4,15775.0,85751.0,42519.0,1133.0,1105.0,28.0,7.542302147355651,2023,10,2023-10,0.0,0.0,,0.0,0.0,0.0,0.0,0.0,0,control,1,0,0.7192766132346897,15.053431976983148,14.334155363748458,0.0,0.0
진천군,2023-11-01,3747.0,4843.0,5360.0,5526.0,19476.0,49.0,119.0,95.0,59.0,322.0,47.0,97.0,75.0,51.0,270.0,2.0,22.0,20.0,8.0,52.0,18.5,15862.0,85902.0,42576.0,1411.0,1406.0,5.0,6.148092744951383,2023,11,2023-11,0.0,0.0,,0.0,0.0,0.0,0.0,0.0,0,control,1,0,2.669952762374204,16.533169028547956,13.863216266173753,0.0,0.0
진천군,2023-12-01,3776.0,4865.0,5377.0,5523.0,19541.0,115.0,157.0,103.0,75.0,450.0,62.0,118.0,88.0,61.0,329.0,53.0,39.0,15.0,14.0,121.0,18.5,15933.0,86254.0,42368.0,1199.0,1445.0,-246.0,5.645322162377808,2023,12,2023-12,0.0,0.0,,0.0,0.0,0.0,0.0,0.0,0,control,1,0,6.192108899237501,23.028504170717977,16.836395271480477,0.0,0.0
진천군,2024-01-01,3767.0,4826.0,5348.0,5489.0,19430.0,83.0,138.0,92.0,81.0,394.0,105.0,151.0,103.0,88.0,447.0,-22.0,-13.0,-11.0,-7.0,-53.0,18.6,16014.0,86065.0,42573.0,2191.0,2365.0,-174.0,6.640448875306859,2024,1,2024-01,0.0,0.0,,0.0,0.0,0.0,0.0,0.0,0,control,1,0,-2.727740607308286,20.277920741121978,23.005661348430262,0.0,0.0
진천군,2024-02-01,3706.0,4810.0,5335.0,5457.0,19308.0,83.0,130.0,99.0,71.0,383.0,137.0,123.0,105.0,58.0,423.0,-54.0,7.0,-6.0,13.0,-40.0,18.7,16066.0,85958.0,43198.0,1774.0,1115.0,659.0,6.111520510930979,2024,2,2024-02,0.0,0.0,,0.0,0.0,0.0,0.0,0.0,0,control,1,0,-2.0716801325875287,19.836337269525586,21.908017402113114,0.0,0.0
진천군,2024-03-01,3676.0,4789.0,5427.0,5490.0,19382.0,98.0,154.0,195.0,138.0,585.0,127.0,150.0,109.0,83.0,469.0,-29.0,4.0,86.0,55.0,116.0,18.7,16139.0,86370.0,43124.0,1652.0,1625.0,27.0,3.8857170388571616,2024,3,2024-03,0.0,0.0,,0.0,0.0,0.0,0.0,0.0,0,control,1,0,5.984934475286348,30.18264369002167,24.197709214735323,0.0,0.0
진천군,2024-04-01,3645.0,4790.0,5491.0,5522.0,19448.0,64.0,136.0,167.0,105.0,472.0,85.0,111.0,129.0,66.0,391.0,-21.0,25.0,38.0,39.0,81.0,18.7,16221.0,86626.0,43307.0,1535.0,1331.0,204.0,3.5953497272988244,2024,4,2024-04,0.0,0.0,,0.0,0.0,0.0,0.0,0.0,0,control,1,0,4.164952694364459,24.269847799259566,20.104895104895103,0.0,0.0
진천군,2024-05-01,3616.0,4778.0,5526.0,5540.0,19460.0,60.0,127.0,112.0,92.0,391.0,66.0,123.0,91.0,65.0,345.0,-6.0,4.0,21.0,27.0,46.0,18.8,16308.0,86741.0,43271.0,1402.0,1396.0,6.0,2.8596557953789015,2024,5,2024-05,0.0,0.0,,0.0,0.0,0.0,0.0,0.0,0,control,1,0,2.36382322713258,20.092497430626928,17.728674203494347,0.0,0.0
진천군,2024-06-01,3612.0,4742.0,5541.0,5512.0,19407.0,43.0,88.0,91.0,60.0,282.0,52.0,89.0,102.0,56.0,299.0,-9.0,-1.0,-11.0,4.0,-17.0,18.9,16355.0,86751.0,43335.0,1198.0,1113.0,85.0,2.473456454397116,2024,6,2024-06,0.0,0.0,,0.0,0.0,0.0,0.0,0.0,0,control,1,0,-0.8759725872108002,14.530839387849745,15.406811975060545,0.0,0.0
진천군,2024-07-01,3583.0,4699.0,5577.0,5505.0,19364.0,47.0,109.0,90.0,72.0,318.0,71.0,112.0,84.0,57.0,324.0,-24.0,-3.0,6.0,15.0,-6.0,18.9,16405.0,86769.0,43328.0,1388.0,1409.0,-21.0,2.4157329929560767,2024,7,2024-07,0.0,0.0,,0.0,0.0,0.0,0.0,0.0,0,control,1,0,-0.3098533360875852,16.422226812642016,16.7320801487296,0.0,0.0
진천군,2024-08-01,3553.0,4657.0,5580.0,5504.0,19294.0,34.0,102.0,86.0,59.0,281.0,65.0,105.0,99.0,56.0,325.0,-31.0,-3.0,-13.0,3.0,-44.0,19.0,16484.0,86746.0,43334.0,1190.0,1174.0,16.0,2.065619332501112,2024,8,2024-08,0.0,0.0,,0.0,0.0,0.0,0.0,0.0,0,control,1,0,-2.280501710376283,14.564113195812169,16.844614906188454,0.0,0.0
진천군,2024-09-01,3537.0,4627.0,5564.0,5516.0,19244.0,35.0,91.0,79.0,55.0,260.0,56.0,106.0,83.0,38.0,283.0,-21.0,-15.0,-4.0,17.0,-23.0,19.1,16545.0,86742.0,43352.0,1166.0,1062.0,104.0,2.0527306967984993,2024,9,2024-09,0.0,0.0,,0.0,0.0,0.0,0.0,0.0,0,control,1,0,-1.1951777177302016,13.510704635210974,14.705882352941176,0.0,0.0
진천군,2024-10-01,3546.0,4615.0,5528.0,5501.0,19190.0,50.0,83.0,74.0,54.0,261.0,40.0,84.0,89.0,56.0,269.0,10.0,-1.0,-15.0,-2.0,-8.0,19.2,16602.0,86685.0,43530.0,1589.0,1293.0,296.0,2.377760530586337,2024,10,2024-10,0.0,0.0,,0.0,0.0,0.0,0.0,0.0,0,control,1,0,-0.41688379364252215,13.600833767587286,14.017717561229807,0.0,0.0
진천군,2024-11-01,3544.0,4553.0,5493.0,5475.0,19065.0,51.0,84.0,72.0,59.0,266.0,59.0,110.0,115.0,67.0,351.0,-8.0,-26.0,-43.0,-8.0,-85.0,19.3,16684.0,86534.0,43761.0,1580.0,1240.0,340.0,2.78325817361893,2024,11,2024-11,0.0,0.0,,0.0,0.0,0.0,0.0,0.0,0,control,1,0,-4.458431681091004,13.952268554943615,18.410700236034618,0.0,0.0
진천군,2024-12-01,3541.0,4521.0,5474.0,5498.0,19034.0,68.0,110.0,97.0,67.0,342.0,66.0,110.0,111.0,60.0,347.0,2.0,0.0,-14.0,7.0,-5.0,19.4,16767.0,86537.0,43333.0,1114.0,1597.0,-483.0,2.2776623867069468,2024,12,2024-12,0.0,0.0,,0.0,0.0,0.0,0.0,0.0,0,control,1,0,-0.2626878217925817,17.967847010612587,18.23053483240517,0.0,0.0
청주시,2017-01-01,61906.0,55091.0,60371.0,66573.0,243941.0,1044.0,1241.0,1074.0,896.0,4255.0,961.0,1224.0,1095.0,857.0,4137.0,83.0,17.0,-21.0,39.0,118.0,11.0,92154.0,835802.0,163890.0,8742.0,9661.0,-919.0,,2017,1,2017-01,0.0,0.0,,0.0,0.0,0.0,0.0,0.0,0,control,0,0,0.4837235233109645,17.442742302441985,16.959018779131018,0.0,0.0
청주시,2017-02-01,61820.0,55169.0,60086.0,66911.0,243986.0,1372.0,1577.0,1379.0,1133.0,5461.0,1222.0,1450.0,1295.0,1154.0,5121.0,150.0,127.0,84.0,-21.0,340.0,11.1,92648.0,836310.0,165205.0,7890.0,6390.0,1500.0,,2017,2,2017-02,0.0,0.0,,0.0,0.0,0.0,0.0,0.0,0,control,0,0,1.3935225791643784,22.382431778872558,20.98890919970818,0.0,0.0
청주시,2017-03-01,61939.0,55353.0,59732.0,67000.0,244024.0,1109.0,1505.0,1363.0,1030.0,5007.0,1114.0,1557.0,1318.0,1019.0,5008.0,-5.0,-52.0,45.0,11.0,-1.0,11.1,93211.0,836287.0,165830.0,11044.0,10054.0,990.0,,2017,3,2017-03,0.0,0.0,,0.0,0.0,0.0,0.0,0.0,0,control,0,0,-0.004097957577943153,20.518473592761367,20.52257155033931,0.0,0.0
청주시,2017-04-01,61933.0,55599.0,59334.0,67195.0,244061.0,735.0,1071.0,970.0,710.0,3486.0,765.0,1067.0,1004.0,720.0,3556.0,-30.0,4.0,-34.0,-10.0,-70.0,11.2,93620.0,836298.0,167412.0,8848.0,6894.0,1954.0,,2017,4,2017-04,0.0,0.0,,0.0,0.0,0.0,0.0,0.0,0,control,0,0,-0.2868135425160103,14.283314417297316,14.570127959813325,0.0,0.0
청주시,2017-05-01,61939.0,55787.0,59119.0,67312.0,244157.0,824.0,1167.0,1078.0,817.0,3886.0,808.0,1104.0,1097.0,856.0,3865.0,16.0,63.0,-19.0,-39.0,21.0,11.3,94292.0,836280.0,168224.0,6752.0,6007.0,745.0,,2017,5,2017-05,0.0,0.0,,0.0,0.0,0.0,0.0,0.0,0,control,0,0,0.0860102311217782,15.915988482820481,15.829978251698702,0.0,0.0
청주시,2017-06-01,61910.0,55845.0,58833.0,67405.0,243993.0,755.0,1044.0,931.0,662.0,3392.0,745.0,1094.0,958.0,779.0,3576.0,10.0,-50.0,-27.0,-117.0,-184.0,11.3,94608.0,836025.0,168632.0,7233.0,6402.0,831.0,,2017,6,2017-06,0.0,0.0,,0.0,0.0,0.0,0.0,0.0,0,control,0,0,-0.7541199952457652,13.90203817322628,14.656158168472047,0.0,0.0
청주시,2017-07-01,61873.0,55888.0,58469.0,67515.0,243745.0,750.0,974.0,879.0,711.0,3314.0,762.0,1045.0,965.0,753.0,3525.0,-12.0,-71.0,-86.0,-42.0,-211.0,11.4,94985.0,835925.0,169120.0,8235.0,7775.0,460.0,,2017,7,2017-07,0.0,0.0,,0.0,0.0,0.0,0.0,0.0,0,control,0,0,-0.8656587827442614,13.59617633182219,14.461835114566453,0.0,0.0
청주시,2017-08-01,61778.0,56006.0,58126.0,67623.0,243533.0,870.0,1147.0,941.0,779.0,3737.0,924.0,1166.0,1010.0,815.0,3915.0,-54.0,-19.0,-69.0,-36.0,-178.0,11.4,95349.0,835794.0,169167.0,7171.0,7202.0,-31.0,,2017,8,2017-08,0.0,0.0,,0.0,0.0,0.0,0.0,0.0,0,control,0,0,-0.7309071049919312,15.34494298513959,16.07585009013152,0.0,0.0
청주시,2017-09-01,61724.0,56084.0,57801.0,67674.0,243283.0,706.0,979.0,917.0,804.0,3406.0,720.0,1056.0,1031.0,837.0,3644.0,-14.0,-77.0,-114.0,-33.0,-238.0,11.4,95635.0,835658.0,170199.0,8737.0,7556.0,1181.0,,2017,9,2017-09,0.0,0.0,,0.0,0.0,0.0,0.0,0.0,0,control,0,0,-0.9782845492697805,14.00015619669274,14.978440745962521,0.0,0.0
청주시,2017-10-01,61661.0,56223.0,57521.0,67594.0,242999.0,571.0,848.0,846.0,688.0,2953.0,607.0,840.0,865.0,696.0,3008.0,-36.0,8.0,-19.0,-8.0,-55.0,11.5,96011.0,835770.0,170589.0,6203.0,5587.0,616.0,,2017,10,2017-10,0.0,0.0,,0.0,0.0,0.0,0.0,0.0,0,control,0,0,-0.2263383799933333,12.152313384005696,12.378651763999029,0.0,0.0
청주시,2017-11-01,61656.0,56319.0,57251.0,67452.0,242678.0,792.0,1044.0,938.0,774.0,3548.0,770.0,1099.0,989.0,858.0,3716.0,22.0,-55.0,-51.0,-84.0,-168.0,11.5,96209.0,835669.0,171708.0,7692.0,6545.0,1147.0,,2017,11,2017-11,0.0,0.0,,0.0,0.0,0.0,0.0,0.0,0,control,0,0,-0.6922753607661181,14.620196309513018,15.312471670279136,0.0,0.0
청주시,2017-12-01,61514.0,56505.0,56895.0,67136.0,242050.0,918.0,1211.0,984.0,871.0,3984.0,917.0,1278.0,1048.0,910.0,4153.0,1.0,-67.0,-64.0,-39.0,-169.0,11.5,96483.0,835590.0,170983.0,6472.0,7209.0,-737.0,,2017,12,2017-12,0.0,0.0,,0.0,0.0,0.0,0.0,0.0,0,control,0,0,-0.698202850650692,16.459409212972528,17.15761206362322,0.0,0.0
청주시,2018-01-01,61346.0,56358.0,56730.0,67260.0,241694.0,1060.0,1386.0,1008.0,877.0,4331.0,1085.0,1447.0,1039.0,922.0,4493.0,-25.0,-61.0,-31.0,-45.0,-162.0,11.6,96860.0,835412.0,169996.0,9616.0,10734.0,-1118.0,3.7256696564769154,2018,1,2018-01,0.0,0.0,,0.0,0.0,0.0,0.0,0.0,0,control,0,0,-0.6702690178490157,17.919352569778315,18.58962158762733,0.0,0.0
청주시,2018-02-01,61121.0,56357.0,56367.0,67435.0,241280.0,1128.0,1309.0,984.0,909.0,4330.0,1117.0,1266.0,1087.0,967.0,4437.0,11.0,43.0,-103.0,-58.0,-107.0,11.6,97106.0,835071.0,171925.0,8764.0,6936.0,1828.0,4.067673496564872,2018,2,2018-02,0.0,0.0,,0.0,0.0,0.0,0.0,0.0,0,control,0,0,-0.44346816976127323,17.945954907161802,18.389423076923077,0.0,0.0
청주시,2018-03-01,61182.0,56672.0,56134.0,67472.0,241460.0,1268.0,1559.0,1346.0,1256.0,5429.0,1183.0,1516.0,1308.0,1226.0,5233.0,85.0,43.0,38.0,30.0,196.0,11.7,97620.0,835431.0,172427.0,11048.0,10247.0,801.0,3.978170415485738,2018,3,2018-03,0.0,0.0,,0.0,0.0,0.0,0.0,0.0,0,control,0,0,0.8117286507081918,22.484055330075375,21.672326679367185,0.0,0.0
청주시,2018-04-01,61065.0,57037.0,55959.0,67368.0,241429.0,924.0,1235.0,1069.0,949.0,4177.0,922.0,1239.0,1056.0,1006.0,4223.0,2.0,-4.0,13.0,-57.0,-46.0,11.7,97965.0,835293.0,173946.0,9495.0,7700.0,1795.0,3.902946025374532,2018,4,2018-04,0.0,0.0,,0.0,0.0,0.0,0.0,0.0,0,control,0,0,-0.19053220615584707,17.30115271984724,17.49168492600309,0.0,0.0
청주시,2018-05-01,60922.0,57215.0,55740.0,67512.0,241389.0,817.0,1201.0,983.0,803.0,3804.0,809.0,1236.0,1013.0,817.0,3875.0,8.0,-35.0,-30.0,-14.0,-71.0,11.8,98402.0,835425.0,174611.0,7617.0,6821.0,796.0,3.7967234163971852,2018,5,2018-05,0.0,0.0,,0.0,0.0,0.0,0.0,0.0,0,control,0,0,-0.29413104988214045,15.75879596833327,16.05292701821541,0.0,0.0
청주시,2018-06-01,60812.0,57432.0,55534.0,67638.0,241416.0,751.0,1075.0,872.0,640.0,3338.0,800.0,1065.0,886.0,671.0,3422.0,-49.0,10.0,-14.0,-31.0,-84.0,11.8,98776.0,835373.0,175015.0,7660.0,7244.0,416.0,3.7851653304236343,2018,6,2018-06,0.0,0.0,,0.0,0.0,0.0,0.0,0.0,0,control,0,0,-0.34794711203897005,13.826755476024788,14.174702588063758,0.0,0.0
청주시,2018-07-01,60717.0,57716.0,55380.0,67707.0,241520.0,868.0,1217.0,924.0,753.0,3762.0,823.0,1144.0,938.0,766.0,3671.0,45.0,73.0,-14.0,-13.0,91.0,11.9,99034.0,835575.0,175498.0,9241.0,8599.0,642.0,3.7712866603595074,2018,7,2018-07,0.0,0.0,,0.0,0.0,0.0,0.0,0.0,0,control,0,0,0.3767803908579,15.57634978469692,15.19956939383902,0.0,0.0
청주시,2018-08-01,60645.0,57811.0,55251.0,67795.0,241502.0,959.0,1296.0,1005.0,906.0,4166.0,922.0,1307.0,1026.0,870.0,4125.0,37.0,-11.0,-21.0,36.0,41.0,11.9,99390.0,835701.0,175949.0,7645.0,7447.0,198.0,4.009056139790856,2018,8,2018-08,0.0,0.0,,0.0,0.0,0.0,0.0,0.0,0,control,0,0,0.16977085075899992,17.250374738097406,17.080603887338405,0.0,0.0
청주시,2018-09-01,60591.0,58060.0,55234.0,67879.0,241764.0,742.0,1137.0,1074.0,946.0,3899.0,713.0,1014.0,1047.0,909.0,3683.0,29.0,123.0,27.0,37.0,216.0,11.9,99813.0,836367.0,177928.0,9745.0,7660.0,2085.0,4.541154765891697,2018,9,2018-09,0.0,0.0,,0.0,0.0,0.0,0.0,0.0,0,control,0,0,0.8934332654985854,16.127297695273075,15.23386442977449,0.0,0.0
청주시,2018-10-01,60581.0,58286.0,55287.0,67927.0,242081.0,1188.0,1727.0,1736.0,1582.0,6233.0,1137.0,1595.0,1613.0,1514.0,5859.0,51.0,132.0,123.0,68.0,374.0,12.0,100153.0,837195.0,178643.0,7560.0,6490.0,1070.0,4.721289180427801,2018,10,2018-10,0.0,0.0,,0.0,0.0,0.0,0.0,0.0,0,control,0,0,1.5449374382954466,25.74758035533561,24.202642917040166,0.0,0.0
청주시,2018-11-01,60445.0,58361.0,55160.0,67978.0,241944.0,1003.0,1415.0,1227.0,1209.0,4854.0,1007.0,1427.0,1212.0,1120.0,4766.0,-4.0,-12.0,15.0,89.0,88.0,12.0,100502.0,837606.0,179596.0,7999.0,6960.0,1039.0,4.593845365387761,2018,11,2018-11,0.0,0.0,,0.0,0.0,0.0,0.0,0.0,0,control,0,0,0.36372053037066426,20.06249380021823,19.698773269847567,0.0,0.0
청주시,2018-12-01,60371.0,58560.0,55079.0,67817.0,241827.0,1157.0,1606.0,1451.0,1271.0,5485.0,1151.0,1581.0,1406.0,1273.0,5411.0,6.0,25.0,45.0,-2.0,74.0,12.0,100841.0,837749.0,179617.0,7167.0,7281.0,-114.0,5.049624816502218,2018,12,2018-12,0.0,0.0,,0.0,0.0,0.0,0.0,0.0,0,control,0,0,0.3060038788059232,22.681503719601203,22.37549984079528,0.0,0.0
청주시,2019-01-01,60286.0,58732.0,55041.0,67763.0,241822.0,1399.0,1797.0,1384.0,1243.0,5823.0,1260.0,1712.0,1256.0,1220.0,5448.0,139.0,85.0,128.0,23.0,375.0,12.1,101307.0,838651.0,178552.0,10978.0,11970.0,-992.0,5.03305960140239,2019,1,2019-01,0.0,0.0,,0.0,0.0,0.0,0.0,0.0,0,control,0,0,1.5507273945298607,24.079694982259678,22.528967587729817,0.0,0.0
청주시,2019-02-01,60057.0,58810.0,54858.0,67716.0,241441.0,1322.0,1671.0,1312.0,1142.0,5447.0,1306.0,1588.0,1294.0,1159.0,5347.0,16.0,83.0,18.0,-17.0,100.0,12.1,101814.0,838855.0,179815.0,8738.0,7265.0,1473.0,4.589210411516653,2019,2,2019-02,0.0,0.0,,0.0,0.0,0.0,0.0,0.0,0,control,0,0,0.41417986174676213,22.560377069346135,22.14619720759937,0.0,0.0
청주시,2019-03-01,59922.0,59110.0,54598.0,67666.0,241296.0,1123.0,1411.0,1106.0,952.0,4592.0,1153.0,1443.0,1131.0,914.0,4641.0,-30.0,-32.0,-25.0,38.0,-49.0,12.2,102389.0,838826.0,180728.0,11325.0,10290.0,1035.0,4.814211231419674,2019,3,2019-03,0.0,0.0,,0.0,0.0,0.0,0.0,0.0,0,control,0,0,-0.2030700881904383,19.03056826470393,19.23363835289437,0.0,0.0
청주시,2019-04-01,59763.0,59392.0,54466.0,67511.0,241132.0,895.0,1156.0,960.0,853.0,3864.0,852.0,1202.0,1008.0,853.0,3915.0,43.0,-46.0,-48.0,0.0,-51.0,12.3,102842.0,838887.0,183096.0,10194.0,7703.0,2491.0,5.260253182022012,2019,4,2019-04,0.0,0.0,,0.0,0.0,0.0,0.0,0.0,0,control,0,0,-0.2115024136157789,16.02441816100725,16.235920574623027,0.0,0.0
청주시,2019-05-01,59566.0,59696.0,54427.0,67429.0,241118.0,901.0,1306.0,1033.0,903.0,4143.0,881.0,1292.0,1015.0,881.0,4069.0,20.0,14.0,18.0,22.0,74.0,12.3,103395.0,839106.0,183721.0,8231.0,7573.0,658.0,5.217311624124488,2019,5,2019-05,0.0,0.0,,0.0,0.0,0.0,0.0,0.0,0,control,0,0,0.3069036737199214,17.182458381373436,16.875554707653514,0.0,0.0
청주시,2019-06-01,59412.0,59891.0,54334.0,67232.0,240869.0,744.0,1049.0,814.0,677.0,3284.0,774.0,1067.0,824.0,720.0,3385.0,-30.0,-18.0,-10.0,-43.0,-101.0,12.4,103883.0,839080.0,184260.0,7682.0,6929.0,753.0,5.28240436534011,2019,6,2019-06,0.0,0.0,,0.0,0.0,0.0,0.0,0.0,0,control,0,0,-0.4193150633746974,13.633967011113924,14.053282074488623,0.0,0.0
청주시,2019-07-01,59182.0,60063.0,54329.0,66997.0,240571.0,806.0,1189.0,852.0,736.0,3583.0,838.0,1223.0,863.0,739.0,3663.0,-32.0,-34.0,-11.0,-3.0,-80.0,12.4,104264.0,839037.0,184570.0,8893.0,8596.0,297.0,5.169289678514866,2019,7,2019-07,0.0,0.0,,0.0,0.0,0.0,0.0,0.0,0,control,0,0,-0.33254216011073656,14.893731995959612,15.22627415607035,0.0,0.0
청주시,2019-08-01,59085.0,60190.0,54374.0,66789.0,240438.0,935.0,1350.0,1183.0,1055.0,4523.0,956.0,1346.0,1127.0,1029.0,4458.0,-21.0,4.0,56.0,26.0,65.0,12.5,104768.0,839347.0,185013.0,7841.0,7352.0,489.0,5.1514927621072015,2019,8,2019-08,0.0,0.0,,0.0,0.0,0.0,0.0,0.0,0,control,0,0,0.27033996290103895,18.811502341559986,18.541162378658946,0.0,0.0
청주시,2019-09-01,58878.0,60228.0,54317.0,66673.0,240096.0,802.0,1176.0,875.0,817.0,3670.0,827.0,1239.0,924.0,768.0,3758.0,-25.0,-63.0,-49.0,49.0,-88.0,12.5,105192.0,839428.0,185975.0,8262.0,7215.0,1047.0,4.5226158895733,2019,9,2019-09,0.0,0.0,,0.0,0.0,0.0,0.0,0.0,0,control,0,0,-0.36652005864320936,15.285552445688392,15.652072504331601,0.0,0.0
청주시,2019-10-01,58768.0,60413.0,54244.0,66503.0,239928.0,955.0,1425.0,1243.0,1061.0,4684.0,979.0,1357.0,1266.0,1044.0,4646.0,-24.0,68.0,-23.0,17.0,38.0,12.6,105585.0,839638.0,186871.0,8135.0,7110.0,1025.0,4.605833981740126,2019,10,2019-10,0.0,0.0,,0.0,0.0,0.0,0.0,0.0,0,control,0,0,0.15838084758760962,19.522523423693773,19.364142576106165,0.0,0.0
청주시,2019-11-01,58549.0,60505.0,54293.0,66281.0,239628.0,824.0,1289.0,1073.0,903.0,4089.0,912.0,1307.0,1067.0,831.0,4117.0,-88.0,-18.0,6.0,72.0,-28.0,12.6,105940.0,839615.0,187337.0,7698.0,7069.0,629.0,4.310229626495032,2019,11,2019-11,0.0,0.0,,0.0,0.0,0.0,0.0,0.0,0,control,0,0,-0.1168477807267932,17.063949121137764,17.180796901864557,0.0,0.0
청주시,2019-12-01,58391.0,60547.0,54327.0,66018.0,239283.0,1044.0,1461.0,1094.0,1021.0,4620.0,1094.0,1506.0,1079.0,953.0,4632.0,-50.0,-45.0,15.0,68.0,-12.0,12.7,106373.0,839566.0,187095.0,6819.0,6950.0,-131.0,4.1633030281098105,2019,12,2019-12,0.0,0.0,,0.0,0.0,0.0,0.0,0.0,0,control,0,0,-0.05014982259500257,19.30768169907599,19.35783152167099,0.0,0.0
청주시,2020-01-01,58378.0,60686.0,54101.0,65895.0,239060.0,1341.0,1702.0,1261.0,1232.0,5536.0,1246.0,1639.0,1268.0,1206.0,5359.0,95.0,63.0,-7.0,26.0,177.0,12.7,107079.0,840047.0,185481.0,10413.0,12001.0,-1588.0,3.880662216049102,2020,1,2020-01,0.0,0.0,,0.0,0.0,0.0,0.0,0.0,0,control,0,0,0.7403998996067933,23.157366351543544,22.41696645193675,0.0,0.0
청주시,2020-02-01,58111.0,60539.0,54138.0,65674.0,238462.0,1401.0,1743.0,1309.0,1289.0,5742.0,1427.0,1710.0,1314.0,1269.0,5720.0,-26.0,33.0,-5.0,20.0,22.0,12.8,107700.0,840272.0,187737.0,9495.0,7618.0,1877.0,4.405639129104921,2020,2,2020-02,0.0,0.0,,0.0,0.0,0.0,0.0,0.0,0,control,0,0,0.0922578859524788,24.07930823359697,23.987050347644487,0.0,0.0
청주시,2020-03-01,57952.0,60980.0,54193.0,65397.0,238522.0,1437.0,1980.0,1675.0,1355.0,6447.0,1451.0,1891.0,1567.0,1349.0,6258.0,-14.0,89.0,108.0,6.0,189.0,12.9,108801.0,840756.0,187905.0,11481.0,11318.0,163.0,3.9711610818467635,2020,3,2020-03,0.0,0.0,,0.0,0.0,0.0,0.0,0.0,0,control,0,0,0.7923797385566111,27.028953304097737,26.236573565541125,0.0,0.0
청주시,2020-04-01,57920.0,61102.0,54288.0,65204.0,238514.0,1053.0,1471.0,1174.0,962.0,4660.0,1078.0,1485.0,1131.0,962.0,4656.0,-25.0,-14.0,43.0,0.0,4.0,13.0,109343.0,840938.0,188042.0,7848.0,7639.0,209.0,2.7013151570760785,2020,4,2020-04,0.0,0.0,,0.0,0.0,0.0,0.0,0.0,0,control,0,0,0.016770504037498846,19.537637203686156,19.520866699648657,0.0,0.0
청주시,2020-05-01,57891.0,61432.0,54338.0,65031.0,238692.0,1085.0,1646.0,1160.0,969.0,4860.0,1040.0,1469.0,1127.0,892.0,4528.0,45.0,177.0,33.0,77.0,332.0,13.1,109821.0,841540.0,189331.0,7117.0,5755.0,1362.0,3.0535431442241245,2020,5,2020-05,0.0,0.0,,0.0,0.0,0.0,0.0,0.0,0,control,0,0,1.390913813617549,20.360967271630386,18.97005345801284,0.0,0.0
청주시,2020-06-01,57890.0,61727.0,54517.0,64918.0,239052.0,1269.0,1963.0,1460.0,1229.0,5921.0,1205.0,1779.0,1306.0,1094.0,5384.0,64.0,184.0,154.0,135.0,537.0,13.1,110200.0,842821.0,190873.0,8290.0,6663.0,1627.0,3.5889503961793023,2020,6,2020-06,0.0,0.0,,0.0,0.0,0.0,0.0,0.0,0,control,0,0,2.2463731740374477,24.768669578167092,22.522296404129644,0.0,0.0
청주시,2020-07-01,57745.0,61876.0,54645.0,64741.0,239007.0,1011.0,1576.0,1126.0,953.0,4666.0,1029.0,1520.0,1045.0,869.0,4463.0,-18.0,56.0,81.0,84.0,203.0,13.1,110651.0,843399.0,189507.0,8403.0,9722.0,-1319.0,2.6748659045348733,2020,7,2020-07,0.0,0.0,,0.0,0.0,0.0,0.0,0.0,0,control,0,0,0.8493475086503742,19.522440765333233,18.673093256682858,0.0,0.0
청주시,2020-08-01,57592.0,61997.0,54637.0,64487.0,238713.0,1021.0,1428.0,1045.0,816.0,4310.0,1002.0,1423.0,1032.0,814.0,4271.0,19.0,5.0,13.0,2.0,39.0,13.2,111186.0,843782.0,190488.0,7650.0,6618.0,1032.0,2.959251512055916,2020,8,2020-08,0.0,0.0,,0.0,0.0,0.0,0.0,0.0,0,control,0,0,0.16337610435962852,18.055154097179457,17.89177799281983,0.0,0.0
청주시,2020-09-01,57368.0,62187.0,54632.0,64282.0,238469.0,974.0,1461.0,1120.0,887.0,4442.0,998.0,1475.0,1118.0,876.0,4467.0,-24.0,-14.0,2.0,11.0,-25.0,13.2,111730.0,844110.0,193037.0,10292.0,7722.0,2570.0,3.797284581260918,2020,9,2020-09,0.0,0.0,,0.0,0.0,0.0,0.0,0.0,0,control,0,0,-0.10483542934301733,18.62715908566732,18.731994515010335,0.0,0.0
청주시,2020-10-01,57233.0,62439.0,54514.0,64056.0,238242.0,939.0,1581.0,1214.0,1093.0,4827.0,943.0,1524.0,1190.0,1058.0,4715.0,-4.0,57.0,24.0,35.0,112.0,13.3,112275.0,844486.0,195195.0,8917.0,6486.0,2431.0,4.454409726495823,2020,10,2020-10,0.0,0.0,,0.0,0.0,0.0,0.0,0.0,0,control,0,0,0.4701102240578907,20.26091117435213,19.790800950294237,0.0,0.0
청주시,2020-11-01,57104.0,62755.0,54552.0,63879.0,238290.0,1067.0,1603.0,1244.0,950.0,4864.0,1030.0,1505.0,1144.0,972.0,4651.0,37.0,98.0,100.0,-22.0,213.0,13.3,112718.0,844815.0,195994.0,7698.0,6810.0,888.0,4.621083928962255,2020,11,2020-11,0.0,0.0,,0.0,0.0,0.0,0.0,0.0,0,control,0,0,0.8938688153090771,20.41210289982794,19.518234084518863,0.0,0.0
청주시,2020-12-01,56975.0,63053.0,54543.0,63834.0,238405.0,1686.0,2426.0,1656.0,1298.0,7066.0,1676.0,2364.0,1558.0,1287.0,6885.0,10.0,62.0,98.0,11.0,181.0,13.4,113322.0,844993.0,193283.0,7593.0,10386.0,-2793.0,3.307410673721911,2020,12,2020-12,0.0,0.0,,0.0,0.0,0.0,0.0,0.0,0,control,0,0,0.7592122648434387,29.63864012919192,28.879427864348482,0.0,0.0
청주시,2021-01-01,56926.0,63115.0,54599.0,63753.0,238393.0,1442.0,1999.0,1274.0,1109.0,5824.0,1363.0,1906.0,1197.0,1041.0,5507.0,79.0,93.0,77.0,68.0,317.0,13.5,114084.0,845710.0,190762.0,11178.0,12743.0,-1565.0,2.847191895665868,2021,1,2021-01,0.0,0.0,,0.0,0.0,0.0,0.0,0.0,0,control,0,0,1.329737030869195,24.430247532435935,23.100510501566742,0.0,0.0
청주시,2021-02-01,56596.0,63104.0,54600.0,63732.0,238032.0,1572.0,2015.0,1422.0,1291.0,6300.0,1677.0,1941.0,1297.0,1219.0,6134.0,-105.0,74.0,125.0,72.0,166.0,13.5,114638.0,846204.0,192578.0,8960.0,7370.0,1590.0,2.5786073070305893,2021,2,2021-02,0.0,0.0,,0.0,0.0,0.0,0.0,0.0,0,control,0,0,0.697385225515897,26.4670296430732,25.769644417557302,0.0,0.0
청주시,2021-03-01,56251.0,63311.0,54645.0,63238.0,237445.0,1337.0,2043.0,1317.0,953.0,5650.0,1471.0,2004.0,1303.0,1007.0,5785.0,-134.0,39.0,14.0,-54.0,-135.0,13.6,115044.0,845025.0,193673.0,12597.0,10804.0,1793.0,3.069636252361563,2021,3,2021-03,0.0,0.0,,0.0,0.0,0.0,0.0,0.0,0,control,0,0,-0.5685527174714144,23.79498410158142,24.363536819052833,0.0,0.0
청주시,2021-04-01,56129.0,63570.0,54836.0,63090.0,237625.0,1061.0,1680.0,1147.0,959.0,4847.0,1060.0,1514.0,1030.0,899.0,4503.0,1.0,166.0,117.0,60.0,344.0,13.7,115572.0,845534.0,195319.0,10395.0,8653.0,1742.0,3.8698801331617405,2021,4,2021-04,0.0,0.0,,0.0,0.0,0.0,0.0,0.0,0,control,0,0,1.4476591267753813,20.397685428721726,18.950026301946345,0.0,0.0
청주시,2021-05-01,56033.0,63683.0,54980.0,62967.0,237663.0,928.0,1475.0,1093.0,873.0,4369.0,887.0,1382.0,1029.0,734.0,4032.0,41.0,93.0,64.0,139.0,337.0,13.7,116132.0,846291.0,196585.0,9045.0,7484.0,1561.0,3.8313852459449294,2021,5,2021-05,0.0,0.0,,0.0,0.0,0.0,0.0,0.0,0,control,0,0,1.4179741903451526,18.383172811922766,16.965198621577613,0.0,0.0
청주시,2021-06-01,56000.0,63824.0,55293.0,62817.0,237934.0,1049.0,1697.0,1325.0,1073.0,5144.0,921.0,1512.0,1158.0,949.0,4540.0,128.0,185.0,167.0,124.0,604.0,13.8,116570.0,847392.0,198166.0,9627.0,7983.0,1644.0,3.820865182608335,2021,6,2021-06,0.0,0.0,,0.0,0.0,0.0,0.0,0.0,0,control,0,0,2.538519085124446,21.61944068523204,19.080921600107594,0.0,0.0
청주시,2021-07-01,55774.0,63878.0,55472.0,62659.0,237783.0,1011.0,1553.0,1164.0,861.0,4589.0,1031.0,1510.0,1070.0,850.0,4461.0,-20.0,43.0,94.0,11.0,128.0,13.8,117019.0,847642.0,198679.0,9734.0,9274.0,460.0,4.839926757322943,2021,7,2021-07,0.0,0.0,,0.0,0.0,0.0,0.0,0.0,0,control,0,0,0.5383059344023753,19.299108851347658,18.76080291694528,0.0,0.0
청주시,2021-08-01,55583.0,63949.0,55659.0,62402.0,237593.0,1095.0,1616.0,1047.0,753.0,4511.0,1083.0,1517.0,1010.0,730.0,4340.0,12.0,99.0,37.0,23.0,171.0,13.9,117556.0,847965.0,199703.0,8597.0,7478.0,1119.0,4.837575070345634,2021,8,2021-08,0.0,0.0,,0.0,0.0,0.0,0.0,0.0,0,control,0,0,0.7197181735152129,18.986249594895472,18.26653142138026,0.0,0.0
청주시,2021-09-01,55552.0,64157.0,55941.0,62168.0,237818.0,1238.0,1684.0,1063.0,704.0,4689.0,1046.0,1500.0,970.0,666.0,4182.0,192.0,184.0,93.0,38.0,507.0,13.9,118170.0,848711.0,201056.0,9847.0,8270.0,1577.0,4.154125892963534,2021,9,2021-09,0.0,0.0,,0.0,0.0,0.0,0.0,0.0,0,control,0,0,2.1318823638244373,19.71675819324021,17.584875829415772,0.0,0.0
청주시,2021-10-01,55231.0,64170.0,56154.0,62079.0,237634.0,775.0,1417.0,932.0,747.0,3871.0,828.0,1310.0,871.0,709.0,3718.0,-53.0,107.0,61.0,38.0,153.0,14.0,118726.0,848878.0,201756.0,8784.0,7777.0,1007.0,3.361254130484892,2021,10,2021-10,0.0,0.0,,0.0,0.0,0.0,0.0,0.0,0,control,0,0,0.6438472609138423,16.289756516323422,15.64590925540958,0.0,0.0
청주시,2021-11-01,55076.0,64165.0,56281.0,61821.0,237343.0,792.0,1485.0,1010.0,713.0,4000.0,774.0,1414.0,990.0,714.0,3892.0,18.0,71.0,20.0,-1.0,108.0,14.0,119266.0,849024.0,201580.0,8455.0,8144.0,311.0,2.850087247568811,2021,11,2021-11,0.0,0.0,,0.0,0.0,0.0,0.0,0.0,0,control,0,0,0.4550376459385783,16.85324614587327,16.398208499934693,0.0,0.0
청주시,2021-12-01,54719.0,64036.0,56408.0,61367.0,236530.0,1127.0,1737.0,1157.0,831.0,4852.0,1183.0,1809.0,1252.0,882.0,5126.0,-56.0,-72.0,-95.0,-51.0,-274.0,14.1,119867.0,848482.0,200285.0,8126.0,9184.0,-1058.0,3.622667280619618,2021,12,2021-12,0.0,0.0,,0.0,0.0,0.0,0.0,0.0,0,control,0,0,-1.158415422990741,20.51325413266816,21.6716695556589,0.0,0.0
청주시,2022-01-01,54410.0,64064.0,56444.0,61037.0,235955.0,1166.0,1592.0,1014.0,777.0,4549.0,1098.0,1536.0,1000.0,772.0,4406.0,68.0,56.0,14.0,5.0,143.0,14.2,120691.0,848797.0,198588.0,12733.0,14338.0,-1605.0,4.102494207441731,2022,1,2022-01,0.0,0.0,,0.0,0.0,0.0,0.0,0.0,0,control,1,0,0.6060477633447056,19.2790998283571,18.673052065012396,0.0,0.0
청주시,2022-02-01,54091.0,63986.0,56451.0,60722.0,235250.0,1552.0,1920.0,1337.0,999.0,5808.0,1593.0,1820.0,1250.0,967.0,5630.0,-41.0,100.0,87.0,32.0,178.0,14.3,121513.0,849029.0,199981.0,9072.0,7518.0,1554.0,3.8441566534079596,2022,2,2022-02,0.0,0.0,,0.0,0.0,0.0,0.0,0.0,0,control,1,0,0.7566418703506907,24.688629117959618,23.931987247608927,0.0,0.0
청주시,2022-03-01,53727.0,64105.0,56786.0,60347.0,234965.0,1375.0,1826.0,1185.0,760.0,5146.0,1449.0,1759.0,1092.0,792.0,5092.0,-74.0,67.0,93.0,-32.0,54.0,14.4,122219.0,848875.0,201479.0,13491.0,11898.0,1593.0,4.030505026513764,2022,3,2022-03,0.0,0.0,,0.0,0.0,0.0,0.0,0.0,0,control,1,0,0.229821462771051,21.901134211478304,21.671312748707255,0.0,0.0
청주시,2022-04-01,53474.0,64166.0,57042.0,60039.0,234721.0,896.0,1420.0,1061.0,711.0,4088.0,890.0,1349.0,1014.0,688.0,3941.0,6.0,71.0,47.0,23.0,147.0,14.4,122548.0,848795.0,203026.0,10793.0,9002.0,1791.0,3.9458526820227435,2022,4,2022-04,0.0,0.0,,0.0,0.0,0.0,0.0,0.0,0,control,1,0,0.626275450428381,17.416422050008308,16.790146599579927,0.0,0.0
청주시,2022-05-01,53246.0,64123.0,57277.0,59851.0,234497.0,892.0,1572.0,1143.0,759.0,4366.0,922.0,1492.0,1115.0,755.0,4284.0,-30.0,80.0,28.0,4.0,82.0,14.5,123041.0,848727.0,204207.0,9237.0,8172.0,1065.0,3.8772032454154726,2022,5,2022-05,0.0,0.0,,0.0,0.0,0.0,0.0,0.0,0,control,1,0,0.3496846441532301,18.618575077719544,18.268890433566316,0.0,0.0
청주시,2022-06-01,53006.0,64098.0,57410.0,59642.0,234156.0,859.0,1566.0,1287.0,809.0,4521.0,863.0,1514.0,1274.0,779.0,4430.0,-4.0,52.0,13.0,30.0,91.0,14.5,123446.0,849003.0,205869.0,8961.0,8870.0,91.0,3.8871451207573404,2022,6,2022-06,0.0,0.0,,0.0,0.0,0.0,0.0,0.0,0,control,1,0,0.38862980235398625,19.307641059806283,18.919011257452297,0.0,0.0
청주시,2022-07-01,52767.0,64111.0,57598.0,59384.0,233860.0,793.0,1446.0,1004.0,671.0,3914.0,815.0,1369.0,991.0,650.0,3825.0,-22.0,77.0,13.0,21.0,89.0,14.6,123934.0,849083.0,204938.0,9857.0,10533.0,-676.0,3.1503077829061032,2022,7,2022-07,0.0,0.0,,0.0,0.0,0.0,0.0,0.0,0,control,1,0,0.38056957153852733,16.73650902249209,16.355939450953564,0.0,0.0
청주시,2022-08-01,52641.0,64082.0,57852.0,59127.0,233702.0,1079.0,1586.0,1056.0,606.0,4327.0,1013.0,1488.0,939.0,601.0,4041.0,66.0,98.0,117.0,5.0,286.0,14.7,124707.0,849290.0,204970.0,8828.0,8108.0,720.0,2.6374165635969504,2022,8,2022-08,0.0,0.0,,0.0,0.0,0.0,0.0,0.0,0,control,1,0,1.223780712189027,18.51503196378294,17.29125125159391,0.0,0.0
청주시,2022-09-01,52465.0,64083.0,57992.0,58973.0,233513.0,978.0,1501.0,1120.0,740.0,4339.0,877.0,1380.0,1101.0,682.0,4040.0,101.0,121.0,19.0,58.0,299.0,14.7,125155.0,849100.0,204503.0,9574.0,8217.0,1357.0,1.7144477160591975,2022,9,2022-09,0.0,0.0,,0.0,0.0,0.0,0.0,0.0,0,control,1,0,1.280442630603007,18.58140660263026,17.300963972027255,0.0,0.0
청주시,2022-10-01,52175.0,64032.0,58133.0,58636.0,232976.0,780.0,1222.0,855.0,620.0,3477.0,749.0,1186.0,879.0,643.0,3457.0,31.0,36.0,-24.0,-23.0,20.0,14.8,125848.0,849207.0,205093.0,8347.0,7483.0,864.0,1.6539780725232545,2022,10,2022-10,0.0,0.0,,0.0,0.0,0.0,0.0,0.0,0,control,1,0,0.08584575235217362,14.924284046425383,14.838438294073208,0.0,0.0
청주시,2022-11-01,51901.0,64026.0,58266.0,58375.0,232568.0,710.0,1236.0,941.0,583.0,3470.0,672.0,1223.0,931.0,603.0,3429.0,38.0,13.0,10.0,-20.0,41.0,14.9,126436.0,849388.0,205185.0,8305.0,7991.0,314.0,1.7883718622879297,2022,11,2022-11,0.0,0.0,,0.0,0.0,0.0,0.0,0.0,0,control,1,0,0.17629252519693164,14.92036737642324,14.744074851226308,0.0,0.0
청주시,2022-12-01,51655.0,63863.0,58609.0,58099.0,232226.0,963.0,1553.0,1075.0,718.0,4309.0,909.0,1517.0,1046.0,696.0,4168.0,54.0,36.0,29.0,22.0,141.0,15.0,127054.0,849573.0,203597.0,7532.0,9040.0,-1508.0,1.6536435579299402,2022,12,2022-12,0.0,0.0,,0.0,0.0,0.0,0.0,0.0,0,control,1,0,0.6071671561323883,18.555200537407526,17.94803338127514,0.0,0.0
청주시,2023-01-01,51461.0,63813.0,58549.0,57898.0,231721.0,1176.0,1658.0,1076.0,694.0,4604.0,1126.0,1551.0,1096.0,686.0,4459.0,50.0,107.0,-20.0,8.0,145.0,15.0,127807.0,849741.0,202509.0,11948.0,13148.0,-1200.0,1.9744395431748218,2023,1,2023-01,0.0,0.0,,0.0,0.0,0.0,0.0,0.0,0,control,1,0,0.6257525213511076,19.868721436555166,19.24296891520406,0.0,0.0
청주시,2023-02-01,51159.0,63561.0,58532.0,57602.0,230854.0,1550.0,1816.0,1208.0,824.0,5398.0,1562.0,1791.0,1197.0,848.0,5398.0,-12.0,25.0,11.0,-24.0,0.0,15.1,128482.0,849621.0,204432.0,10047.0,8005.0,2042.0,2.225711442587053,2023,2,2023-02,0.0,0.0,,0.0,0.0,0.0,0.0,0.0,0,control,1,0,0.0,23.38274407201088,23.38274407201088,0.0,0.0
청주시,2023-03-01,50914.0,63459.0,58959.0,57349.0,230681.0,1338.0,1743.0,1428.0,971.0,5480.0,1401.0,1704.0,1352.0,936.0,5393.0,-63.0,39.0,76.0,35.0,87.0,15.2,129236.0,849539.0,205516.0,13414.0,11952.0,1462.0,2.0036827659458245,2023,3,2023-03,0.0,0.0,,0.0,0.0,0.0,0.0,0.0,0,control,1,0,0.3771441947971441,23.755749281475286,23.37860508667814,0.0,0.0
청주시,2023-04-01,50767.0,63362.0,59343.0,57210.0,230682.0,830.0,1284.0,1047.0,688.0,3849.0,789.0,1211.0,1012.0,655.0,3667.0,41.0,73.0,35.0,33.0,182.0,15.3,129823.0,849887.0,207429.0,10075.0,8445.0,1630.0,2.168687754277787,2023,4,2023-04,0.0,0.0,,0.0,0.0,0.0,0.0,0.0,0,control,1,0,0.7889648953971268,16.68530704606341,15.896342150666285,0.0,0.0
청주시,2023-05-01,50664.0,63195.0,59580.0,57070.0,230509.0,867.0,1367.0,1057.0,652.0,3943.0,825.0,1324.0,1034.0,647.0,3830.0,42.0,43.0,23.0,5.0,113.0,15.3,130339.0,849941.0,208530.0,8338.0,7583.0,755.0,2.1169695456081383,2023,5,2023-05,0.0,0.0,,0.0,0.0,0.0,0.0,0.0,0,control,1,0,0.49021947082326506,17.105622773948088,16.615403303124825,0.0,0.0
청주시,2023-06-01,50411.0,63126.0,59835.0,56964.0,230336.0,782.0,1436.0,1147.0,644.0,4009.0,760.0,1408.0,1109.0,604.0,3881.0,22.0,28.0,38.0,40.0,128.0,15.4,130732.0,850168.0,208916.0,8385.0,7830.0,555.0,1.4800674215156295,2023,6,2023-06,0.0,0.0,,0.0,0.0,0.0,0.0,0.0,0,control,1,0,0.5557099194220617,17.40500833564879,16.84929841622673,0.0,0.0
청주시,2023-07-01,50266.0,63086.0,60164.0,56900.0,230416.0,834.0,1472.0,1388.0,839.0,4533.0,775.0,1346.0,1281.0,774.0,4176.0,59.0,126.0,107.0,65.0,357.0,15.4,131237.0,850787.0,208372.0,8942.0,9396.0,-454.0,1.6756287267368775,2023,7,2023-07,0.0,0.0,,0.0,0.0,0.0,0.0,0.0,0,control,1,0,1.5493715714186516,19.673112978265397,18.123741406846747,0.0,0.0
청주시,2023-08-01,50121.0,63037.0,60520.0,56909.0,230587.0,1124.0,1762.0,2022.0,1334.0,6242.0,1072.0,1643.0,1785.0,1233.0,5733.0,52.0,119.0,237.0,101.0,509.0,15.5,131975.0,851653.0,209028.0,8425.0,8025.0,400.0,1.979801922232527,2023,8,2023-08,0.0,0.0,,0.0,0.0,0.0,0.0,0.0,0,control,1,0,2.2074097845932337,27.07004297727105,24.86263319267782,0.0,0.0
청주시,2023-09-01,49862.0,63027.0,60743.0,56967.0,230599.0,772.0,1308.0,1191.0,834.0,4105.0,818.0,1221.0,1107.0,747.0,3893.0,-46.0,87.0,84.0,87.0,212.0,15.6,132659.0,852018.0,209733.0,9293.0,8554.0,739.0,2.557419695554586,2023,9,2023-09,0.0,0.0,,0.0,0.0,0.0,0.0,0.0,0,control,1,0,0.9193448367078781,17.801464880593585,16.882120043885706,0.0,0.0
청주시,2023-10-01,49675.0,62983.0,60910.0,56989.0,230557.0,730.0,1300.0,1110.0,749.0,3889.0,710.0,1209.0,1026.0,713.0,3658.0,20.0,91.0,84.0,36.0,231.0,15.6,133247.0,852448.0,209773.0,7751.0,6771.0,980.0,2.281891629650934,2023,10,2023-10,0.0,0.0,,0.0,0.0,0.0,0.0,0.0,0,control,1,0,1.0019214337452345,16.86784612915678,15.865924695411547,0.0,0.0
청주시,2023-11-01,49517.0,62784.0,61119.0,56889.0,230309.0,711.0,1311.0,1119.0,606.0,3747.0,696.0,1284.0,1022.0,641.0,3643.0,15.0,27.0,97.0,-35.0,104.0,15.7,133842.0,852579.0,209996.0,8270.0,8011.0,259.0,2.344713307502988,2023,11,2023-11,0.0,0.0,,0.0,0.0,0.0,0.0,0.0,0,control,1,0,0.4515672422701675,16.26944669986844,15.81787945759827,0.0,0.0
청주시,2023-12-01,49175.0,62645.0,61319.0,56714.0,229853.0,829.0,1348.0,1068.0,620.0,3865.0,915.0,1327.0,1109.0,640.0,3991.0,-86.0,21.0,-41.0,-20.0,-126.0,15.8,134501.0,852189.0,208364.0,7181.0,8717.0,-1536.0,2.3413900990682635,2023,12,2023-12,0.0,0.0,,0.0,0.0,0.0,0.0,0.0,0,control,1,0,-0.5481764432050049,16.81509486497892,17.363271308183926,0.0,0.0
청주시,2024-01-01,48893.0,62269.0,61457.0,56440.0,229059.0,1277.0,1621.0,1144.0,713.0,4755.0,1279.0,1672.0,1194.0,766.0,4911.0,-2.0,-51.0,-50.0,-53.0,-156.0,15.9,135216.0,851951.0,207068.0,12323.0,12919.0,-596.0,2.251257968781628,2024,1,2024-01,0.0,0.0,,0.0,0.0,0.0,0.0,0.0,0,control,1,0,-0.6810472411038204,20.758843791337604,21.439891032441423,0.0,0.0
청주시,2024-02-01,48599.0,61977.0,61449.0,56196.0,228221.0,1560.0,1722.0,1268.0,789.0,5339.0,1615.0,1738.0,1243.0,838.0,5434.0,-55.0,-16.0,25.0,-49.0,-95.0,16.0,135972.0,851715.0,209324.0,9720.0,7395.0,2325.0,2.392971746106287,2024,2,2024-02,0.0,0.0,,0.0,0.0,0.0,0.0,0.0,0,control,1,0,-0.416263183493193,23.393990912317445,23.810254095810638,0.0,0.0
청주시,2024-03-01,48472.0,61725.0,61788.0,55994.0,227979.0,1419.0,1504.0,1090.0,638.0,4651.0,1381.0,1558.0,1119.0,634.0,4692.0,38.0,-54.0,-29.0,4.0,-41.0,16.1,136776.0,851430.0,209880.0,11795.0,10979.0,816.0,2.123435644913285,2024,3,2024-03,0.0,0.0,,0.0,0.0,0.0,0.0,0.0,0,control,1,0,-0.17984112571771962,20.401001846661316,20.580842972379035,0.0,0.0
청주시,2024-04-01,48326.0,61561.0,62175.0,55905.0,227967.0,1045.0,1584.0,1450.0,902.0,4981.0,985.0,1538.0,1401.0,856.0,4780.0,60.0,46.0,49.0,46.0,201.0,16.1,137359.0,851790.0,211170.0,9760.0,8147.0,1613.0,1.8035086704366377,2024,4,2024-04,0.0,0.0,,0.0,0.0,0.0,0.0,0.0,0,control,1,0,0.881706562791983,21.849653677944616,20.967947115152633,0.0,0.0
청주시,2024-05-01,48276.0,61393.0,62575.0,55914.0,228158.0,985.0,1481.0,1503.0,922.0,4891.0,840.0,1383.0,1428.0,860.0,4511.0,145.0,98.0,75.0,62.0,380.0,16.2,137945.0,852572.0,212130.0,8586.0,7506.0,1080.0,1.7263703064307245,2024,5,2024-05,0.0,0.0,,0.0,0.0,0.0,0.0,0.0,0,control,1,0,1.6655124957266456,21.43689899105006,19.771386495323416,0.0,0.0
청주시,2024-06-01,48114.0,61262.0,62886.0,55976.0,228238.0,800.0,1401.0,1462.0,918.0,4581.0,779.0,1353.0,1341.0,840.0,4313.0,21.0,48.0,121.0,78.0,268.0,16.2,138458.0,853187.0,212507.0,8066.0,7621.0,445.0,1.71887265695303,2024,6,2024-06,0.0,0.0,,0.0,0.0,0.0,0.0,0.0,0,control,1,0,1.174212883043139,20.07115379559933,18.89694091255619,0.0,0.0
청주시,2024-07-01,47977.0,61104.0,63143.0,56097.0,228321.0,978.0,1646.0,1476.0,973.0,5073.0,946.0,1525.0,1450.0,877.0,4798.0,32.0,121.0,26.0,96.0,275.0,16.3,138983.0,853563.0,212209.0,8888.0,9090.0,-202.0,1.8414182327759931,2024,7,2024-07,0.0,0.0,,0.0,0.0,0.0,0.0,0.0,0,control,1,0,1.2044446196363892,22.218718383328735,21.014273763692344,0.0,0.0
청주시,2024-08-01,47769.0,60969.0,63292.0,56090.0,228120.0,938.0,1370.0,1179.0,722.0,4209.0,918.0,1361.0,1194.0,709.0,4182.0,20.0,9.0,-15.0,13.0,27.0,16.4,139705.0,853642.0,212850.0,8364.0,7616.0,748.0,1.8284631723979539,2024,8,2024-08,0.0,0.0,,0.0,0.0,0.0,0.0,0.0,0,control,1,0,0.11835875854813256,18.450815360336666,18.332456601788532,0.0,0.0
청주시,2024-09-01,47625.0,60785.0,63467.0,56090.0,227967.0,759.0,1139.0,1012.0,575.0,3485.0,749.0,1095.0,990.0,567.0,3401.0,10.0,44.0,22.0,8.0,84.0,16.4,140416.0,853938.0,213727.0,8483.0,7558.0,925.0,1.9043259763604103,2024,9,2024-09,0.0,0.0,,0.0,0.0,0.0,0.0,0.0,0,control,1,0,0.368474384450381,15.287300354875924,14.918825970425544,0.0,0.0
청주시,2024-10-01,47401.0,60518.0,63585.0,56088.0,227592.0,611.0,1157.0,1104.0,630.0,3502.0,646.0,1225.0,1086.0,621.0,3578.0,-35.0,-68.0,18.0,9.0,-76.0,16.5,141052.0,854001.0,214504.0,8861.0,7826.0,1035.0,2.2552950093672752,2024,10,2024-10,0.0,0.0,,0.0,0.0,0.0,0.0,0.0,0,control,1,0,-0.33393089388027697,15.38718408379908,15.721114977679356,0.0,0.0
청주시,2024-11-01,47157.0,60418.0,63669.0,56179.0,227423.0,665.0,1227.0,1261.0,730.0,3883.0,651.0,1196.0,1248.0,727.0,3822.0,14.0,31.0,13.0,3.0,61.0,16.6,141880.0,854370.0,214829.0,8209.0,7853.0,356.0,2.301472408998273,2024,11,2024-11,0.0,0.0,,0.0,0.0,0.0,0.0,0.0,0,control,1,0,0.2682226511830378,17.073910730225176,16.805688079042138,0.0,0.0
청주시,2024-12-01,46921.0,60230.0,63903.0,56203.0,227257.0,936.0,1411.0,1250.0,741.0,4338.0,961.0,1381.0,1184.0,736.0,4262.0,-25.0,30.0,66.0,5.0,76.0,16.7,142688.0,854537.0,212404.0,7297.0,9732.0,-2435.0,1.9389145917720896,2024,12,2024-12,0.0,0.0,,0.0,0.0,0.0,0.0,0.0,0,control,1,0,0.33442314208143203,19.088520925648055,18.75409778356662,0.0,0.0
충주시,2017-01-01,13554.0,10816.0,11453.0,13416.0,49239.0,182.0,230.0,264.0,229.0,905.0,235.0,269.0,253.0,205.0,962.0,-53.0,-39.0,11.0,24.0,-57.0,16.8,34985.0,208288.0,36108.0,2145.0,2442.0,-297.0,,2017,1,2017-01,0.0,0.0,,0.0,0.0,0.0,0.0,0.0,0,control,0,0,-1.157618960580028,18.379739637279393,19.53735859785942,0.0,0.0
충주시,2017-02-01,13428.0,10844.0,11390.0,13494.0,49156.0,225.0,300.0,271.0,267.0,1063.0,311.0,288.0,283.0,247.0,1129.0,-86.0,12.0,-12.0,20.0,-66.0,16.9,35201.0,208197.0,36625.0,1904.0,1372.0,532.0,,2017,2,2017-02,0.0,0.0,,0.0,0.0,0.0,0.0,0.0,0,control,0,0,-1.3426641712100251,21.6250305150948,22.967694686304824,0.0,0.0
충주시,2017-03-01,13445.0,10798.0,11324.0,13531.0,49098.0,247.0,278.0,275.0,266.0,1066.0,301.0,338.0,281.0,233.0,1153.0,-54.0,-60.0,-6.0,33.0,-87.0,17.0,35452.0,208116.0,37288.0,2722.0,2166.0,556.0,,2017,3,2017-03,0.0,0.0,,0.0,0.0,0.0,0.0,0.0,0,control,0,0,-1.7719662715385556,21.711678683449428,23.483644954987984,0.0,0.0
충주시,2017-04-01,13448.0,10849.0,11262.0,13541.0,49100.0,160.0,204.0,205.0,196.0,765.0,190.0,198.0,226.0,194.0,808.0,-30.0,6.0,-21.0,2.0,-43.0,17.1,35625.0,208158.0,37756.0,2021.0,1492.0,529.0,,2017,4,2017-04,0.0,0.0,,0.0,0.0,0.0,0.0,0.0,0,control,0,0,-0.8757637474541752,15.580448065173115,16.45621181262729,0.0,0.0
충주시,2017-05-01,13423.0,10870.0,11232.0,13567.0,49092.0,216.0,267.0,244.0,214.0,941.0,258.0,290.0,228.0,201.0,977.0,-42.0,-23.0,16.0,13.0,-36.0,17.2,35853.0,208146.0,37765.0,1528.0,1469.0,59.0,,2017,5,2017-05,0.0,0.0,,0.0,0.0,0.0,0.0,0.0,0,control,0,0,-0.7333170373991689,19.168092560906054,19.90140959830522,0.0,0.0
충주시,2017-06-01,13401.0,10887.0,11249.0,13529.0,49066.0,162.0,207.0,230.0,197.0,796.0,190.0,224.0,220.0,186.0,820.0,-28.0,-17.0,10.0,11.0,-24.0,17.3,35987.0,208160.0,37650.0,1454.0,1520.0,-66.0,,2017,6,2017-06,0.0,0.0,,0.0,0.0,0.0,0.0,0.0,0,control,0,0,-0.4891370806668569,16.223046508784087,16.712183589450945,0.0,0.0
충주시,2017-07-01,13350.0,10936.0,11142.0,13543.0,48971.0,156.0,202.0,181.0,165.0,704.0,202.0,210.0,200.0,166.0,778.0,-46.0,-8.0,-19.0,-1.0,-74.0,17.4,36121.0,208147.0,37776.0,1818.0,1722.0,96.0,,2017,7,2017-07,0.0,0.0,,0.0,0.0,0.0,0.0,0.0,0,control,0,0,-1.511098405178575,14.375855097915093,15.886953503093668,0.0,0.0
충주시,2017-08-01,13284.0,10930.0,11080.0,13534.0,48828.0,189.0,201.0,179.0,192.0,761.0,252.0,254.0,193.0,190.0,889.0,-63.0,-53.0,-14.0,2.0,-128.0,17.4,36265.0,208139.0,37986.0,1541.0,1492.0,49.0,,2017,8,2017-08,0.0,0.0,,0.0,0.0,0.0,0.0,0.0,0,control,0,0,-2.6214467109035797,15.58531989841894,18.20676660932252,0.0,0.0
충주시,2017-09-01,13250.0,10927.0,11080.0,13517.0,48774.0,154.0,188.0,210.0,169.0,721.0,195.0,215.0,206.0,167.0,783.0,-41.0,-27.0,4.0,2.0,-62.0,17.5,36349.0,208150.0,38151.0,2059.0,1901.0,158.0,,2017,9,2017-09,0.0,0.0,,0.0,0.0,0.0,0.0,0.0,0,control,0,0,-1.2711690654857095,14.782466067987043,16.053635133472753,0.0,0.0
충주시,2017-10-01,13256.0,10957.0,11008.0,13525.0,48746.0,134.0,166.0,140.0,169.0,609.0,130.0,202.0,148.0,158.0,638.0,4.0,-36.0,-8.0,11.0,-29.0,17.5,36485.0,208163.0,38280.0,1332.0,1132.0,200.0,,2017,10,2017-10,0.0,0.0,,0.0,0.0,0.0,0.0,0.0,0,control,0,0,-0.5949206088704714,12.4933327862799,13.088253395150371,0.0,0.0
충주시,2017-11-01,13233.0,11009.0,10944.0,13521.0,48707.0,147.0,207.0,198.0,179.0,731.0,186.0,221.0,185.0,178.0,770.0,-39.0,-14.0,13.0,1.0,-39.0,17.6,36537.0,208047.0,38625.0,1750.0,1452.0,298.0,,2017,11,2017-11,0.0,0.0,,0.0,0.0,0.0,0.0,0.0,0,control,0,0,-0.800706263986696,15.008109717289097,15.808815981275792,0.0,0.0
충주시,2017-12-01,13225.0,11048.0,10930.0,13539.0,48742.0,257.0,336.0,338.0,360.0,1291.0,294.0,344.0,288.0,278.0,1204.0,-37.0,-8.0,50.0,82.0,87.0,17.6,36703.0,208316.0,38254.0,1266.0,1651.0,-385.0,,2017,12,2017-12,0.0,0.0,,0.0,0.0,0.0,0.0,0.0,0,control,0,0,1.7849082926428952,26.486397767838824,24.70148947519593,0.0,0.0
충주시,2018-01-01,13197.0,11050.0,10896.0,13628.0,48771.0,277.0,366.0,424.0,428.0,1495.0,322.0,371.0,382.0,369.0,1444.0,-45.0,-5.0,42.0,59.0,51.0,17.6,36799.0,208539.0,37898.0,2105.0,2480.0,-375.0,4.957350171707109,2018,1,2018-01,0.0,0.0,,0.0,0.0,0.0,0.0,0.0,0,control,0,0,1.0457033893092207,30.653462098378135,29.607758709068914,0.0,0.0
충주시,2018-02-01,13163.0,11077.0,10931.0,13698.0,48869.0,283.0,342.0,399.0,429.0,1453.0,287.0,330.0,320.0,349.0,1286.0,-4.0,12.0,79.0,80.0,167.0,17.7,36938.0,208999.0,38419.0,1888.0,1381.0,507.0,4.898293515358354,2018,2,2018-02,0.0,0.0,,0.0,0.0,0.0,0.0,0.0,0,control,0,0,3.417299310401277,29.732550287503326,26.31525097710205,0.0,0.0
충주시,2018-03-01,13217.0,11110.0,10929.0,13779.0,49035.0,324.0,374.0,353.0,360.0,1411.0,327.0,358.0,318.0,279.0,1282.0,-3.0,16.0,35.0,81.0,129.0,17.7,37025.0,209306.0,39031.0,2977.0,2382.0,595.0,4.674426088822137,2018,3,2018-03,0.0,0.0,,0.0,0.0,0.0,0.0,0.0,0,control,0,0,2.630773936983787,28.775364535535843,26.144590598552053,0.0,0.0
충주시,2018-04-01,13206.0,11213.0,10879.0,13835.0,49133.0,233.0,305.0,261.0,229.0,1028.0,262.0,287.0,242.0,183.0,974.0,-29.0,18.0,19.0,46.0,54.0,17.7,37153.0,209491.0,39318.0,2045.0,1642.0,403.0,4.1370907935162515,2018,4,2018-04,0.0,0.0,,0.0,0.0,0.0,0.0,0.0,0,control,0,0,1.0990576598213013,20.922801375857368,19.823743716036066,0.0,0.0
충주시,2018-05-01,13164.0,11256.0,10912.0,13854.0,49186.0,188.0,294.0,276.0,277.0,1035.0,218.0,280.0,215.0,250.0,963.0,-30.0,14.0,61.0,27.0,72.0,17.8,37300.0,209695.0,39606.0,1664.0,1524.0,140.0,4.874884151992576,2018,5,2018-05,0.0,0.0,,0.0,0.0,0.0,0.0,0.0,0,control,0,0,1.463831171471557,21.04257308990363,19.578741918432073,0.0,0.0
충주시,2018-06-01,13158.0,11313.0,10894.0,13919.0,49284.0,184.0,238.0,248.0,245.0,915.0,189.0,250.0,215.0,194.0,848.0,-5.0,-12.0,33.0,51.0,67.0,17.8,37433.0,209940.0,39616.0,1616.0,1577.0,39.0,5.2217795484727825,2018,6,2018-06,0.0,0.0,,0.0,0.0,0.0,0.0,0.0,0,control,0,0,1.359467575683792,18.565863160457756,17.206395584773965,0.0,0.0
충주시,2018-07-01,13184.0,11347.0,10861.0,13893.0,49285.0,183.0,232.0,212.0,201.0,828.0,183.0,236.0,222.0,181.0,822.0,0.0,-4.0,-10.0,20.0,6.0,17.9,37554.0,210024.0,39525.0,2052.0,2067.0,-15.0,4.629923761118171,2018,7,2018-07,0.0,0.0,,0.0,0.0,0.0,0.0,0.0,0,control,0,0,0.12174089479557675,16.80024348178959,16.678502586994014,0.0,0.0
충주시,2018-08-01,13155.0,11381.0,10888.0,13918.0,49342.0,200.0,219.0,233.0,188.0,840.0,222.0,236.0,194.0,168.0,820.0,-22.0,-17.0,39.0,20.0,20.0,17.9,37669.0,210153.0,39690.0,1647.0,1479.0,168.0,4.485863212762586,2018,8,2018-08,0.0,0.0,,0.0,0.0,0.0,0.0,0.0,0,control,0,0,0.4053341980462892,17.024036317944145,16.618702119897854,0.0,0.0
충주시,2018-09-01,13168.0,11377.0,10867.0,13928.0,49340.0,135.0,188.0,149.0,111.0,583.0,165.0,201.0,157.0,130.0,653.0,-30.0,-13.0,-8.0,-19.0,-70.0,18.0,37784.0,210174.0,40072.0,1907.0,1503.0,404.0,5.035254646011911,2018,9,2018-09,0.0,0.0,,0.0,0.0,0.0,0.0,0.0,0,control,0,0,-1.4187271990271586,11.815970814754763,13.234698013781921,0.0,0.0
충주시,2018-10-01,13163.0,11410.0,10864.0,13938.0,49375.0,250.0,332.0,312.0,306.0,1200.0,244.0,336.0,302.0,287.0,1169.0,6.0,-4.0,10.0,19.0,31.0,18.0,37865.0,210348.0,40526.0,1810.0,1287.0,523.0,5.867293625914316,2018,10,2018-10,0.0,0.0,,0.0,0.0,0.0,0.0,0.0,0,control,0,0,0.6278481012658228,24.303797468354432,23.675949367088606,0.0,0.0
충주시,2018-11-01,13137.0,11428.0,10845.0,13959.0,49369.0,203.0,295.0,234.0,307.0,1039.0,237.0,287.0,249.0,256.0,1029.0,-34.0,8.0,-15.0,51.0,10.0,18.1,37994.0,210490.0,40847.0,1834.0,1489.0,345.0,5.75275080906148,2018,11,2018-11,0.0,0.0,,0.0,0.0,0.0,0.0,0.0,0,control,0,0,0.20255626000121535,21.045595414126275,20.84303915412506,0.0,0.0
충주시,2018-12-01,13104.0,11498.0,10795.0,13940.0,49337.0,252.0,304.0,230.0,212.0,998.0,283.0,294.0,201.0,237.0,1015.0,-31.0,10.0,29.0,-25.0,-17.0,18.1,38138.0,210504.0,40445.0,1542.0,1966.0,-424.0,5.727505620327289,2018,12,2018-12,0.0,0.0,,0.0,0.0,0.0,0.0,0.0,0,control,0,0,-0.3445689847376209,20.228226280479152,20.572795265216776,0.0,0.0
충주시,2019-01-01,13036.0,11502.0,10733.0,13931.0,49202.0,246.0,268.0,225.0,269.0,1008.0,309.0,305.0,220.0,257.0,1091.0,-63.0,-37.0,5.0,12.0,-83.0,18.2,38288.0,210548.0,42900.0,5554.0,3079.0,2475.0,13.198585677344443,2019,1,2019-01,0.0,0.0,,0.0,0.0,0.0,0.0,0.0,0,control,0,0,-1.6869232958009837,20.48697207430592,22.173895370106905,0.0,0.0
충주시,2019-02-01,13043.0,11463.0,10679.0,13933.0,49118.0,271.0,314.0,229.0,268.0,1082.0,289.0,334.0,229.0,249.0,1101.0,-18.0,-20.0,0.0,19.0,-19.0,18.3,38497.0,210662.0,43731.0,2208.0,1317.0,891.0,13.8264921002629,2019,2,2019-02,0.0,0.0,,0.0,0.0,0.0,0.0,0.0,0,control,0,0,-0.3868235677348426,22.02858422574209,22.415407793476934,0.0,0.0
충주시,2019-03-01,13012.0,11505.0,10598.0,13893.0,49008.0,227.0,306.0,245.0,209.0,987.0,275.0,320.0,266.0,226.0,1087.0,-48.0,-14.0,-21.0,-17.0,-100.0,18.4,38666.0,210555.0,44233.0,3075.0,2485.0,590.0,13.327867592426523,2019,3,2019-03,0.0,0.0,,0.0,0.0,0.0,0.0,0.0,0,control,0,0,-2.0404831864185438,20.139569049951028,22.180052236369573,0.0,0.0
충주시,2019-04-01,12934.0,11613.0,10555.0,13832.0,48934.0,176.0,326.0,205.0,186.0,893.0,237.0,293.0,204.0,199.0,933.0,-61.0,33.0,1.0,-13.0,-40.0,18.4,38765.0,210463.0,42421.0,2525.0,4330.0,-1805.0,7.892059616460645,2019,4,2019-04,0.0,0.0,,0.0,0.0,0.0,0.0,0.0,0,control,0,0,-0.8174275554828954,18.249070176155637,19.066497731638535,0.0,0.0
충주시,2019-05-01,12922.0,11667.0,10547.0,13799.0,48935.0,185.0,260.0,221.0,197.0,863.0,218.0,247.0,209.0,180.0,854.0,-33.0,13.0,12.0,17.0,9.0,18.5,38897.0,210417.0,45791.0,5132.0,1810.0,3322.0,15.616320759480896,2019,5,2019-05,0.0,0.0,,0.0,0.0,0.0,0.0,0.0,0,control,0,0,0.18391744150403597,17.635639113109228,17.451721671605192,0.0,0.0
충주시,2019-06-01,12893.0,11734.0,10516.0,13761.0,48904.0,164.0,203.0,156.0,177.0,700.0,180.0,203.0,167.0,165.0,715.0,-16.0,0.0,-11.0,12.0,-15.0,18.6,39071.0,210397.0,45835.0,2214.0,2183.0,31.0,15.698202746365109,2019,6,2019-06,0.0,0.0,,0.0,0.0,0.0,0.0,0.0,0,control,0,0,-0.3067233764109275,14.313757565843284,14.620480942254213,0.0,0.0
충주시,2019-07-01,12868.0,11759.0,10508.0,13726.0,48861.0,177.0,229.0,213.0,187.0,806.0,199.0,260.0,193.0,193.0,845.0,-22.0,-31.0,20.0,-6.0,-39.0,18.6,39154.0,210353.0,45725.0,2411.0,2374.0,37.0,15.686274509803933,2019,7,2019-07,0.0,0.0,,0.0,0.0,0.0,0.0,0.0,0,control,0,0,-0.7981825996193282,16.49577372546612,17.293956325085446,0.0,0.0
충주시,2019-08-01,12804.0,11770.0,10511.0,13677.0,48762.0,168.0,237.0,193.0,166.0,764.0,201.0,245.0,188.0,162.0,796.0,-33.0,-8.0,5.0,4.0,-32.0,18.7,39259.0,210410.0,45981.0,1812.0,1493.0,319.0,15.85034013605442,2019,8,2019-08,0.0,0.0,,0.0,0.0,0.0,0.0,0.0,0,control,0,0,-0.6562487182642222,15.667938148558303,16.324186866822526,0.0,0.0
충주시,2019-09-01,12769.0,11784.0,10565.0,13638.0,48756.0,234.0,316.0,282.0,348.0,1180.0,265.0,324.0,265.0,301.0,1155.0,-31.0,-8.0,17.0,47.0,25.0,18.7,39399.0,210504.0,45060.0,3637.0,4517.0,-880.0,12.447594330205636,2019,9,2019-09,0.0,0.0,,0.0,0.0,0.0,0.0,0.0,0,control,0,0,0.5127574042169168,24.20214947903848,23.689392074821562,0.0,0.0
충주시,2019-10-01,12728.0,11838.0,10552.0,13631.0,48749.0,257.0,348.0,337.0,448.0,1390.0,293.0,339.0,315.0,414.0,1361.0,-36.0,9.0,22.0,34.0,29.0,18.8,39552.0,210670.0,45519.0,2125.0,1514.0,611.0,12.320485614173627,2019,10,2019-10,0.0,0.0,,0.0,0.0,0.0,0.0,0.0,0,control,0,0,0.594883997620464,28.513405403187758,27.918521405567294,0.0,0.0
충주시,2019-11-01,12692.0,11897.0,10586.0,13591.0,48766.0,302.0,387.0,359.0,463.0,1511.0,321.0,385.0,330.0,423.0,1459.0,-19.0,2.0,29.0,40.0,52.0,18.8,39640.0,210826.0,45914.0,2086.0,1703.0,383.0,12.404827771929394,2019,11,2019-11,0.0,0.0,,0.0,0.0,0.0,0.0,0.0,0,control,0,0,1.0663166960587294,30.98470245662962,29.91838576057089,0.0,0.0
충주시,2019-12-01,12653.0,11903.0,10602.0,13514.0,48672.0,248.0,351.0,323.0,408.0,1330.0,305.0,361.0,308.0,397.0,1371.0,-57.0,-10.0,15.0,11.0,-41.0,18.9,39811.0,210737.0,44945.0,1390.0,2395.0,-1005.0,11.126220793670427,2019,12,2019-12,0.0,0.0,,0.0,0.0,0.0,0.0,0.0,0,control,0,0,-0.8423734385272846,27.32577251808021,28.168145956607496,0.0,0.0
충주시,2020-01-01,12615.0,11899.0,10602.0,13468.0,48584.0,230.0,339.0,289.0,264.0,1122.0,284.0,343.0,277.0,235.0,1139.0,-54.0,-4.0,12.0,29.0,-17.0,19.0,40002.0,210806.0,43260.0,3006.0,4644.0,-1638.0,0.8391608391608463,2020,1,2020-01,0.0,0.0,,0.0,0.0,0.0,0.0,0.0,0,control,0,0,-0.3499094352050058,23.09402272353038,23.443932158735386,0.0,0.0
충주시,2020-02-01,12533.0,11872.0,10586.0,13409.0,48400.0,291.0,339.0,260.0,256.0,1146.0,366.0,342.0,274.0,253.0,1235.0,-75.0,-3.0,-14.0,3.0,-89.0,19.1,40167.0,210643.0,45857.0,5164.0,2605.0,2559.0,4.861539868743003,2020,2,2020-02,0.0,0.0,,0.0,0.0,0.0,0.0,0.0,0,control,0,0,-1.8388429752066116,23.677685950413224,25.516528925619834,0.0,0.0
충주시,2020-03-01,12458.0,11931.0,10503.0,13364.0,48256.0,283.0,336.0,247.0,232.0,1098.0,348.0,361.0,287.0,240.0,1236.0,-65.0,-25.0,-40.0,-8.0,-138.0,19.2,40500.0,210423.0,45955.0,2946.0,2810.0,136.0,3.8930210476341154,2020,3,2020-03,0.0,0.0,,0.0,0.0,0.0,0.0,0.0,0,control,0,0,-2.8597480106100797,22.753647214854112,25.613395225464192,0.0,0.0
충주시,2020-04-01,12456.0,11849.0,10508.0,13287.0,48100.0,228.0,257.0,220.0,196.0,901.0,258.0,330.0,236.0,216.0,1040.0,-30.0,-73.0,-16.0,-20.0,-139.0,19.3,40648.0,210188.0,45950.0,2212.0,2257.0,-45.0,8.318992951604166,2020,4,2020-04,0.0,0.0,,0.0,0.0,0.0,0.0,0.0,0,control,0,0,-2.8898128898128896,18.73180873180873,21.62162162162162,0.0,0.0
충주시,2020-05-01,12407.0,11859.0,10550.0,13273.0,48089.0,198.0,274.0,230.0,232.0,934.0,238.0,299.0,203.0,220.0,960.0,-40.0,-25.0,27.0,12.0,-26.0,19.4,40813.0,210190.0,44569.0,1632.0,2950.0,-1318.0,-2.6686466772946615,2020,5,2020-05,0.0,0.0,,0.0,0.0,0.0,0.0,0.0,0,control,0,0,-0.5406641851566887,19.42232111293643,19.96298529809312,0.0,0.0
충주시,2020-06-01,12392.0,11895.0,10522.0,13193.0,48002.0,165.0,268.0,222.0,173.0,828.0,207.0,264.0,235.0,158.0,864.0,-42.0,4.0,-13.0,15.0,-36.0,19.5,40979.0,210173.0,44829.0,1828.0,1559.0,269.0,-2.1948292789353063,2020,6,2020-06,0.0,0.0,,0.0,0.0,0.0,0.0,0.0,0,control,0,0,-0.7499687513020291,17.24928127994667,17.9992500312487,0.0,0.0
충주시,2020-07-01,12348.0,11940.0,10514.0,13125.0,47927.0,171.0,304.0,190.0,200.0,865.0,201.0,289.0,200.0,191.0,881.0,-30.0,15.0,-10.0,9.0,-16.0,19.5,41078.0,210228.0,44777.0,2254.0,2247.0,7.0,-2.0732640787315515,2020,7,2020-07,0.0,0.0,,0.0,0.0,0.0,0.0,0.0,0,control,0,0,-0.33384104993010205,18.04828176184614,18.38212281177624,0.0,0.0
충주시,2020-08-01,12362.0,11949.0,10521.0,13076.0,47908.0,244.0,352.0,249.0,210.0,1055.0,260.0,329.0,257.0,205.0,1051.0,-16.0,23.0,-8.0,5.0,4.0,19.6,41249.0,210304.0,45385.0,2225.0,1600.0,625.0,-1.2961875557295444,2020,8,2020-08,0.0,0.0,,0.0,0.0,0.0,0.0,0.0,0,control,0,0,0.08349336227769892,22.02137430074309,21.93788093846539,0.0,0.0
충주시,2020-09-01,12341.0,11972.0,10524.0,13013.0,47850.0,213.0,281.0,198.0,189.0,881.0,232.0,278.0,202.0,201.0,913.0,-19.0,3.0,-4.0,-12.0,-32.0,19.7,41388.0,210299.0,48447.0,4999.0,1995.0,3004.0,7.516644474034617,2020,9,2020-09,0.0,0.0,,0.0,0.0,0.0,0.0,0.0,0,control,0,0,-0.6687565308254964,18.411703239289444,19.080459770114942,0.0,0.0
충주시,2020-10-01,12337.0,12013.0,10509.0,12935.0,47794.0,158.0,280.0,191.0,150.0,779.0,193.0,255.0,198.0,177.0,823.0,-35.0,25.0,-7.0,-27.0,-44.0,19.8,41525.0,210246.0,49209.0,2307.0,1460.0,847.0,8.106504975944118,2020,10,2020-10,0.0,0.0,,0.0,0.0,0.0,0.0,0.0,0,control,0,0,-0.9206176507511403,16.299117043980416,17.219734694731557,0.0,0.0
충주시,2020-11-01,12332.0,12022.0,10556.0,12865.0,47775.0,203.0,277.0,243.0,224.0,947.0,214.0,286.0,219.0,212.0,931.0,-11.0,-9.0,24.0,12.0,16.0,19.8,41679.0,210313.0,49720.0,2255.0,1727.0,528.0,8.289410637278394,2020,11,2020-11,0.0,0.0,,0.0,0.0,0.0,0.0,0.0,0,control,0,0,0.3349031920460492,19.822082679225538,19.487179487179485,0.0,0.0
충주시,2020-12-01,12300.0,12105.0,10499.0,12838.0,47742.0,288.0,357.0,247.0,235.0,1127.0,310.0,350.0,244.0,252.0,1156.0,-22.0,7.0,3.0,-17.0,-29.0,19.9,41852.0,210186.0,45665.0,1722.0,5752.0,-4030.0,1.6019579486038493,2020,12,2020-12,0.0,0.0,,0.0,0.0,0.0,0.0,0.0,0,control,0,0,-0.6074316115789032,23.60604918101462,24.213480792593522,0.0,0.0
충주시,2021-01-01,12265.0,12046.0,10520.0,12787.0,47618.0,287.0,317.0,227.0,247.0,1078.0,323.0,342.0,248.0,261.0,1174.0,-36.0,-25.0,-21.0,-14.0,-96.0,20.0,42075.0,210139.0,47567.0,5480.0,3581.0,1899.0,9.95607951918631,2021,1,2021-01,0.0,0.0,,0.0,0.0,0.0,0.0,0.0,0,control,0,0,-2.0160443529757655,22.638498046957032,24.654542399932797,0.0,0.0
충주시,2021-02-01,12232.0,12031.0,10471.0,12721.0,47455.0,317.0,325.0,222.0,209.0,1073.0,324.0,351.0,234.0,240.0,1149.0,-7.0,-26.0,-12.0,-31.0,-76.0,20.1,42253.0,210058.0,47925.0,1992.0,1590.0,402.0,4.509671369692736,2021,2,2021-02,0.0,0.0,,0.0,0.0,0.0,0.0,0.0,0,control,0,0,-1.6015172268464861,22.610894531661575,24.21241175850806,0.0,0.0
충주시,2021-03-01,12147.0,12061.0,10482.0,12607.0,47297.0,288.0,401.0,249.0,234.0,1172.0,385.0,410.0,233.0,230.0,1258.0,-97.0,-9.0,16.0,4.0,-86.0,20.2,42341.0,209443.0,48414.0,3195.0,2634.0,561.0,5.350886737025351,2021,3,2021-03,0.0,0.0,,0.0,0.0,0.0,0.0,0.0,0,control,0,0,-1.8182971435820454,24.77958432881578,26.597881472397827,0.0,0.0
충주시,2021-04-01,12119.0,12039.0,10551.0,12556.0,47265.0,190.0,310.0,229.0,206.0,935.0,219.0,309.0,223.0,199.0,950.0,-29.0,1.0,6.0,7.0,-15.0,20.3,42526.0,209434.0,48872.0,2530.0,1971.0,559.0,6.359085963003275,2021,4,2021-04,0.0,0.0,,0.0,0.0,0.0,0.0,0.0,0,control,0,0,-0.317359568390987,19.78207976303819,20.099439331429174,0.0,0.0
충주시,2021-05-01,12095.0,12004.0,10576.0,12538.0,47213.0,159.0,253.0,180.0,152.0,744.0,194.0,253.0,188.0,139.0,774.0,-35.0,0.0,-8.0,13.0,-30.0,20.4,42706.0,209483.0,46857.0,1982.0,3940.0,-1958.0,5.1336130494289645,2021,5,2021-05,0.0,0.0,,0.0,0.0,0.0,0.0,0.0,0,control,0,0,-0.6354182110859298,15.758371634931057,16.393789846016986,0.0,0.0
충주시,2021-06-01,12055.0,12003.0,10647.0,12494.0,47199.0,225.0,278.0,192.0,176.0,871.0,231.0,272.0,159.0,144.0,806.0,-6.0,6.0,33.0,32.0,65.0,20.4,42810.0,209638.0,48701.0,4040.0,2137.0,1903.0,8.637266055455184,2021,6,2021-06,0.0,0.0,,0.0,0.0,0.0,0.0,0.0,0,control,0,0,1.3771478209284096,18.453780800440686,17.07663297951228,0.0,0.0
충주시,2021-07-01,12029.0,12028.0,10651.0,12408.0,47116.0,203.0,302.0,163.0,137.0,805.0,226.0,288.0,203.0,145.0,862.0,-23.0,14.0,-40.0,-8.0,-57.0,20.5,42964.0,209602.0,48908.0,2521.0,2255.0,266.0,9.225718560868312,2021,7,2021-07,0.0,0.0,,0.0,0.0,0.0,0.0,0.0,0,control,0,0,-1.2097801171576534,17.08549112827914,18.295271245436794,0.0,0.0
충주시,2021-08-01,11927.0,12014.0,10689.0,12381.0,47011.0,230.0,295.0,244.0,209.0,978.0,269.0,325.0,230.0,183.0,1007.0,-39.0,-30.0,14.0,26.0,-29.0,20.6,43108.0,209546.0,49244.0,1942.0,1637.0,305.0,8.502809298226289,2021,8,2021-08,0.0,0.0,,0.0,0.0,0.0,0.0,0.0,0,control,0,0,-0.6168769011507945,20.80364170087852,21.42051860202931,0.0,0.0
충주시,2021-09-01,11846.0,11974.0,10694.0,12317.0,46831.0,286.0,318.0,239.0,195.0,1038.0,338.0,356.0,272.0,186.0,1152.0,-52.0,-38.0,-33.0,9.0,-114.0,20.7,43282.0,209438.0,47772.0,2200.0,3635.0,-1435.0,-1.3932751253947662,2021,9,2021-09,0.0,0.0,,0.0,0.0,0.0,0.0,0.0,0,control,0,0,-2.43428498216993,22.164805363968313,24.59909034613824,0.0,0.0
충주시,2021-10-01,11769.0,12022.0,10681.0,12274.0,46746.0,211.0,412.0,425.0,287.0,1335.0,248.0,421.0,411.0,266.0,1346.0,-37.0,-9.0,14.0,21.0,-11.0,20.8,43499.0,209499.0,49957.0,4264.0,1999.0,2265.0,1.520047145847303,2021,10,2021-10,0.0,0.0,,0.0,0.0,0.0,0.0,0.0,0,control,0,0,-0.23531425148675822,28.558593248620202,28.79390750010696,0.0,0.0
충주시,2021-11-01,11718.0,11998.0,10702.0,12178.0,46596.0,183.0,285.0,243.0,208.0,919.0,212.0,305.0,245.0,213.0,975.0,-29.0,-20.0,-2.0,-5.0,-56.0,20.8,43673.0,209484.0,50149.0,2015.0,1768.0,247.0,0.862831858407076,2021,11,2021-11,0.0,0.0,,0.0,0.0,0.0,0.0,0.0,0,control,0,0,-1.2018198987037514,19.72272298051335,20.9245428792171,0.0,0.0
충주시,2021-12-01,11675.0,11938.0,10708.0,12129.0,46450.0,253.0,348.0,266.0,230.0,1097.0,304.0,376.0,276.0,220.0,1176.0,-51.0,-28.0,-10.0,10.0,-79.0,20.9,43795.0,209358.0,49174.0,1732.0,2779.0,-1047.0,7.684222051899714,2021,12,2021-12,0.0,0.0,,0.0,0.0,0.0,0.0,0.0,0,control,0,0,-1.7007534983853605,23.616792249730892,25.317545748116252,0.0,0.0
충주시,2022-01-01,11643.0,11883.0,10723.0,12010.0,46259.0,262.0,270.0,202.0,162.0,896.0,274.0,284.0,198.0,177.0,933.0,-12.0,-14.0,4.0,-15.0,-37.0,21.0,44063.0,209368.0,49568.0,5960.0,5494.0,466.0,4.206697920827462,2022,1,2022-01,0.0,0.0,,0.0,0.0,0.0,0.0,0.0,0,control,1,0,-0.7998443546120755,19.369203830605937,20.16904818521801,0.0,0.0
충주시,2022-02-01,11504.0,11803.0,10707.0,11910.0,45924.0,332.0,352.0,239.0,200.0,1123.0,407.0,396.0,268.0,202.0,1273.0,-75.0,-44.0,-29.0,-2.0,-150.0,21.2,44270.0,209159.0,52420.0,2095.0,1873.0,222.0,9.379238393322908,2022,2,2022-02,0.0,0.0,,0.0,0.0,0.0,0.0,0.0,0,control,1,0,-3.266266004703423,24.45344482187963,27.71971082658305,0.0,0.0
충주시,2022-03-01,11387.0,11839.0,10727.0,11852.0,45805.0,289.0,371.0,258.0,187.0,1105.0,378.0,364.0,240.0,180.0,1162.0,-89.0,7.0,18.0,7.0,-57.0,21.3,44483.0,208946.0,52805.0,3249.0,2803.0,446.0,9.069690585367862,2022,3,2022-03,0.0,0.0,,0.0,0.0,0.0,0.0,0.0,0,control,1,0,-1.2444056325728632,24.124003929702,25.36840956227486,0.0,0.0
충주시,2022-04-01,11318.0,11869.0,10727.0,11823.0,45737.0,205.0,289.0,174.0,151.0,819.0,210.0,297.0,190.0,143.0,840.0,-5.0,-8.0,-16.0,8.0,-21.0,21.4,44610.0,208865.0,53358.0,3273.0,2376.0,897.0,9.17908004583401,2022,4,2022-04,0.0,0.0,,0.0,0.0,0.0,0.0,0.0,0,control,1,0,-0.4591468614032403,17.90672759472637,18.36587445612961,0.0,0.0
충주시,2022-05-01,11234.0,11853.0,10755.0,11769.0,45611.0,185.0,272.0,234.0,144.0,835.0,229.0,290.0,234.0,164.0,917.0,-44.0,-18.0,0.0,-20.0,-82.0,21.4,44745.0,208744.0,53456.0,2190.0,2070.0,120.0,14.083274644130018,2022,5,2022-05,0.0,0.0,,0.0,0.0,0.0,0.0,0.0,0,control,1,0,-1.797811931332354,18.306987349542872,20.104799280875227,0.0,0.0
충주시,2022-06-01,11161.0,11829.0,10783.0,11768.0,45541.0,167.0,256.0,195.0,144.0,762.0,189.0,284.0,189.0,140.0,802.0,-22.0,-28.0,6.0,4.0,-40.0,21.5,44875.0,208728.0,55367.0,4031.0,2170.0,1861.0,13.687603950637573,2022,6,2022-06,0.0,0.0,,0.0,0.0,0.0,0.0,0.0,0,control,1,0,-0.8783294174480138,16.732175402384666,17.610504819832677,0.0,0.0
충주시,2022-07-01,11113.0,11802.0,10823.0,11639.0,45377.0,185.0,235.0,173.0,117.0,710.0,205.0,231.0,183.0,135.0,754.0,-20.0,4.0,-10.0,-18.0,-44.0,21.6,45022.0,208725.0,53214.0,2351.0,4411.0,-2060.0,8.804285597448281,2022,7,2022-07,0.0,0.0,,0.0,0.0,0.0,0.0,0.0,0,control,1,0,-0.9696542301165789,15.646693258699342,16.61634748881592,0.0,0.0
충주시,2022-08-01,11038.0,11773.0,10860.0,11577.0,45248.0,214.0,282.0,208.0,117.0,821.0,279.0,281.0,200.0,121.0,881.0,-65.0,1.0,8.0,-4.0,-60.0,21.7,45299.0,208604.0,53382.0,2046.0,1779.0,267.0,8.40305417918934,2022,8,2022-08,0.0,0.0,,0.0,0.0,0.0,0.0,0.0,0,control,1,0,-1.3260254596888261,18.14444837340877,19.470473833097596,0.0,0.0
충주시,2022-09-01,10952.0,11753.0,10910.0,11544.0,45159.0,206.0,294.0,241.0,157.0,898.0,227.0,291.0,236.0,145.0,899.0,-21.0,3.0,5.0,12.0,-1.0,21.8,45453.0,208487.0,53338.0,2083.0,2081.0,2.0,11.651176421334664,2022,9,2022-09,0.0,0.0,,0.0,0.0,0.0,0.0,0.0,0,control,1,0,-0.022143980158993777,19.885294182776413,19.907438162935406,0.0,0.0
충주시,2022-10-01,10953.0,11699.0,10958.0,11499.0,45109.0,162.0,249.0,159.0,158.0,728.0,177.0,253.0,174.0,135.0,739.0,-15.0,-4.0,-15.0,23.0,-11.0,21.9,45585.0,208415.0,53645.0,2162.0,1741.0,421.0,7.382348819985185,2022,10,2022-10,0.0,0.0,,0.0,0.0,0.0,0.0,0.0,0,control,1,0,-0.24385377640825556,16.138686293200912,16.38254006960917,0.0,0.0
충주시,2022-11-01,10911.0,11702.0,11029.0,11415.0,45057.0,170.0,218.0,189.0,145.0,722.0,192.0,213.0,170.0,151.0,726.0,-22.0,5.0,19.0,-6.0,-4.0,21.9,45731.0,208346.0,51736.0,2238.0,4084.0,-1846.0,3.164569582643728,2022,11,2022-11,0.0,0.0,,0.0,0.0,0.0,0.0,0.0,0,control,1,0,-0.08877643873316023,16.02414719133542,16.11292363006858,0.0,0.0
충주시,2022-12-01,10818.0,11653.0,11074.0,11323.0,44868.0,219.0,287.0,189.0,116.0,811.0,235.0,328.0,191.0,120.0,874.0,-16.0,-41.0,-2.0,-4.0,-63.0,22.1,45952.0,208277.0,51502.0,4381.0,4616.0,-235.0,4.734209134908696,2022,12,2022-12,0.0,0.0,,0.0,0.0,0.0,0.0,0.0,0,control,1,0,-1.40411874832843,18.07524293483106,19.47936168315949,0.0,0.0
충주시,2023-01-01,10773.0,11633.0,11048.0,11266.0,44720.0,307.0,450.0,327.0,215.0,1299.0,316.0,468.0,332.0,219.0,1335.0,-9.0,-18.0,-5.0,-4.0,-36.0,22.2,46171.0,208149.0,51636.0,3778.0,3513.0,265.0,4.172046481601033,2023,1,2023-01,0.0,0.0,,0.0,0.0,0.0,0.0,0.0,0,control,1,0,-0.8050089445438283,29.047406082289804,29.852415026833633,0.0,0.0
충주시,2023-02-01,10714.0,11572.0,11066.0,11216.0,44568.0,393.0,437.0,384.0,276.0,1490.0,402.0,472.0,363.0,282.0,1519.0,-9.0,-35.0,21.0,-6.0,-29.0,22.3,46420.0,208046.0,52881.0,2991.0,1875.0,1116.0,0.879435330026701,2023,2,2023-02,0.0,0.0,,0.0,0.0,0.0,0.0,0.0,0,control,1,0,-0.6506910788009334,33.43205887632382,34.082749955124754,0.0,0.0
충주시,2023-03-01,10657.0,11535.0,11098.0,11198.0,44488.0,382.0,361.0,237.0,175.0,1155.0,380.0,407.0,219.0,163.0,1169.0,2.0,-46.0,18.0,12.0,-14.0,22.4,46675.0,208001.0,53751.0,3660.0,2743.0,917.0,1.7914970173279032,2023,3,2023-03,0.0,0.0,,0.0,0.0,0.0,0.0,0.0,0,control,1,0,-0.3146916022298148,25.96205718395972,26.276748786189533,0.0,0.0
충주시,2023-04-01,10632.0,11501.0,11178.0,11125.0,44436.0,197.0,227.0,187.0,115.0,726.0,191.0,245.0,174.0,117.0,727.0,6.0,-18.0,13.0,-2.0,-1.0,22.5,46834.0,207993.0,54355.0,2518.0,1858.0,660.0,1.8685108137486361,2023,4,2023-04,0.0,0.0,,0.0,0.0,0.0,0.0,0.0,0,control,1,0,-0.022504275812404356,16.338104239805563,16.36060851561797,0.0,0.0
충주시,2023-05-01,10625.0,11520.0,11184.0,11089.0,44418.0,221.0,276.0,199.0,136.0,832.0,215.0,257.0,205.0,122.0,799.0,6.0,19.0,-6.0,14.0,33.0,22.6,46955.0,207974.0,54317.0,2141.0,2119.0,22.0,1.6106704579467168,2023,5,2023-05,0.0,0.0,,0.0,0.0,0.0,0.0,0.0,0,control,1,0,0.7429420505200595,18.731145031293618,17.98820298077356,0.0,0.0
충주시,2023-06-01,10583.0,11476.0,11245.0,11060.0,44364.0,192.0,233.0,184.0,119.0,728.0,185.0,255.0,187.0,102.0,729.0,7.0,-22.0,-3.0,17.0,-1.0,22.6,47046.0,207893.0,54134.0,4053.0,4148.0,-95.0,-2.2269582964581813,2023,6,2023-06,0.0,0.0,,0.0,0.0,0.0,0.0,0.0,0,control,1,0,-0.0225407988459111,16.40970155982328,16.432242358669193,0.0,0.0
충주시,2023-07-01,10559.0,11528.0,11294.0,11043.0,44424.0,194.0,264.0,156.0,116.0,730.0,168.0,218.0,138.0,105.0,629.0,26.0,46.0,18.0,11.0,101.0,22.7,47179.0,207950.0,54403.0,2750.0,2635.0,115.0,2.234374412748519,2023,7,2023-07,0.0,0.0,,0.0,0.0,0.0,0.0,0.0,0,control,1,0,2.273545831082298,16.432558977129478,14.159013146047181,0.0,0.0
충주시,2023-08-01,10526.0,11522.0,11351.0,11022.0,44421.0,210.0,270.0,204.0,133.0,817.0,218.0,246.0,184.0,121.0,769.0,-8.0,24.0,20.0,12.0,48.0,22.8,47349.0,207998.0,54354.0,1950.0,1925.0,25.0,1.8208384848825476,2023,8,2023-08,0.0,0.0,,0.0,0.0,0.0,0.0,0.0,0,control,1,0,1.0805700006753562,18.392201886495126,17.31163188581977,0.0,0.0
충주시,2023-09-01,10451.0,11525.0,11355.0,10996.0,44327.0,143.0,193.0,151.0,117.0,604.0,161.0,210.0,158.0,104.0,633.0,-18.0,-17.0,-7.0,13.0,-29.0,22.9,47568.0,207943.0,54631.0,2269.0,1934.0,335.0,2.424162885747494,2023,9,2023-09,0.0,0.0,,0.0,0.0,0.0,0.0,0.0,0,control,1,0,-0.6542287996029508,13.626006722764906,14.280235522367857,0.0,0.0
충주시,2023-10-01,10430.0,11532.0,11347.0,10976.0,44285.0,167.0,226.0,246.0,148.0,787.0,165.0,235.0,254.0,141.0,795.0,2.0,-9.0,-8.0,7.0,-8.0,23.0,47726.0,207892.0,54854.0,1932.0,1655.0,277.0,2.253704911920962,2023,10,2023-10,0.0,0.0,,0.0,0.0,0.0,0.0,0.0,0,control,1,0,-0.1806480749689511,17.771254375070566,17.951902450039515,0.0,0.0
충주시,2023-11-01,10368.0,11529.0,11384.0,10997.0,44278.0,183.0,269.0,288.0,188.0,928.0,183.0,261.0,255.0,168.0,867.0,0.0,8.0,33.0,20.0,61.0,23.0,47838.0,207839.0,55062.0,1965.0,1782.0,183.0,6.4287923302922545,2023,11,2023-11,0.0,0.0,,0.0,0.0,0.0,0.0,0.0,0,control,1,0,1.3776593342066037,20.95848954333981,19.580830209133204,0.0,0.0
충주시,2023-12-01,10279.0,11494.0,11441.0,10982.0,44196.0,203.0,264.0,273.0,195.0,935.0,241.0,293.0,250.0,160.0,944.0,-38.0,-29.0,23.0,35.0,-9.0,23.1,48022.0,207778.0,53735.0,1596.0,2875.0,-1279.0,4.3357539513028565,2023,12,2023-12,0.0,0.0,,0.0,0.0,0.0,0.0,0.0,0,control,1,0,-0.20363833831115938,21.155760702326003,21.35939904063716,0.0,0.0
충주시,2024-01-01,10177.0,11449.0,11491.0,10894.0,44011.0,283.0,345.0,283.0,160.0,1071.0,345.0,359.0,258.0,189.0,1151.0,-62.0,-14.0,25.0,-29.0,-80.0,23.2,48259.0,207761.0,54041.0,5971.0,5575.0,396.0,4.6576032225579045,2024,1,2024-01,0.0,0.0,,0.0,0.0,0.0,0.0,0.0,0,control,1,0,-1.8177273863352343,24.33482538456295,26.152552770898186,0.0,0.0
충주시,2024-02-01,10128.0,11414.0,11456.0,10836.0,43834.0,371.0,347.0,242.0,157.0,1117.0,389.0,359.0,267.0,160.0,1175.0,-18.0,-12.0,-25.0,-3.0,-58.0,23.4,48494.0,207668.0,54716.0,2802.0,2155.0,647.0,3.470055407424222,2024,2,2024-02,0.0,0.0,,0.0,0.0,0.0,0.0,0.0,0,control,1,0,-1.3231737920335813,25.48250216726742,26.805675959301,0.0,0.0
충주시,2024-03-01,10106.0,11430.0,11508.0,10776.0,43820.0,391.0,352.0,239.0,142.0,1124.0,381.0,322.0,248.0,140.0,1091.0,10.0,30.0,-9.0,2.0,33.0,23.5,48755.0,207550.0,54978.0,2882.0,2559.0,323.0,2.282748227939946,2024,3,2024-03,0.0,0.0,,0.0,0.0,0.0,0.0,0.0,0,control,1,0,0.7530807850296668,25.65038795070744,24.897307165677773,0.0,0.0
충주시,2024-04-01,10117.0,11422.0,11572.0,10770.0,43881.0,286.0,280.0,241.0,168.0,975.0,236.0,278.0,226.0,135.0,875.0,50.0,2.0,15.0,33.0,100.0,23.6,48963.0,207568.0,55698.0,2543.0,1799.0,744.0,2.4707938552111175,2024,4,2024-04,0.0,0.0,,0.0,0.0,0.0,0.0,0.0,0,control,1,0,2.2788906360383767,22.21918370137417,19.940293065335794,0.0,0.0
충주시,2024-05-01,10139.0,11399.0,11578.0,10749.0,43865.0,282.0,265.0,216.0,127.0,890.0,215.0,285.0,245.0,116.0,861.0,67.0,-20.0,-29.0,11.0,29.0,23.7,49107.0,207496.0,55832.0,1941.0,1842.0,99.0,2.7891820240440346,2024,5,2024-05,0.0,0.0,,0.0,0.0,0.0,0.0,0.0,0,control,1,0,0.6611193434401003,20.289524677989284,19.628405334549186,0.0,0.0
충주시,2024-06-01,10088.0,11413.0,11632.0,10688.0,43821.0,187.0,224.0,161.0,110.0,682.0,187.0,213.0,158.0,124.0,682.0,0.0,11.0,3.0,-14.0,0.0,23.8,49279.0,207468.0,55685.0,1726.0,1827.0,-101.0,2.8651124986145415,2024,6,2024-06,0.0,0.0,,0.0,0.0,0.0,0.0,0.0,0,control,1,0,0.0,15.563314392642797,15.563314392642797,0.0,0.0
충주시,2024-07-01,10009.0,11413.0,11646.0,10627.0,43695.0,206.0,248.0,208.0,125.0,787.0,236.0,265.0,223.0,138.0,862.0,-30.0,-17.0,-15.0,-13.0,-75.0,23.8,49417.0,207346.0,53866.0,2542.0,4295.0,-1753.0,-0.9870779184971368,2024,7,2024-07,0.0,0.0,,0.0,0.0,0.0,0.0,0.0,0,control,1,0,-1.7164435290078957,18.011214097722853,19.727657626730746,0.0,0.0
충주시,2024-08-01,9979.0,11381.0,11618.0,10636.0,43614.0,200.0,225.0,167.0,122.0,714.0,203.0,232.0,189.0,122.0,746.0,-3.0,-7.0,-22.0,0.0,-32.0,23.9,49568.0,207209.0,56059.0,3811.0,1649.0,2162.0,3.136843654560839,2024,8,2024-08,0.0,0.0,,0.0,0.0,0.0,0.0,0.0,0,control,1,0,-0.7337093593800156,16.370890081166596,17.104599440546615,0.0,0.0
충주시,2024-09-01,9962.0,11353.0,11662.0,10682.0,43659.0,213.0,262.0,266.0,177.0,918.0,201.0,266.0,238.0,147.0,852.0,12.0,-4.0,28.0,30.0,66.0,24.0,49758.0,207369.0,55875.0,1680.0,1804.0,-124.0,2.2770954220131534,2024,9,2024-09,0.0,0.0,,0.0,0.0,0.0,0.0,0.0,0,control,1,0,1.5117157974300832,21.026592455163883,19.5148766577338,0.0,0.0
충주시,2024-10-01,9938.0,11339.0,11670.0,10652.0,43599.0,177.0,238.0,208.0,143.0,766.0,191.0,239.0,210.0,138.0,778.0,-14.0,-1.0,-2.0,5.0,-12.0,24.1,49964.0,207318.0,56125.0,2016.0,1683.0,333.0,2.317059831552859,2024,10,2024-10,0.0,0.0,,0.0,0.0,0.0,0.0,0.0,0,control,1,0,-0.2752356705429024,17.5692103029886,17.844445973531503,0.0,0.0
충주시,2024-11-01,9856.0,11298.0,11704.0,10668.0,43526.0,164.0,226.0,225.0,131.0,746.0,198.0,243.0,227.0,122.0,790.0,-34.0,-17.0,-2.0,9.0,-44.0,24.2,50232.0,207324.0,56101.0,2059.0,1926.0,133.0,1.8869637862772848,2024,11,2024-11,0.0,0.0,,0.0,0.0,0.0,0.0,0.0,0,control,1,0,-1.0108900427330791,17.139181179065385,18.150071221798466,0.0,0.0
충주시,2024-12-01,9751.0,11281.0,11734.0,10658.0,43424.0,233.0,263.0,225.0,138.0,859.0,287.0,286.0,214.0,131.0,918.0,-54.0,-23.0,11.0,7.0,-59.0,24.4,50480.0,207241.0,54403.0,1531.0,3220.0,-1689.0,1.2431376198008826,2024,12,2024-12,0.0,0.0,,0.0,0.0,0.0,0.0,0.0,0,control,1,0,-1.358695652173913,19.78168754605748,21.140383198231394,0.0,0.0
